Step,Polarization,Revenue,Churn_Rate,Avg_Frustration,Active_Users,Run,Bridge
0,0.7098965264320468,80.0,0.0,0.0,200,0,False
1,0.7966721280646241,80.0,0.0,0.51,200,0,False
2,0.8666136586465616,80.0,0.0,0.78,200,0,False
3,0.8995188382544638,80.0,0.0,1.075,200,0,False
4,0.9261817677094725,80.0,0.0,1.255,200,0,False
5,0.9554166133742875,80.0,0.0,1.575,200,0,False
6,0.965029122281449,80.0,0.0,1.685,200,0,False
7,0.9746387880310831,80.0,0.0,1.93,200,0,False
8,0.9832930077433769,80.0,0.0,2.195,200,0,False
9,0.9853238316933474,80.0,0.0,2.385,200,0,False
10,0.9881142721215566,80.0,0.0,2.545,200,0,False
11,0.9934364092118109,80.0,0.0,2.805,200,0,False
12,0.994780961639136,80.0,0.0,3.025,200,0,False
13,0.9931121466578999,80.0,0.0,3.265,200,0,False
14,0.9934565312677802,80.0,0.0,3.435,200,0,False
15,0.9952275613705965,80.0,0.0,3.665,200,0,False
16,0.9969381518071133,77.2,0.035,3.38860103626943,193,0,False
17,0.9944426287721757,77.2,0.035,3.564766839378238,193,0,False
18,0.9885665210784209,76.80000000000001,0.04,3.6927083333333335,192,0,False
19,0.9897810886534657,76.80000000000001,0.04,3.90625,192,0,False
20,0.9955483285287202,76.0,0.05,4.036842105263158,190,0,False
21,0.9939459277946845,75.60000000000001,0.055,4.116402116402116,189,0,False
22,0.9912120709938723,73.60000000000001,0.08,3.9130434782608696,184,0,False
23,0.9895464786015316,73.60000000000001,0.08,4.086956521739131,184,0,False
24,0.9918520551960524,72.8,0.09,4.137362637362638,182,0,False
25,0.9948168230853589,72.4,0.095,4.077348066298343,181,0,False
26,0.9953804007418458,72.0,0.1,4.194444444444445,180,0,False
27,0.9937974705655815,72.0,0.1,4.333333333333333,180,0,False
28,0.9875257633890768,71.2,0.11,4.241573033707865,178,0,False
29,0.9874359230531008,70.8,0.115,4.2824858757062145,177,0,False
30,0.9889825503030709,68.4,0.145,4.0,171,0,False
31,0.989073801554105,68.0,0.15,3.8117647058823527,170,0,False
32,0.9901637269992852,68.0,0.15,3.876470588235294,170,0,False
33,0.9862287020519069,67.60000000000001,0.155,3.834319526627219,169,0,False
34,0.9903768570932107,66.8,0.165,3.81437125748503,167,0,False
35,0.9877763317574184,66.0,0.175,3.7636363636363637,165,0,False
36,0.9863936261755152,64.8,0.19,3.617283950617284,162,0,False
37,0.9913131044026589,64.0,0.2,3.56875,160,0,False
38,0.9939218124771128,63.2,0.21,3.5949367088607596,158,0,False
39,0.9940009817559224,62.800000000000004,0.215,3.554140127388535,157,0,False
40,0.9940681467200478,62.800000000000004,0.215,3.605095541401274,157,0,False
41,0.9941662475184503,61.6,0.23,3.4740259740259742,154,0,False
42,0.9930300365936516,60.400000000000006,0.245,3.3311258278145695,151,0,False
43,0.988217447516534,60.400000000000006,0.245,3.357615894039735,151,0,False
44,0.9928601417241397,60.0,0.25,3.4,150,0,False
45,0.9937518574328648,59.6,0.255,3.2751677852348995,149,0,False
46,0.9974526744242539,58.800000000000004,0.265,2.993197278911565,147,0,False
47,0.9980362147263115,58.800000000000004,0.265,3.020408163265306,147,0,False
48,0.9956219759789792,58.0,0.275,2.9379310344827587,145,0,False
49,0.9926386669267683,58.0,0.275,2.9448275862068964,145,0,False
50,0.9968163834845271,58.0,0.275,2.9655172413793105,145,0,False
51,0.9948178849744705,58.0,0.275,3.013793103448276,145,0,False
52,0.9893469624304488,57.6,0.28,2.923611111111111,144,0,False
53,0.9865240385055817,57.2,0.285,2.958041958041958,143,0,False
54,0.9914924232237193,56.800000000000004,0.29,2.8732394366197185,142,0,False
55,0.9939999919292749,56.400000000000006,0.295,2.8368794326241136,141,0,False
56,0.989980247101607,56.400000000000006,0.295,2.9645390070921986,141,0,False
57,0.9921926251258809,55.6,0.305,2.6906474820143886,139,0,False
58,0.9962455531906431,54.800000000000004,0.315,2.4817518248175183,137,0,False
59,0.9928317787734257,54.800000000000004,0.315,2.5255474452554743,137,0,False
60,0.9931770714053484,54.800000000000004,0.315,2.5693430656934306,137,0,False
61,0.9897861923772521,54.400000000000006,0.32,2.6323529411764706,136,0,False
62,0.9845892062493097,54.0,0.325,2.5703703703703704,135,0,False
63,0.9810834409182495,54.0,0.325,2.4444444444444446,135,0,False
64,0.9839354911670076,54.0,0.325,2.525925925925926,135,0,False
65,0.9841582020909087,53.6,0.33,2.3358208955223883,134,0,False
66,0.9901835622913905,53.2,0.335,2.300751879699248,133,0,False
67,0.9874186570490225,53.2,0.335,2.338345864661654,133,0,False
68,0.9892412946314756,52.800000000000004,0.34,2.287878787878788,132,0,False
69,0.9859927543344464,52.800000000000004,0.34,2.3257575757575757,132,0,False
70,0.9912733915774862,52.800000000000004,0.34,2.3257575757575757,132,0,False
71,0.9919346643327878,52.800000000000004,0.34,2.234848484848485,132,0,False
72,0.9960603106831801,52.800000000000004,0.34,2.2954545454545454,132,0,False
73,0.9961505203024583,52.800000000000004,0.34,2.25,132,0,False
74,0.9939507158240539,52.800000000000004,0.34,2.2954545454545454,132,0,False
75,0.9904405328819638,52.400000000000006,0.345,2.0916030534351147,131,0,False
76,0.9928670838168069,51.6,0.355,1.937984496124031,129,0,False
77,0.9920728342710174,51.6,0.355,2.0310077519379846,129,0,False
78,0.9885255456149682,51.6,0.355,2.10077519379845,129,0,False
79,0.9855231970820699,51.6,0.355,2.124031007751938,129,0,False
80,0.9929241664674718,51.6,0.355,2.116279069767442,129,0,False
81,0.9900708911798515,51.6,0.355,2.0775193798449614,129,0,False
82,0.9768501210535266,51.6,0.355,2.1782945736434107,129,0,False
83,0.9797782321567292,51.6,0.355,2.1550387596899223,129,0,False
84,0.9851896672575468,51.6,0.355,2.0930232558139537,129,0,False
85,0.9857588151811643,51.6,0.355,2.131782945736434,129,0,False
86,0.9923857855945218,51.6,0.355,2.131782945736434,129,0,False
87,0.9862124039787753,51.6,0.355,2.116279069767442,129,0,False
88,0.9905501983136361,51.6,0.355,2.201550387596899,129,0,False
89,0.9851803737560868,51.2,0.36,2.15625,128,0,False
90,0.988621756716055,51.2,0.36,2.203125,128,0,False
91,0.9925272794663477,50.800000000000004,0.365,2.1968503937007875,127,0,False
92,0.9872807783116968,50.0,0.375,2.04,125,0,False
93,0.9891922133464778,50.0,0.375,2.048,125,0,False
94,0.9906554508079947,50.0,0.375,2.12,125,0,False
95,0.9907760885695328,48.800000000000004,0.39,1.7540983606557377,122,0,False
96,0.9814455453414341,48.800000000000004,0.39,1.7377049180327868,122,0,False
97,0.9859924148985566,48.400000000000006,0.395,1.5702479338842976,121,0,False
98,0.9891879591681758,48.400000000000006,0.395,1.5537190082644627,121,0,False
99,0.9945739445450223,48.400000000000006,0.395,1.578512396694215,121,0,False
100,0.9984638130590406,48.400000000000006,0.395,1.677685950413223,121,0,False
101,0.9996476465392299,48.400000000000006,0.395,1.56198347107438,121,0,False
102,0.994177032461429,48.400000000000006,0.395,1.7520661157024793,121,0,False
103,0.9911331385741665,48.0,0.4,1.55,120,0,False
104,0.9876873727349529,48.0,0.4,1.6,120,0,False
105,0.9838774006815196,47.6,0.405,1.596638655462185,119,0,False
106,0.9874133917896513,47.2,0.41,1.5423728813559323,118,0,False
107,0.9883963037261861,47.2,0.41,1.6101694915254237,118,0,False
108,0.984021835712161,47.2,0.41,1.6271186440677967,118,0,False
109,0.9848670993038751,47.2,0.41,1.6101694915254237,118,0,False
110,0.9831820311047685,47.2,0.41,1.6101694915254237,118,0,False
111,0.9832537412782538,47.2,0.41,1.6779661016949152,118,0,False
112,0.9817795789056233,47.2,0.41,1.6694915254237288,118,0,False
113,0.9891456547685623,47.2,0.41,1.6440677966101696,118,0,False
114,0.9914721777688146,47.2,0.41,1.7033898305084745,118,0,False
115,0.9864188933796646,47.2,0.41,1.6355932203389831,118,0,False
116,0.9902124422434777,47.2,0.41,1.6779661016949152,118,0,False
117,0.9935902694027596,47.2,0.41,1.7372881355932204,118,0,False
118,0.9937542413123016,47.2,0.41,1.694915254237288,118,0,False
119,0.9974012644188722,47.2,0.41,1.6355932203389831,118,0,False
120,0.9990327514726516,47.2,0.41,1.771186440677966,118,0,False
121,0.9986644276066127,46.800000000000004,0.415,1.7606837606837606,117,0,False
122,0.9990843580321416,46.800000000000004,0.415,1.735042735042735,117,0,False
123,0.9951884017417765,46.400000000000006,0.42,1.6293103448275863,116,0,False
124,0.9954406986982548,46.400000000000006,0.42,1.6810344827586208,116,0,False
125,0.9971536252959188,46.400000000000006,0.42,1.6810344827586208,116,0,False
126,0.9974878797602524,46.0,0.425,1.5217391304347827,115,0,False
127,0.9984859771651812,46.0,0.425,1.5130434782608695,115,0,False
128,0.9993254421377595,46.0,0.425,1.4782608695652173,115,0,False
129,0.9955589901279039,46.0,0.425,1.4869565217391305,115,0,False
130,0.9955339890480094,46.0,0.425,1.5739130434782609,115,0,False
131,0.9970995650173538,46.0,0.425,1.5043478260869565,115,0,False
132,0.9989069650490148,46.0,0.425,1.5739130434782609,115,0,False
133,0.9990531922190727,46.0,0.425,1.5565217391304347,115,0,False
134,0.9955079473644037,46.0,0.425,1.6608695652173913,115,0,False
135,0.9953457562566848,45.6,0.43,1.5964912280701755,114,0,False
136,0.9970907164175942,45.6,0.43,1.5087719298245614,114,0,False
137,0.9926622727484821,45.6,0.43,1.5,114,0,False
138,0.9953855160920173,45.6,0.43,1.412280701754386,114,0,False
139,0.9939165678428313,45.6,0.43,1.3859649122807018,114,0,False
140,0.9930926088724051,45.6,0.43,1.3771929824561404,114,0,False
141,0.987404074695509,45.6,0.43,1.368421052631579,114,0,False
142,0.9910984659228939,45.6,0.43,1.4649122807017543,114,0,False
143,0.9871404772935687,45.6,0.43,1.5087719298245614,114,0,False
144,0.9860825064833302,45.6,0.43,1.543859649122807,114,0,False
145,0.9857053772651319,45.6,0.43,1.631578947368421,114,0,False
146,0.9888862870621944,45.6,0.43,1.5789473684210527,114,0,False
147,0.9926756378257364,45.2,0.435,1.407079646017699,113,0,False
148,0.9841552246813432,45.2,0.435,1.4336283185840708,113,0,False
149,0.98950069115833,45.2,0.435,1.415929203539823,113,0,False
150,0.9919975487524672,45.2,0.435,1.415929203539823,113,0,False
151,0.9924448122247003,45.2,0.435,1.5486725663716814,113,0,False
152,0.9947404623300649,45.2,0.435,1.4867256637168142,113,0,False
153,0.9889383854665955,45.2,0.435,1.4778761061946903,113,0,False
154,0.9939707614474756,44.800000000000004,0.44,1.3035714285714286,112,0,False
155,0.9979545874293224,44.800000000000004,0.44,1.2410714285714286,112,0,False
156,0.9985411690675182,44.800000000000004,0.44,1.3571428571428572,112,0,False
157,0.9985639779862668,44.800000000000004,0.44,1.4375,112,0,False
158,0.9943693070638033,44.800000000000004,0.44,1.5446428571428572,112,0,False
159,0.9882063929299427,44.800000000000004,0.44,1.5,112,0,False
160,0.9875209104242128,44.800000000000004,0.44,1.5,112,0,False
161,0.9874263737746148,44.800000000000004,0.44,1.4196428571428572,112,0,False
162,0.9875795280500651,44.800000000000004,0.44,1.375,112,0,False
163,0.9921507402723986,44.800000000000004,0.44,1.4285714285714286,112,0,False
164,0.994932497525859,44.800000000000004,0.44,1.375,112,0,False
165,0.9929107904525922,44.400000000000006,0.445,1.3153153153153154,111,0,False
166,0.9874534631072768,44.400000000000006,0.445,1.2252252252252251,111,0,False
167,0.9812988841207448,44.400000000000006,0.445,1.2882882882882882,111,0,False
168,0.982460305055769,44.400000000000006,0.445,1.2522522522522523,111,0,False
169,0.9787047802992895,44.400000000000006,0.445,1.4054054054054055,111,0,False
170,0.9665688000281171,44.400000000000006,0.445,1.4504504504504505,111,0,False
171,0.9612678373308491,44.400000000000006,0.445,1.4054054054054055,111,0,False
172,0.9726716290636155,44.400000000000006,0.445,1.4684684684684686,111,0,False
173,0.9776216047306456,44.400000000000006,0.445,1.4774774774774775,111,0,False
174,0.9794620360689191,44.400000000000006,0.445,1.4504504504504505,111,0,False
175,0.9815655430573944,44.0,0.45,1.3181818181818181,110,0,False
176,0.9865513848506552,44.0,0.45,1.2818181818181817,110,0,False
177,0.9875626643539137,44.0,0.45,1.2636363636363637,110,0,False
178,0.9867650612274882,44.0,0.45,1.2818181818181817,110,0,False
179,0.9875498971445223,44.0,0.45,1.2545454545454546,110,0,False
180,0.978752514289436,43.6,0.455,1.1192660550458715,109,0,False
181,0.975060980176871,43.6,0.455,1.1559633027522935,109,0,False
182,0.9827403805271396,43.6,0.455,1.1743119266055047,109,0,False
183,0.9860549030957495,43.6,0.455,1.1926605504587156,109,0,False
184,0.9880770013846574,43.6,0.455,1.0825688073394495,109,0,False
185,0.9839345418918685,43.6,0.455,1.110091743119266,109,0,False
186,0.9873749504804167,43.6,0.455,1.128440366972477,109,0,False
187,0.9913293798999,43.6,0.455,1.18348623853211,109,0,False
188,0.9862206103798765,43.6,0.455,1.2568807339449541,109,0,False
189,0.9870995990767552,43.6,0.455,1.238532110091743,109,0,False
190,0.9887675301493495,43.6,0.455,1.1376146788990826,109,0,False
191,0.9870949023460565,43.6,0.455,1.128440366972477,109,0,False
192,0.9881708570488694,43.6,0.455,1.091743119266055,109,0,False
193,0.9850152850477729,43.6,0.455,1.1192660550458715,109,0,False
194,0.9869128333913222,43.6,0.455,1.1559633027522935,109,0,False
195,0.9869229989817253,43.6,0.455,1.1009174311926606,109,0,False
196,0.989113576022132,43.6,0.455,1.055045871559633,109,0,False
197,0.9883280132833395,43.6,0.455,1.201834862385321,109,0,False
198,0.9882487665994155,43.6,0.455,1.1926605504587156,109,0,False
199,0.9895393034663329,43.6,0.455,1.1376146788990826,109,0,False
200,0.9887268328900922,43.6,0.455,1.1559633027522935,109,0,False
0,0.7348305210757876,80.0,0.0,0.0,200,1,False
1,0.8159385095764115,80.0,0.0,0.455,200,1,False
2,0.873347443956581,80.0,0.0,0.745,200,1,False
3,0.9114201251610876,80.0,0.0,0.98,200,1,False
4,0.9468208086125278,80.0,0.0,1.24,200,1,False
5,0.965699929690378,80.0,0.0,1.505,200,1,False
6,0.9708979219809971,80.0,0.0,1.685,200,1,False
7,0.9811782848398197,80.0,0.0,2.03,200,1,False
8,0.9845805328438636,80.0,0.0,2.365,200,1,False
9,0.9942684691393303,80.0,0.0,2.585,200,1,False
10,0.9980817716186139,80.0,0.0,2.815,200,1,False
11,0.9965083583094777,80.0,0.0,3.07,200,1,False
12,0.9966175692709368,80.0,0.0,3.325,200,1,False
13,0.9952441735820932,80.0,0.0,3.505,200,1,False
14,0.9931837269638719,80.0,0.0,3.77,200,1,False
15,0.99781005650201,80.0,0.0,3.88,200,1,False
16,0.9966272030724399,74.4,0.07,3.2419354838709675,186,1,False
17,0.9981631501663062,74.0,0.075,3.2432432432432434,185,1,False
18,0.9991622804908835,74.0,0.075,3.3945945945945946,185,1,False
19,0.994464841365432,74.0,0.075,3.572972972972973,185,1,False
20,0.9920237522722942,73.2,0.085,3.5027322404371586,183,1,False
21,0.9932204068962732,73.2,0.085,3.557377049180328,183,1,False
22,0.9947567249333515,72.8,0.09,3.659340659340659,182,1,False
23,0.9948007160909611,72.4,0.095,3.712707182320442,181,1,False
24,0.9975566793820021,70.4,0.12,3.5454545454545454,176,1,False
25,0.9989542158914083,70.4,0.12,3.710227272727273,176,1,False
26,0.9967323598243218,69.2,0.135,3.5260115606936417,173,1,False
27,0.998158781051992,68.8,0.14,3.494186046511628,172,1,False
28,0.9964844394774133,68.4,0.145,3.4678362573099415,171,1,False
29,0.9976932712024578,68.0,0.15,3.4705882352941178,170,1,False
30,0.9983241642712404,66.8,0.165,3.317365269461078,167,1,False
31,0.9980726885177755,66.4,0.17,3.3734939759036147,166,1,False
32,0.9977753031063422,66.0,0.175,3.3333333333333335,165,1,False
33,0.9984745035611745,65.2,0.185,3.1779141104294477,163,1,False
34,0.9976632549198143,64.4,0.195,2.981366459627329,161,1,False
35,0.998044963916957,64.0,0.2,3.0,160,1,False
36,0.9971116756105298,63.2,0.21,2.867088607594937,158,1,False
37,0.9971116756105298,63.2,0.21,2.8544303797468356,158,1,False
38,0.9971116756105298,63.2,0.21,2.9050632911392404,158,1,False
39,0.9965659727698306,62.800000000000004,0.215,2.789808917197452,157,1,False
40,0.9965659727698306,62.800000000000004,0.215,2.732484076433121,157,1,False
41,0.9965659727698306,62.800000000000004,0.215,2.78343949044586,157,1,False
42,0.9953063626155816,62.0,0.225,2.664516129032258,155,1,False
43,0.9953063626155816,62.0,0.225,2.7548387096774194,155,1,False
44,0.9945881557686128,61.6,0.23,2.642857142857143,154,1,False
45,0.9945881557686128,61.6,0.23,2.668831168831169,154,1,False
46,0.9945881557686128,61.6,0.23,2.688311688311688,154,1,False
47,0.9945881557686128,61.6,0.23,2.655844155844156,154,1,False
48,0.9945881557686128,61.6,0.23,2.7532467532467533,154,1,False
49,0.9945881557686128,61.6,0.23,2.707792207792208,154,1,False
50,0.9951825521921195,61.2,0.235,2.6013071895424837,153,1,False
51,0.9951825521921195,61.2,0.235,2.7712418300653594,153,1,False
52,0.9951825521921195,61.2,0.235,2.7908496732026142,153,1,False
53,0.9951825521921195,61.2,0.235,2.718954248366013,153,1,False
54,0.9951825521921195,61.2,0.235,2.8366013071895426,153,1,False
55,0.9951825521921195,61.2,0.235,2.8823529411764706,153,1,False
56,0.9944444014574302,60.800000000000004,0.24,2.888157894736842,152,1,False
57,0.9950537732976394,60.400000000000006,0.245,2.7682119205298013,151,1,False
58,0.9950537732976394,60.400000000000006,0.245,2.8609271523178808,151,1,False
59,0.9942948366667814,60.0,0.25,2.88,150,1,False
60,0.9941391436621357,59.2,0.26,2.695945945945946,148,1,False
61,0.9941391436621357,59.2,0.26,2.6486486486486487,148,1,False
62,0.9932904625003524,58.800000000000004,0.265,2.598639455782313,147,1,False
63,0.9923709740424561,58.400000000000006,0.27,2.541095890410959,146,1,False
64,0.9913778110933192,58.0,0.275,2.3379310344827586,145,1,False
65,0.992908495065671,57.2,0.285,2.1468531468531467,143,1,False
66,0.992908495065671,57.2,0.285,2.160839160839161,143,1,False
67,0.992908495065671,57.2,0.285,2.2447552447552446,143,1,False
68,0.9919333443188175,56.800000000000004,0.29,2.3028169014084505,142,1,False
69,0.9919333443188175,56.800000000000004,0.29,2.2746478873239435,142,1,False
70,0.9919333443188175,56.800000000000004,0.29,2.316901408450704,142,1,False
71,0.9919333443188175,56.800000000000004,0.29,2.288732394366197,142,1,False
72,0.9927051464920685,56.400000000000006,0.295,2.120567375886525,141,1,False
73,0.9927051464920685,56.400000000000006,0.295,2.1702127659574466,141,1,False
74,0.9917002509604916,56.0,0.3,1.9785714285714286,140,1,False
75,0.9917002509604916,56.0,0.3,1.9214285714285715,140,1,False
76,0.9894422718085965,55.2,0.31,1.818840579710145,138,1,False
77,0.9894422718085965,55.2,0.31,1.8478260869565217,138,1,False
78,0.9894422718085965,55.2,0.31,1.7826086956521738,138,1,False
79,0.9894422718085965,55.2,0.31,1.8115942028985508,138,1,False
80,0.9903363857603871,54.800000000000004,0.315,1.7372262773722629,137,1,False
81,0.9903363857603871,54.800000000000004,0.315,1.7956204379562044,137,1,False
82,0.9912026528222864,54.400000000000006,0.32,1.5955882352941178,136,1,False
83,0.9912026528222864,54.400000000000006,0.32,1.5661764705882353,136,1,False
84,0.9900464857246591,54.0,0.325,1.4962962962962962,135,1,False
85,0.9900464857246591,54.0,0.325,1.4370370370370371,135,1,False
86,0.9900464857246591,54.0,0.325,1.4370370370370371,135,1,False
87,0.9900464857246591,54.0,0.325,1.4370370370370371,135,1,False
88,0.9900464857246591,54.0,0.325,1.4,135,1,False
89,0.9909368759819602,53.6,0.33,1.335820895522388,134,1,False
90,0.9909368759819602,53.6,0.33,1.335820895522388,134,1,False
91,0.9909368759819602,53.6,0.33,1.3208955223880596,134,1,False
92,0.989743318610788,53.2,0.335,1.2406015037593985,133,1,False
93,0.989743318610788,53.2,0.335,1.2481203007518797,133,1,False
94,0.989743318610788,53.2,0.335,1.263157894736842,133,1,False
95,0.989743318610788,53.2,0.335,1.3533834586466165,133,1,False
96,0.989743318610788,53.2,0.335,1.3383458646616542,133,1,False
97,0.989743318610788,53.2,0.335,1.413533834586466,133,1,False
98,0.989743318610788,53.2,0.335,1.3383458646616542,133,1,False
99,0.989743318610788,53.2,0.335,1.3533834586466165,133,1,False
100,0.989743318610788,53.2,0.335,1.3383458646616542,133,1,False
101,0.989743318610788,53.2,0.335,1.3383458646616542,133,1,False
102,0.989743318610788,53.2,0.335,1.3233082706766917,133,1,False
103,0.989743318610788,53.2,0.335,1.3609022556390977,133,1,False
104,0.989743318610788,53.2,0.335,1.368421052631579,133,1,False
105,0.989743318610788,53.2,0.335,1.4210526315789473,133,1,False
106,0.989743318610788,53.2,0.335,1.3759398496240602,133,1,False
107,0.989743318610788,53.2,0.335,1.406015037593985,133,1,False
108,0.989743318610788,53.2,0.335,1.3533834586466165,133,1,False
109,0.989743318610788,53.2,0.335,1.3533834586466165,133,1,False
110,0.989743318610788,53.2,0.335,1.3383458646616542,133,1,False
111,0.989743318610788,53.2,0.335,1.2781954887218046,133,1,False
112,0.989743318610788,53.2,0.335,1.300751879699248,133,1,False
113,0.9906588508046987,52.800000000000004,0.34,1.25,132,1,False
114,0.9906588508046987,52.800000000000004,0.34,1.2803030303030303,132,1,False
115,0.9906588508046987,52.800000000000004,0.34,1.2348484848484849,132,1,False
116,0.9906588508046987,52.800000000000004,0.34,1.1666666666666667,132,1,False
117,0.9906588508046987,52.800000000000004,0.34,1.1136363636363635,132,1,False
118,0.9906588508046987,52.800000000000004,0.34,1.0757575757575757,132,1,False
119,0.9906588508046987,52.800000000000004,0.34,1.106060606060606,132,1,False
120,0.9906588508046987,52.800000000000004,0.34,1.0984848484848484,132,1,False
121,0.9906588508046987,52.800000000000004,0.34,1.0606060606060606,132,1,False
122,0.9915439927407341,52.400000000000006,0.345,0.9847328244274809,131,1,False
123,0.9915439927407341,52.400000000000006,0.345,0.9923664122137404,131,1,False
124,0.9915439927407341,52.400000000000006,0.345,1.1068702290076335,131,1,False
125,0.9915439927407341,52.400000000000006,0.345,1.1145038167938932,131,1,False
126,0.9915439927407341,52.400000000000006,0.345,1.1068702290076335,131,1,False
127,0.9915439927407341,52.400000000000006,0.345,1.1526717557251909,131,1,False
128,0.9915439927407341,52.400000000000006,0.345,1.3206106870229009,131,1,False
129,0.9915439927407341,52.400000000000006,0.345,1.3129770992366412,131,1,False
130,0.9915439927407341,52.400000000000006,0.345,1.282442748091603,131,1,False
131,0.9915439927407341,52.400000000000006,0.345,1.251908396946565,131,1,False
132,0.9915439927407341,52.400000000000006,0.345,1.2442748091603053,131,1,False
133,0.9915439927407341,52.400000000000006,0.345,1.251908396946565,131,1,False
134,0.9915439927407341,52.400000000000006,0.345,1.3893129770992367,131,1,False
135,0.9915439927407341,52.400000000000006,0.345,1.4198473282442747,131,1,False
136,0.9915439927407341,52.400000000000006,0.345,1.366412213740458,131,1,False
137,0.9915439927407341,52.400000000000006,0.345,1.3587786259541985,131,1,False
138,0.9915439927407341,52.400000000000006,0.345,1.381679389312977,131,1,False
139,0.9915439927407341,52.400000000000006,0.345,1.3969465648854962,131,1,False
140,0.9915439927407341,52.400000000000006,0.345,1.3587786259541985,131,1,False
141,0.9923971337150852,52.0,0.35,1.2307692307692308,130,1,False
142,0.9923971337150852,52.0,0.35,1.2846153846153847,130,1,False
143,0.9923971337150852,52.0,0.35,1.2615384615384615,130,1,False
144,0.9923971337150852,52.0,0.35,1.2769230769230768,130,1,False
145,0.9923971337150852,52.0,0.35,1.2923076923076924,130,1,False
146,0.9923971337150852,52.0,0.35,1.2692307692307692,130,1,False
147,0.9912785961640789,51.6,0.355,1.1317829457364341,129,1,False
148,0.9912785961640789,51.6,0.355,1.1162790697674418,129,1,False
149,0.9912785961640789,51.6,0.355,1.1085271317829457,129,1,False
150,0.9912785961640789,51.6,0.355,1.0775193798449612,129,1,False
151,0.9912785961640789,51.6,0.355,1.0310077519379846,129,1,False
152,0.9912785961640789,51.6,0.355,1.1472868217054264,129,1,False
153,0.9912785961640789,51.6,0.355,1.1085271317829457,129,1,False
154,0.9912785961640789,51.6,0.355,1.0775193798449612,129,1,False
155,0.9912785961640789,51.6,0.355,1.054263565891473,129,1,False
156,0.9912785961640789,51.6,0.355,1.0465116279069768,129,1,False
157,0.9912785961640789,51.6,0.355,1.0155038759689923,129,1,False
158,0.9912785961640789,51.6,0.355,1.0310077519379846,129,1,False
159,0.9912785961640789,51.6,0.355,1.1162790697674418,129,1,False
160,0.9912785961640789,51.6,0.355,1.1472868217054264,129,1,False
161,0.9912785961640789,51.6,0.355,1.255813953488372,129,1,False
162,0.9912785961640789,51.6,0.355,1.2170542635658914,129,1,False
163,0.9900629320275555,51.2,0.36,1.1171875,128,1,False
164,0.9900629320275555,51.2,0.36,1.09375,128,1,False
165,0.9900629320275555,51.2,0.36,1.109375,128,1,False
166,0.9900629320275555,51.2,0.36,1.0546875,128,1,False
167,0.9900629320275555,51.2,0.36,1.140625,128,1,False
168,0.9910004864599848,50.800000000000004,0.365,1.0393700787401574,127,1,False
169,0.9910004864599848,50.800000000000004,0.365,0.937007874015748,127,1,False
170,0.9910004864599848,50.800000000000004,0.365,0.984251968503937,127,1,False
171,0.9919047492043169,50.400000000000006,0.37,0.8809523809523809,126,1,False
172,0.9907088371464136,50.0,0.375,0.784,125,1,False
173,0.9907088371464136,50.0,0.375,0.8,125,1,False
174,0.9907088371464136,50.0,0.375,0.848,125,1,False
175,0.9907088371464136,50.0,0.375,0.832,125,1,False
176,0.9907088371464136,50.0,0.375,0.856,125,1,False
177,0.9907088371464136,50.0,0.375,0.856,125,1,False
178,0.9907088371464136,50.0,0.375,0.76,125,1,False
179,0.9907088371464136,50.0,0.375,0.808,125,1,False
180,0.9907088371464136,50.0,0.375,0.896,125,1,False
181,0.9907088371464136,50.0,0.375,0.8,125,1,False
182,0.9907088371464136,50.0,0.375,0.864,125,1,False
183,0.9907088371464136,50.0,0.375,0.824,125,1,False
184,0.9907088371464136,50.0,0.375,0.784,125,1,False
185,0.9907088371464136,50.0,0.375,0.768,125,1,False
186,0.9907088371464136,50.0,0.375,0.744,125,1,False
187,0.9907088371464136,50.0,0.375,0.712,125,1,False
188,0.9907088371464136,50.0,0.375,0.736,125,1,False
189,0.9907088371464136,50.0,0.375,0.752,125,1,False
190,0.9907088371464136,50.0,0.375,0.736,125,1,False
191,0.9907088371464136,50.0,0.375,0.696,125,1,False
192,0.9907088371464136,50.0,0.375,0.696,125,1,False
193,0.9907088371464136,50.0,0.375,0.736,125,1,False
194,0.9907088371464136,50.0,0.375,0.728,125,1,False
195,0.9907088371464136,50.0,0.375,0.696,125,1,False
196,0.9907088371464136,50.0,0.375,0.648,125,1,False
197,0.9907088371464136,50.0,0.375,0.552,125,1,False
198,0.9907088371464136,50.0,0.375,0.624,125,1,False
199,0.9907088371464136,50.0,0.375,0.536,125,1,False
200,0.9907088371464136,50.0,0.375,0.552,125,1,False
0,0.7047587356207927,80.0,0.0,0.0,200,2,False
1,0.7908910921696225,80.0,0.0,0.46,200,2,False
2,0.8626351638669109,80.0,0.0,0.725,200,2,False
3,0.903610714684018,80.0,0.0,0.93,200,2,False
4,0.9275089180665417,80.0,0.0,1.18,200,2,False
5,0.9364937179657531,80.0,0.0,1.415,200,2,False
6,0.9584838446381776,80.0,0.0,1.65,200,2,False
7,0.971998905806859,80.0,0.0,1.87,200,2,False
8,0.9715748982018897,80.0,0.0,2.06,200,2,False
9,0.9698131795955112,80.0,0.0,2.305,200,2,False
10,0.978067583205344,80.0,0.0,2.565,200,2,False
11,0.9784138008344947,80.0,0.0,2.765,200,2,False
12,0.9798077311851877,80.0,0.0,3.005,200,2,False
13,0.9821140889963733,80.0,0.0,3.225,200,2,False
14,0.9840390484295997,80.0,0.0,3.48,200,2,False
15,0.9840036713890175,80.0,0.0,3.62,200,2,False
16,0.9791535397389663,76.0,0.05,3.2473684210526317,190,2,False
17,0.9797576521122334,76.0,0.05,3.389473684210526,190,2,False
18,0.9770912233815109,75.2,0.06,3.372340425531915,188,2,False
19,0.97658167369066,74.4,0.07,3.3333333333333335,186,2,False
20,0.9720019473209367,73.2,0.085,3.26775956284153,183,2,False
21,0.9663156866645034,73.2,0.085,3.387978142076503,183,2,False
22,0.9707972691005442,72.0,0.1,3.261111111111111,180,2,False
23,0.9724513673904672,71.60000000000001,0.105,3.340782122905028,179,2,False
24,0.9629438622160468,70.4,0.12,3.1420454545454546,176,2,False
25,0.9674248875050026,70.4,0.12,3.2386363636363638,176,2,False
26,0.9643815989551711,69.60000000000001,0.13,3.1954022988505746,174,2,False
27,0.9623886028335994,69.2,0.135,3.1734104046242773,173,2,False
28,0.9593105944410781,68.0,0.15,3.0352941176470587,170,2,False
29,0.9570445736874184,67.60000000000001,0.155,3.0532544378698225,169,2,False
30,0.9559857266328796,66.8,0.165,2.9221556886227544,167,2,False
31,0.9559857266331463,66.8,0.165,3.089820359281437,167,2,False
32,0.9535594668629007,66.4,0.17,3.0843373493975905,166,2,False
33,0.9548869038170628,66.0,0.175,2.9212121212121214,165,2,False
34,0.9537460487266723,65.2,0.185,2.9079754601226995,163,2,False
35,0.9537460487268117,65.2,0.185,2.9754601226993866,163,2,False
36,0.9471622941895204,63.6,0.205,2.7232704402515724,159,2,False
37,0.9428090415820629,62.400000000000006,0.22,2.4935897435897436,156,2,False
38,0.9428090415820628,61.2,0.235,2.320261437908497,153,2,False
39,0.944348256105164,60.800000000000004,0.24,2.2302631578947367,152,2,False
40,0.9458845600719016,60.400000000000006,0.245,2.1788079470198674,151,2,False
41,0.944379012044985,59.6,0.255,1.8590604026845639,149,2,False
42,0.944379012044985,59.6,0.255,1.8389261744966443,149,2,False
43,0.9412043323981535,59.2,0.26,1.7905405405405406,148,2,False
44,0.9412043323981535,59.2,0.26,1.695945945945946,148,2,False
45,0.9412043323981535,59.2,0.26,1.695945945945946,148,2,False
46,0.9412043323981535,59.2,0.26,1.695945945945946,148,2,False
47,0.9428090415820626,58.800000000000004,0.265,1.5714285714285714,147,2,False
48,0.9428090415820626,58.800000000000004,0.265,1.6258503401360545,147,2,False
49,0.9428090415820626,58.800000000000004,0.265,1.6802721088435375,147,2,False
50,0.9395303123003965,58.400000000000006,0.27,1.5616438356164384,146,2,False
51,0.9395303123003965,58.400000000000006,0.27,1.5616438356164384,146,2,False
52,0.9411708749921092,58.0,0.275,1.3724137931034484,145,2,False
53,0.9411708749921092,58.0,0.275,1.3310344827586207,145,2,False
54,0.9411708749921092,58.0,0.275,1.393103448275862,145,2,False
55,0.9411708749921092,58.0,0.275,1.3793103448275863,145,2,False
56,0.9428090415820624,57.6,0.28,1.2638888888888888,144,2,False
57,0.9428090415820624,57.6,0.28,1.2222222222222223,144,2,False
58,0.9428090415820624,57.6,0.28,1.1944444444444444,144,2,False
59,0.9394604544753371,57.2,0.285,1.1048951048951048,143,2,False
60,0.9394604544753371,57.2,0.285,1.118881118881119,143,2,False
61,0.9359576183569666,56.800000000000004,0.29,1.056338028169014,142,2,False
62,0.9376734116901227,56.400000000000006,0.295,1.0212765957446808,141,2,False
63,0.9376734116901227,56.400000000000006,0.295,1.0,141,2,False
64,0.9376734116901227,56.400000000000006,0.295,1.1347517730496455,141,2,False
65,0.9376734116901227,56.400000000000006,0.295,1.1843971631205674,141,2,False
66,0.9376734116901227,56.400000000000006,0.295,1.2553191489361701,141,2,False
67,0.9376734116901227,56.400000000000006,0.295,1.3404255319148937,141,2,False
68,0.9376734116901227,56.400000000000006,0.295,1.375886524822695,141,2,False
69,0.9376734116901227,56.400000000000006,0.295,1.4042553191489362,141,2,False
70,0.934049773615859,56.0,0.3,1.1928571428571428,140,2,False
71,0.934049773615859,56.0,0.3,1.1857142857142857,140,2,False
72,0.934049773615859,56.0,0.3,1.2142857142857142,140,2,False
73,0.934049773615859,56.0,0.3,1.2142857142857142,140,2,False
74,0.9320542139602049,55.2,0.31,0.9130434782608695,138,2,False
75,0.9320542139602049,55.2,0.31,0.9420289855072463,138,2,False
76,0.9320542139602049,55.2,0.31,0.8768115942028986,138,2,False
77,0.9320542139602049,55.2,0.31,0.9782608695652174,138,2,False
78,0.9320542139602049,55.2,0.31,0.9637681159420289,138,2,False
79,0.9320542139602049,55.2,0.31,0.9492753623188406,138,2,False
80,0.9320542139602049,55.2,0.31,0.9637681159420289,138,2,False
81,0.9320542139602049,55.2,0.31,1.0072463768115942,138,2,False
82,0.9320542139602049,55.2,0.31,1.0434782608695652,138,2,False
83,0.9320542139602049,55.2,0.31,1.1594202898550725,138,2,False
84,0.9320542139602049,55.2,0.31,1.1231884057971016,138,2,False
85,0.9320542139602049,55.2,0.31,1.2028985507246377,138,2,False
86,0.9320542139602049,55.2,0.31,1.1521739130434783,138,2,False
87,0.9320542139602049,55.2,0.31,1.144927536231884,138,2,False
88,0.9320542139602049,55.2,0.31,1.1884057971014492,138,2,False
89,0.9320542139602049,55.2,0.31,1.3405797101449275,138,2,False
90,0.9320542139602049,55.2,0.31,1.391304347826087,138,2,False
91,0.9281273766570693,54.800000000000004,0.315,1.3430656934306568,137,2,False
92,0.9281273766570693,54.800000000000004,0.315,1.4087591240875912,137,2,False
93,0.9281273766570693,54.800000000000004,0.315,1.5182481751824817,137,2,False
94,0.9240163572002954,54.400000000000006,0.32,1.375,136,2,False
95,0.9240163572002954,54.400000000000006,0.32,1.3602941176470589,136,2,False
96,0.9152065502540838,53.6,0.33,1.1417910447761195,134,2,False
97,0.9152065502540838,53.6,0.33,1.2014925373134329,134,2,False
98,0.9152065502540838,53.6,0.33,1.1343283582089552,134,2,False
99,0.9152065502540838,53.6,0.33,1.1343283582089552,134,2,False
100,0.9152065502540838,53.6,0.33,1.0746268656716418,134,2,False
101,0.9152065502540838,53.6,0.33,1.1119402985074627,134,2,False
102,0.9152065502540838,53.6,0.33,1.044776119402985,134,2,False
103,0.9152065502540838,53.6,0.33,1.0820895522388059,134,2,False
104,0.9152065502540838,53.6,0.33,1.0597014925373134,134,2,False
105,0.9152065502540838,53.6,0.33,1.037313432835821,134,2,False
106,0.9152065502540838,53.6,0.33,1.0597014925373134,134,2,False
107,0.9152065502540838,53.6,0.33,1.1791044776119404,134,2,False
108,0.9152065502540838,53.6,0.33,1.2313432835820894,134,2,False
109,0.910488752073419,53.2,0.335,1.0451127819548873,133,2,False
110,0.905548654392965,52.800000000000004,0.34,0.946969696969697,132,2,False
111,0.905548654392965,52.800000000000004,0.34,1.053030303030303,132,2,False
112,0.905548654392965,52.800000000000004,0.34,0.9848484848484849,132,2,False
113,0.905548654392965,52.800000000000004,0.34,0.9621212121212122,132,2,False
114,0.905548654392965,52.800000000000004,0.34,0.9545454545454546,132,2,False
115,0.905548654392965,52.800000000000004,0.34,0.946969696969697,132,2,False
116,0.905548654392965,52.800000000000004,0.34,0.9393939393939394,132,2,False
117,0.905548654392965,52.800000000000004,0.34,0.946969696969697,132,2,False
118,0.905548654392965,52.800000000000004,0.34,0.8939393939393939,132,2,False
119,0.905548654392965,52.800000000000004,0.34,0.8484848484848485,132,2,False
120,0.905548654392965,52.800000000000004,0.34,0.8257575757575758,132,2,False
121,0.905548654392965,52.800000000000004,0.34,0.803030303030303,132,2,False
122,0.905548654392965,52.800000000000004,0.34,0.7272727272727273,132,2,False
123,0.905548654392965,52.800000000000004,0.34,0.7651515151515151,132,2,False
124,0.905548654392965,52.800000000000004,0.34,0.8712121212121212,132,2,False
125,0.905548654392965,52.800000000000004,0.34,0.9166666666666666,132,2,False
126,0.905548654392965,52.800000000000004,0.34,1.0227272727272727,132,2,False
127,0.905548654392965,52.800000000000004,0.34,0.9924242424242424,132,2,False
128,0.905548654392965,52.800000000000004,0.34,1.0227272727272727,132,2,False
129,0.905548654392965,52.800000000000004,0.34,0.9848484848484849,132,2,False
130,0.905548654392965,52.800000000000004,0.34,0.9318181818181818,132,2,False
131,0.905548654392965,52.800000000000004,0.34,0.9318181818181818,132,2,False
132,0.905548654392965,52.800000000000004,0.34,0.8863636363636364,132,2,False
133,0.905548654392965,52.800000000000004,0.34,0.9090909090909091,132,2,False
134,0.905548654392965,52.800000000000004,0.34,0.9621212121212122,132,2,False
135,0.905548654392965,52.800000000000004,0.34,0.9015151515151515,132,2,False
136,0.905548654392965,52.800000000000004,0.34,1.0075757575757576,132,2,False
137,0.905548654392965,52.800000000000004,0.34,0.9924242424242424,132,2,False
138,0.905548654392965,52.800000000000004,0.34,1.0227272727272727,132,2,False
139,0.905548654392965,52.800000000000004,0.34,1.0151515151515151,132,2,False
140,0.905548654392965,52.800000000000004,0.34,1.0681818181818181,132,2,False
141,0.905548654392965,52.800000000000004,0.34,1.0303030303030303,132,2,False
142,0.905548654392965,52.800000000000004,0.34,1.0227272727272727,132,2,False
143,0.905548654392965,52.800000000000004,0.34,1.0227272727272727,132,2,False
144,0.905548654392965,52.800000000000004,0.34,1.0984848484848484,132,2,False
145,0.905548654392965,52.800000000000004,0.34,1.2045454545454546,132,2,False
146,0.905548654392965,52.800000000000004,0.34,1.1742424242424243,132,2,False
147,0.9003751265823964,52.400000000000006,0.345,1.0687022900763359,131,2,False
148,0.9003751265823964,52.400000000000006,0.345,0.9541984732824428,131,2,False
149,0.9003751265823964,52.400000000000006,0.345,1.0381679389312977,131,2,False
150,0.9003751265823964,52.400000000000006,0.345,1.0610687022900764,131,2,False
151,0.9003751265823964,52.400000000000006,0.345,1.1145038167938932,131,2,False
152,0.9003751265823964,52.400000000000006,0.345,1.0381679389312977,131,2,False
153,0.9003751265823964,52.400000000000006,0.345,1.0076335877862594,131,2,False
154,0.9003751265823964,52.400000000000006,0.345,1.0534351145038168,131,2,False
155,0.9024621154499981,52.0,0.35,0.9384615384615385,130,2,False
156,0.9024621154499981,52.0,0.35,0.9692307692307692,130,2,False
157,0.9024621154499981,52.0,0.35,0.9846153846153847,130,2,False
158,0.9024621154499981,52.0,0.35,0.9846153846153847,130,2,False
159,0.897083791720274,51.6,0.355,0.9224806201550387,129,2,False
160,0.897083791720274,51.6,0.355,0.9302325581395349,129,2,False
161,0.897083791720274,51.6,0.355,0.9612403100775194,129,2,False
162,0.897083791720274,51.6,0.355,0.9689922480620154,129,2,False
163,0.897083791720274,51.6,0.355,0.937984496124031,129,2,False
164,0.897083791720274,51.6,0.355,0.9224806201550387,129,2,False
165,0.897083791720274,51.6,0.355,0.9224806201550387,129,2,False
166,0.897083791720274,51.6,0.355,0.9302325581395349,129,2,False
167,0.897083791720274,51.6,0.355,0.9147286821705426,129,2,False
168,0.897083791720274,51.6,0.355,0.9224806201550387,129,2,False
169,0.897083791720274,51.6,0.355,0.9069767441860465,129,2,False
170,0.897083791720274,51.6,0.355,0.7674418604651163,129,2,False
171,0.897083791720274,51.6,0.355,0.7441860465116279,129,2,False
172,0.897083791720274,51.6,0.355,0.7286821705426356,129,2,False
173,0.897083791720274,51.6,0.355,0.7674418604651163,129,2,False
174,0.897083791720274,51.6,0.355,0.813953488372093,129,2,False
175,0.897083791720274,51.6,0.355,0.8682170542635659,129,2,False
176,0.897083791720274,51.6,0.355,0.8682170542635659,129,2,False
177,0.897083791720274,51.6,0.355,0.8527131782945736,129,2,False
178,0.8914469890997445,51.2,0.36,0.796875,128,2,False
179,0.8914469890997445,51.2,0.36,0.8515625,128,2,False
180,0.8914469890997445,51.2,0.36,0.8203125,128,2,False
181,0.8914469890997445,51.2,0.36,0.8828125,128,2,False
182,0.8914469890997445,51.2,0.36,0.8515625,128,2,False
183,0.8914469890997445,51.2,0.36,0.8671875,128,2,False
184,0.8914469890997445,51.2,0.36,0.90625,128,2,False
185,0.8914469890997445,51.2,0.36,0.84375,128,2,False
186,0.8914469890997445,51.2,0.36,0.8359375,128,2,False
187,0.8914469890997445,51.2,0.36,0.8359375,128,2,False
188,0.8914469890997445,51.2,0.36,0.84375,128,2,False
189,0.8914469890997445,51.2,0.36,0.8828125,128,2,False
190,0.8914469890997445,51.2,0.36,0.8671875,128,2,False
191,0.8914469890997445,51.2,0.36,0.8671875,128,2,False
192,0.8855380106777676,50.800000000000004,0.365,0.7165354330708661,127,2,False
193,0.8855380106777676,50.800000000000004,0.365,0.7165354330708661,127,2,False
194,0.887754378038703,50.400000000000006,0.37,0.6666666666666666,126,2,False
195,0.887754378038703,50.400000000000006,0.37,0.7698412698412699,126,2,False
196,0.8815985480931793,50.0,0.375,0.672,125,2,False
197,0.8815985480931793,50.0,0.375,0.656,125,2,False
198,0.8815985480931793,50.0,0.375,0.68,125,2,False
199,0.8815985480931793,50.0,0.375,0.72,125,2,False
200,0.8751393526613241,49.6,0.38,0.6048387096774194,124,2,False
0,0.7222509998194871,80.0,0.0,0.0,200,3,False
1,0.7903364005120005,80.0,0.0,0.415,200,3,False
2,0.8630693008608542,80.0,0.0,0.82,200,3,False
3,0.9047245003673688,80.0,0.0,1.0,200,3,False
4,0.9485882062674186,80.0,0.0,1.29,200,3,False
5,0.9562033667890782,80.0,0.0,1.6,200,3,False
6,0.9669310388174064,80.0,0.0,1.78,200,3,False
7,0.9758297221049274,80.0,0.0,1.935,200,3,False
8,0.9831931647407991,80.0,0.0,2.155,200,3,False
9,0.9843596921400929,80.0,0.0,2.305,200,3,False
10,0.9901722224893125,80.0,0.0,2.575,200,3,False
11,0.9874221203535188,80.0,0.0,2.785,200,3,False
12,0.9884844257958816,80.0,0.0,3.045,200,3,False
13,0.9868222099942299,80.0,0.0,3.18,200,3,False
14,0.9859995032625987,80.0,0.0,3.43,200,3,False
15,0.985209257502695,80.0,0.0,3.75,200,3,False
16,0.9767776366089067,74.0,0.075,2.9891891891891893,185,3,False
17,0.9823286090659521,73.60000000000001,0.08,3.0489130434782608,184,3,False
18,0.9785209563307491,73.60000000000001,0.08,3.1032608695652173,184,3,False
19,0.9805518670295378,72.8,0.09,3.0549450549450547,182,3,False
20,0.9790399347891928,72.4,0.095,3.0828729281767955,181,3,False
21,0.9845081923061703,72.0,0.1,3.0722222222222224,180,3,False
22,0.9829744341351595,71.2,0.11,2.9775280898876404,178,3,False
23,0.9803095995774406,70.8,0.115,3.005649717514124,177,3,False
24,0.9743787045701602,69.2,0.135,2.7803468208092488,173,3,False
25,0.9736370006605403,69.2,0.135,2.8265895953757227,173,3,False
26,0.9780978719451557,68.8,0.14,2.808139534883721,172,3,False
27,0.9811139624544349,68.8,0.14,2.9069767441860463,172,3,False
28,0.9819174427530855,67.60000000000001,0.155,2.5976331360946747,169,3,False
29,0.9812984943463866,67.2,0.16,2.5892857142857144,168,3,False
30,0.9802466616130266,66.8,0.165,2.568862275449102,167,3,False
31,0.9784422362134994,66.8,0.165,2.688622754491018,167,3,False
32,0.9718934969275297,65.60000000000001,0.18,2.5304878048780486,164,3,False
33,0.9695060802488614,65.60000000000001,0.18,2.457317073170732,164,3,False
34,0.964996413572662,65.60000000000001,0.18,2.4634146341463414,164,3,False
35,0.962822598980501,65.2,0.185,2.3006134969325154,163,3,False
36,0.9501487112624415,65.2,0.185,2.276073619631902,163,3,False
37,0.945341890387603,64.8,0.19,2.234567901234568,162,3,False
38,0.9536419569371051,64.8,0.19,2.3271604938271606,162,3,False
39,0.9575079251040006,64.4,0.195,2.2732919254658386,161,3,False
40,0.9476067760025881,64.0,0.2,2.18125,160,3,False
41,0.9510073593057846,64.0,0.2,2.2,160,3,False
42,0.9572742133819278,64.0,0.2,2.2125,160,3,False
43,0.9536601267830485,64.0,0.2,2.35625,160,3,False
44,0.9515831169975387,64.0,0.2,2.23125,160,3,False
45,0.9540355501584171,64.0,0.2,2.2625,160,3,False
46,0.9525085139148183,64.0,0.2,2.275,160,3,False
47,0.9527492321405374,64.0,0.2,2.39375,160,3,False
48,0.9617083779297643,63.6,0.205,2.4339622641509435,159,3,False
49,0.9642254329690848,63.2,0.21,2.3037974683544302,158,3,False
50,0.9583470310277815,62.800000000000004,0.215,2.299363057324841,157,3,False
51,0.9514122375920983,62.800000000000004,0.215,2.254777070063694,157,3,False
52,0.9405644510084299,62.800000000000004,0.215,2.2229299363057327,157,3,False
53,0.956731994729565,62.800000000000004,0.215,2.299363057324841,157,3,False
54,0.9636807850654597,62.800000000000004,0.215,2.4076433121019107,157,3,False
55,0.9657877906255568,62.800000000000004,0.215,2.375796178343949,157,3,False
56,0.9679618701258864,62.400000000000006,0.22,2.326923076923077,156,3,False
57,0.967613468896973,62.0,0.225,2.296774193548387,155,3,False
58,0.9626177209329406,62.0,0.225,2.47741935483871,155,3,False
59,0.9682168367906469,61.2,0.235,2.3986928104575163,153,3,False
60,0.964278773933685,61.2,0.235,2.392156862745098,153,3,False
61,0.9612019113135221,60.800000000000004,0.24,2.4473684210526314,152,3,False
62,0.9596258686362042,60.400000000000006,0.245,2.403973509933775,151,3,False
63,0.9566965281295845,60.400000000000006,0.245,2.403973509933775,151,3,False
64,0.9604348170456883,60.400000000000006,0.245,2.403973509933775,151,3,False
65,0.956316029110988,60.0,0.25,2.2466666666666666,150,3,False
66,0.943307099347006,60.0,0.25,2.2333333333333334,150,3,False
67,0.9386501341618863,60.0,0.25,2.22,150,3,False
68,0.938361935160187,60.0,0.25,2.26,150,3,False
69,0.9420818620394449,59.6,0.255,2.214765100671141,149,3,False
70,0.9519690705568256,59.2,0.26,2.135135135135135,148,3,False
71,0.9543007376838755,59.2,0.26,2.1486486486486487,148,3,False
72,0.959350628442307,58.800000000000004,0.265,2.1020408163265305,147,3,False
73,0.9635606959807028,58.800000000000004,0.265,2.1020408163265305,147,3,False
74,0.9572010466198249,58.400000000000006,0.27,2.047945205479452,146,3,False
75,0.9536697185437515,57.6,0.28,1.8472222222222223,144,3,False
76,0.9476585509917484,57.6,0.28,1.8472222222222223,144,3,False
77,0.9441231528245952,57.6,0.28,1.8125,144,3,False
78,0.9457372233329638,57.6,0.28,1.8819444444444444,144,3,False
79,0.9428417230349524,57.6,0.28,1.8541666666666667,144,3,False
80,0.9455437973560762,57.6,0.28,1.8472222222222223,144,3,False
81,0.9458021355244657,57.6,0.28,1.8402777777777777,144,3,False
82,0.9545372565888477,57.2,0.285,1.7482517482517483,143,3,False
83,0.9511369282580593,57.2,0.285,1.7692307692307692,143,3,False
84,0.9540262374810385,57.2,0.285,1.8601398601398602,143,3,False
85,0.9463100429451923,56.400000000000006,0.295,1.7588652482269505,141,3,False
86,0.9431616475851675,56.0,0.3,1.6285714285714286,140,3,False
87,0.9346011324221463,56.0,0.3,1.7142857142857142,140,3,False
88,0.9411436620484809,56.0,0.3,1.6928571428571428,140,3,False
89,0.9446968219772454,56.0,0.3,1.6357142857142857,140,3,False
90,0.9379568994578074,55.6,0.305,1.4892086330935252,139,3,False
91,0.9364417340550673,55.2,0.31,1.3695652173913044,138,3,False
92,0.9444203452209174,55.2,0.31,1.4565217391304348,138,3,False
93,0.9459547426248867,55.2,0.31,1.355072463768116,138,3,False
94,0.9489494773804721,54.800000000000004,0.315,1.2481751824817517,137,3,False
95,0.9463954749043861,54.800000000000004,0.315,1.27007299270073,137,3,False
96,0.9478034456371446,54.800000000000004,0.315,1.2262773722627738,137,3,False
97,0.9453540606990163,54.800000000000004,0.315,1.2627737226277371,137,3,False
98,0.9393812200126775,54.800000000000004,0.315,1.1751824817518248,137,3,False
99,0.9399144024665037,54.800000000000004,0.315,1.2481751824817517,137,3,False
100,0.9413740841791142,54.800000000000004,0.315,1.218978102189781,137,3,False
101,0.9407294407740892,54.800000000000004,0.315,1.2992700729927007,137,3,False
102,0.944583564488309,54.800000000000004,0.315,1.3722627737226278,137,3,False
103,0.9453853404076519,54.800000000000004,0.315,1.3941605839416058,137,3,False
104,0.9432586300590382,54.800000000000004,0.315,1.4233576642335766,137,3,False
105,0.9366677838792017,54.0,0.325,1.2814814814814814,135,3,False
106,0.9318259135343752,53.6,0.33,1.0970149253731343,134,3,False
107,0.9309231469768007,53.6,0.33,1.0597014925373134,134,3,False
108,0.9284072460650891,53.6,0.33,1.0671641791044777,134,3,False
109,0.9282918070295767,53.6,0.33,1.044776119402985,134,3,False
110,0.9255951333032487,53.6,0.33,1.044776119402985,134,3,False
111,0.9260714963063224,53.6,0.33,1.0223880597014925,134,3,False
112,0.9305652194293453,53.6,0.33,1.007462686567164,134,3,False
113,0.9275969210357506,53.6,0.33,1.0522388059701493,134,3,False
114,0.9247602493797831,53.2,0.335,1.0150375939849625,133,3,False
115,0.9270265693594303,53.2,0.335,0.8947368421052632,133,3,False
116,0.9279192649474187,53.2,0.335,1.0300751879699248,133,3,False
117,0.9311942380620821,53.2,0.335,1.0075187969924813,133,3,False
118,0.9323455540432336,53.2,0.335,0.9849624060150376,133,3,False
119,0.9298623367278158,53.2,0.335,1.0075187969924813,133,3,False
120,0.9314619812641625,53.2,0.335,1.0526315789473684,133,3,False
121,0.9318947944446186,53.2,0.335,1.105263157894737,133,3,False
122,0.9314718401358393,53.2,0.335,1.0977443609022557,133,3,False
123,0.9282862593612611,53.2,0.335,1.150375939849624,133,3,False
124,0.929783348903302,53.2,0.335,1.2406015037593985,133,3,False
125,0.9314117907175483,53.2,0.335,1.1428571428571428,133,3,False
126,0.9302589237441113,53.2,0.335,1.1729323308270676,133,3,False
127,0.9324691021180768,53.2,0.335,1.1428571428571428,133,3,False
128,0.9325952693302288,53.2,0.335,1.0526315789473684,133,3,False
129,0.9333497091775043,53.2,0.335,1.0601503759398496,133,3,False
130,0.9337576357389807,53.2,0.335,1.0526315789473684,133,3,False
131,0.9340746374061891,53.2,0.335,1.0902255639097744,133,3,False
132,0.9289414504072385,52.800000000000004,0.34,0.9696969696969697,132,3,False
133,0.9300061373635478,52.800000000000004,0.34,0.9393939393939394,132,3,False
134,0.9304130037458916,52.800000000000004,0.34,0.9621212121212122,132,3,False
135,0.9311229686607123,52.800000000000004,0.34,0.9696969696969697,132,3,False
136,0.929741658048783,52.800000000000004,0.34,1.0075757575757576,132,3,False
137,0.9297165846729458,52.800000000000004,0.34,1.0227272727272727,132,3,False
138,0.9253069920333767,52.400000000000006,0.345,0.9236641221374046,131,3,False
139,0.9242890952959063,52.400000000000006,0.345,0.9312977099236641,131,3,False
140,0.9247251852664883,52.400000000000006,0.345,0.9923664122137404,131,3,False
141,0.9231973885865596,52.400000000000006,0.345,1.0610687022900764,131,3,False
142,0.9213760109640665,52.0,0.35,1.0307692307692307,130,3,False
143,0.9221186538089551,51.6,0.355,0.9069767441860465,129,3,False
144,0.9251723583914653,51.6,0.355,0.937984496124031,129,3,False
145,0.9211876789775332,51.6,0.355,1.0155038759689923,129,3,False
146,0.923336800598757,51.6,0.355,1.062015503875969,129,3,False
147,0.9245855636778474,51.6,0.355,1.054263565891473,129,3,False
148,0.9248522072514461,51.6,0.355,1.1007751937984496,129,3,False
149,0.9249340928524767,51.6,0.355,1.1627906976744187,129,3,False
150,0.9211168629311358,51.6,0.355,1.193798449612403,129,3,False
151,0.9169696905848345,51.6,0.355,1.1472868217054264,129,3,False
152,0.9155466973654742,51.6,0.355,1.1550387596899225,129,3,False
153,0.9075489917831225,51.6,0.355,1.0775193798449612,129,3,False
154,0.9047103694695869,51.6,0.355,1.1007751937984496,129,3,False
155,0.9080252812018312,51.2,0.36,1.1640625,128,3,False
156,0.9055628658196461,51.2,0.36,1.0625,128,3,False
157,0.8988748034465176,50.800000000000004,0.365,1.0,127,3,False
158,0.8950243463641221,50.800000000000004,0.365,1.031496062992126,127,3,False
159,0.8867951933358327,50.800000000000004,0.365,0.984251968503937,127,3,False
160,0.8825808482410464,50.400000000000006,0.37,0.873015873015873,126,3,False
161,0.8694552837748379,50.400000000000006,0.37,0.9761904761904762,126,3,False
162,0.8697360380357765,50.400000000000006,0.37,0.9841269841269841,126,3,False
163,0.863100279523679,50.400000000000006,0.37,0.9920634920634921,126,3,False
164,0.8668361430340457,50.400000000000006,0.37,0.9444444444444444,126,3,False
165,0.8810152462406207,50.400000000000006,0.37,0.9523809523809523,126,3,False
166,0.8733321553615393,50.400000000000006,0.37,0.873015873015873,126,3,False
167,0.8797120457575223,50.400000000000006,0.37,0.9047619047619048,126,3,False
168,0.8751193465698518,50.0,0.375,0.792,125,3,False
169,0.88300838984868,50.0,0.375,0.768,125,3,False
170,0.8825828866048289,49.6,0.38,0.6451612903225806,124,3,False
171,0.8857375860761729,49.6,0.38,0.6774193548387096,124,3,False
172,0.8872326127080739,49.6,0.38,0.717741935483871,124,3,False
173,0.888177479287989,49.6,0.38,0.6774193548387096,124,3,False
174,0.8904270261991228,49.6,0.38,0.7016129032258065,124,3,False
175,0.8945917704308579,49.6,0.38,0.7580645161290323,124,3,False
176,0.8902674526684599,49.6,0.38,0.782258064516129,124,3,False
177,0.8955605973724307,49.6,0.38,0.8064516129032258,124,3,False
178,0.8987416321924373,49.6,0.38,0.8387096774193549,124,3,False
179,0.8920614549138065,49.6,0.38,0.8629032258064516,124,3,False
180,0.8931132039459052,49.6,0.38,0.8951612903225806,124,3,False
181,0.8916714785643842,49.6,0.38,0.9193548387096774,124,3,False
182,0.8963599277770788,49.6,0.38,0.9112903225806451,124,3,False
183,0.8888990523037089,49.6,0.38,0.8790322580645161,124,3,False
184,0.889852508369121,49.6,0.38,0.8709677419354839,124,3,False
185,0.8915179011438297,49.6,0.38,0.9516129032258065,124,3,False
186,0.8919861387025377,49.6,0.38,0.9274193548387096,124,3,False
187,0.8919921353391311,49.6,0.38,0.9516129032258065,124,3,False
188,0.8920689108471322,49.6,0.38,0.9919354838709677,124,3,False
189,0.8921021430925685,49.6,0.38,0.9032258064516129,124,3,False
190,0.8921322869423394,49.6,0.38,0.9193548387096774,124,3,False
191,0.892150316806815,49.6,0.38,0.9435483870967742,124,3,False
192,0.8884983864688359,49.6,0.38,0.9516129032258065,124,3,False
193,0.8892510513544037,49.6,0.38,0.967741935483871,124,3,False
194,0.8892944327218368,49.6,0.38,1.0403225806451613,124,3,False
195,0.8854444848846436,49.6,0.38,1.0725806451612903,124,3,False
196,0.886784828040476,49.6,0.38,1.0887096774193548,124,3,False
197,0.8889376728836237,49.6,0.38,1.0806451612903225,124,3,False
198,0.8796458298362186,49.2,0.385,0.991869918699187,123,3,False
199,0.8737394472040001,49.2,0.385,0.991869918699187,123,3,False
200,0.8737155861131117,49.2,0.385,1.048780487804878,123,3,False
0,0.7233007208802883,80.0,0.0,0.0,200,4,False
1,0.8080987804620451,80.0,0.0,0.375,200,4,False
2,0.8848943309197118,80.0,0.0,0.7,200,4,False
3,0.92657664830507,80.0,0.0,1.035,200,4,False
4,0.9543349500928147,80.0,0.0,1.325,200,4,False
5,0.9751961629341771,80.0,0.0,1.57,200,4,False
6,0.9841799364467462,80.0,0.0,1.73,200,4,False
7,0.9876537649465873,80.0,0.0,1.975,200,4,False
8,0.9900624233295388,80.0,0.0,2.185,200,4,False
9,0.991699692888703,80.0,0.0,2.36,200,4,False
10,0.9898565493575243,80.0,0.0,2.5,200,4,False
11,0.9939273833130454,80.0,0.0,2.64,200,4,False
12,0.9920693733557522,80.0,0.0,2.865,200,4,False
13,0.9887866223369576,80.0,0.0,3.03,200,4,False
14,0.995209176771028,80.0,0.0,3.235,200,4,False
15,0.9958738037333603,80.0,0.0,3.475,200,4,False
16,0.9937487256360824,75.2,0.06,2.952127659574468,188,4,False
17,0.993920520920156,75.2,0.06,3.117021276595745,188,4,False
18,0.9913837941447642,74.8,0.065,3.171122994652406,187,4,False
19,0.9892528909041409,74.8,0.065,3.342245989304813,187,4,False
20,0.9908857448131672,74.0,0.075,3.2432432432432434,185,4,False
21,0.9922125281971113,74.0,0.075,3.324324324324324,185,4,False
22,0.9918134166154307,74.0,0.075,3.5243243243243243,185,4,False
23,0.9912073188468501,74.0,0.075,3.5945945945945947,185,4,False
24,0.991085179566303,73.60000000000001,0.08,3.614130434782609,184,4,False
25,0.990346483928622,73.60000000000001,0.08,3.7282608695652173,184,4,False
26,0.9962061895213927,73.2,0.085,3.8524590163934427,183,4,False
27,0.9928571812957624,72.0,0.1,3.816666666666667,180,4,False
28,0.9941508241802726,70.8,0.115,3.672316384180791,177,4,False
29,0.9896733709828655,70.4,0.12,3.6420454545454546,176,4,False
30,0.9895002793401707,69.60000000000001,0.13,3.6149425287356323,174,4,False
31,0.9940910822663686,68.4,0.145,3.508771929824561,171,4,False
32,0.9918839185833435,67.60000000000001,0.155,3.4319526627218937,169,4,False
33,0.9915391662055728,67.60000000000001,0.155,3.514792899408284,169,4,False
34,0.9946299105939751,66.4,0.17,3.3855421686746987,166,4,False
35,0.9939188668563389,66.0,0.175,3.3878787878787877,165,4,False
36,0.9907391582534056,64.4,0.195,3.1366459627329193,161,4,False
37,0.9889268191847718,64.0,0.2,3.1625,160,4,False
38,0.9911024831179185,63.6,0.205,3.1257861635220126,159,4,False
39,0.9907636737706551,63.2,0.21,3.1139240506329116,158,4,False
40,0.9883609254055339,62.0,0.225,2.8516129032258064,155,4,False
41,0.9882784464544643,61.6,0.23,2.7857142857142856,154,4,False
42,0.9896264254157033,60.800000000000004,0.24,2.5592105263157894,152,4,False
43,0.9922183251826854,60.400000000000006,0.245,2.5099337748344372,151,4,False
44,0.9872566784302625,60.400000000000006,0.245,2.5033112582781456,151,4,False
45,0.9867411640642542,59.6,0.255,2.422818791946309,149,4,False
46,0.9880530469718711,59.2,0.26,2.2905405405405403,148,4,False
47,0.9882553070373159,59.2,0.26,2.2162162162162162,148,4,False
48,0.9893709911885299,58.400000000000006,0.27,2.1027397260273974,146,4,False
49,0.9839441056674681,58.400000000000006,0.27,2.0684931506849313,146,4,False
50,0.980870729452349,58.0,0.275,2.013793103448276,145,4,False
51,0.9817059809510315,58.0,0.275,2.0068965517241377,145,4,False
52,0.9801628381157059,58.0,0.275,2.0620689655172413,145,4,False
53,0.9861402959829029,58.0,0.275,2.075862068965517,145,4,False
54,0.9883643568920674,58.0,0.275,2.0620689655172413,145,4,False
55,0.9912915063580002,58.0,0.275,2.0827586206896553,145,4,False
56,0.9888792473681909,57.6,0.28,1.9861111111111112,144,4,False
57,0.9860908704811435,57.6,0.28,2.0069444444444446,144,4,False
58,0.9865770019567274,57.2,0.285,1.902097902097902,143,4,False
59,0.9851242969237518,57.2,0.285,1.8531468531468531,143,4,False
60,0.9840677286344517,57.2,0.285,1.867132867132867,143,4,False
61,0.9831786594297103,57.2,0.285,1.965034965034965,143,4,False
62,0.985553455853274,56.0,0.3,1.6142857142857143,140,4,False
63,0.9840232037963066,55.6,0.305,1.5971223021582734,139,4,False
64,0.9894312929486345,55.6,0.305,1.6115107913669064,139,4,False
65,0.9893948159520758,55.2,0.31,1.4492753623188406,138,4,False
66,0.9823616426289928,55.2,0.31,1.4927536231884058,138,4,False
67,0.9841944056992761,55.2,0.31,1.5072463768115942,138,4,False
68,0.9865295669830462,55.2,0.31,1.5,138,4,False
69,0.9842789152830732,54.400000000000006,0.32,1.2647058823529411,136,4,False
70,0.9786360286451214,54.400000000000006,0.32,1.3014705882352942,136,4,False
71,0.9781568200252617,54.400000000000006,0.32,1.2352941176470589,136,4,False
72,0.9789053378271911,54.400000000000006,0.32,1.2794117647058822,136,4,False
73,0.9781101689379293,54.400000000000006,0.32,1.375,136,4,False
74,0.9794889224108723,54.400000000000006,0.32,1.3602941176470589,136,4,False
75,0.9800434366948212,54.400000000000006,0.32,1.411764705882353,136,4,False
76,0.9771594877348058,54.400000000000006,0.32,1.4191176470588236,136,4,False
77,0.9724253761429719,54.400000000000006,0.32,1.4191176470588236,136,4,False
78,0.9751461891242698,54.400000000000006,0.32,1.4191176470588236,136,4,False
79,0.9806946241901944,54.0,0.325,1.325925925925926,135,4,False
80,0.9790218352957081,54.0,0.325,1.3407407407407408,135,4,False
81,0.9797179739329832,54.0,0.325,1.3185185185185184,135,4,False
82,0.9803110418331842,54.0,0.325,1.3037037037037038,135,4,False
83,0.9811079814703789,54.0,0.325,1.362962962962963,135,4,False
84,0.9787335885162468,54.0,0.325,1.3037037037037038,135,4,False
85,0.9795719502494307,53.6,0.33,1.2164179104477613,134,4,False
86,0.9767035380658524,53.6,0.33,1.2835820895522387,134,4,False
87,0.9752224079288574,53.6,0.33,1.2686567164179106,134,4,False
88,0.9838856731881995,53.6,0.33,1.2835820895522387,134,4,False
89,0.9860944715294184,53.6,0.33,1.3582089552238805,134,4,False
90,0.9862931919924751,53.6,0.33,1.3880597014925373,134,4,False
91,0.9863855497058311,53.6,0.33,1.462686567164179,134,4,False
92,0.9864172570745998,53.6,0.33,1.4029850746268657,134,4,False
93,0.9864173302237991,53.6,0.33,1.4850746268656716,134,4,False
94,0.9864173286967731,53.6,0.33,1.5820895522388059,134,4,False
95,0.9874559415296573,53.2,0.335,1.4887218045112782,133,4,False
96,0.9817203793863918,52.800000000000004,0.34,1.3409090909090908,132,4,False
97,0.9828397921031757,52.800000000000004,0.34,1.2272727272727273,132,4,False
98,0.9841851966515173,52.800000000000004,0.34,1.2272727272727273,132,4,False
99,0.9828944623509952,52.800000000000004,0.34,1.2424242424242424,132,4,False
100,0.9851125121472493,52.800000000000004,0.34,1.303030303030303,132,4,False
101,0.9778346935557507,52.400000000000006,0.345,1.183206106870229,131,4,False
102,0.9821852389427408,52.400000000000006,0.345,1.16793893129771,131,4,False
103,0.9860665624308599,52.400000000000006,0.345,1.183206106870229,131,4,False
104,0.9868243773209031,52.400000000000006,0.345,1.0687022900763359,131,4,False
105,0.98682768281806,52.400000000000006,0.345,1.0534351145038168,131,4,False
106,0.9869162177472126,52.400000000000006,0.345,1.0763358778625953,131,4,False
107,0.987066961788033,52.400000000000006,0.345,1.0916030534351144,131,4,False
108,0.9870674732374527,52.400000000000006,0.345,1.1221374045801527,131,4,False
109,0.9870674732785002,52.400000000000006,0.345,1.1984732824427482,131,4,False
110,0.987067473296282,52.400000000000006,0.345,1.2213740458015268,131,4,False
111,0.9870674732951846,52.400000000000006,0.345,1.2061068702290076,131,4,False
112,0.9787936099166188,52.0,0.35,1.1846153846153846,130,4,False
113,0.9733748913129681,52.0,0.35,1.1615384615384616,130,4,False
114,0.9817860693299386,52.0,0.35,1.1076923076923078,130,4,False
115,0.9794353690940752,52.0,0.35,1.0923076923076922,130,4,False
116,0.9807813806718731,52.0,0.35,1.0538461538461539,130,4,False
117,0.9805633259109845,52.0,0.35,1.1076923076923078,130,4,False
118,0.9797103432825786,52.0,0.35,1.0461538461538462,130,4,False
119,0.9727515797190078,52.0,0.35,1.0538461538461539,130,4,False
120,0.9647951319368542,52.0,0.35,1.0538461538461539,130,4,False
121,0.9673033961236914,52.0,0.35,1.0769230769230769,130,4,False
122,0.9755977695035329,52.0,0.35,1.0615384615384615,130,4,False
123,0.9738550981643201,51.6,0.355,0.9689922480620154,129,4,False
124,0.9776421640223238,51.6,0.355,1.0,129,4,False
125,0.9739899171370757,51.6,0.355,1.062015503875969,129,4,False
126,0.9754396746401723,50.800000000000004,0.365,0.8188976377952756,127,4,False
127,0.9784551857963796,50.800000000000004,0.365,0.9291338582677166,127,4,False
128,0.9779978581172272,50.800000000000004,0.365,1.0236220472440944,127,4,False
129,0.9722840085212283,50.800000000000004,0.365,1.0,127,4,False
130,0.9670849364237533,50.800000000000004,0.365,0.937007874015748,127,4,False
131,0.9708828757394499,50.800000000000004,0.365,0.984251968503937,127,4,False
132,0.9751576301802525,50.800000000000004,0.365,1.094488188976378,127,4,False
133,0.9792975261207624,50.800000000000004,0.365,1.1338582677165354,127,4,False
134,0.9741955263673535,50.800000000000004,0.365,1.1811023622047243,127,4,False
135,0.9747936071561508,50.400000000000006,0.37,0.9841269841269841,126,4,False
136,0.9755395648716146,50.400000000000006,0.37,1.0396825396825398,126,4,False
137,0.9783427055580033,50.400000000000006,0.37,1.0555555555555556,126,4,False
138,0.9783577570630367,50.400000000000006,0.37,1.1984126984126984,126,4,False
139,0.9784781403626776,50.400000000000006,0.37,1.1111111111111112,126,4,False
140,0.9763933632621977,50.0,0.375,0.976,125,4,False
141,0.9715453897835112,50.0,0.375,1.032,125,4,False
142,0.9750055425105303,50.0,0.375,1.032,125,4,False
143,0.9763206878272904,50.0,0.375,1.0,125,4,False
144,0.9715013053149701,50.0,0.375,1.064,125,4,False
145,0.9749673835031093,50.0,0.375,1.104,125,4,False
146,0.9695216972623816,50.0,0.375,1.128,125,4,False
147,0.9674951930364408,50.0,0.375,1.176,125,4,False
148,0.9696180114492352,50.0,0.375,1.152,125,4,False
149,0.9668470836909744,49.6,0.38,1.0161290322580645,124,4,False
150,0.9643871482897337,49.6,0.38,1.096774193548387,124,4,False
151,0.9685828776444112,49.6,0.38,1.1209677419354838,124,4,False
152,0.9662572834489394,49.6,0.38,1.096774193548387,124,4,False
153,0.9680954396041229,49.6,0.38,1.0403225806451613,124,4,False
154,0.9692278725257154,49.6,0.38,1.0403225806451613,124,4,False
155,0.9669600346454613,49.6,0.38,1.032258064516129,124,4,False
156,0.9692539453108951,49.6,0.38,0.9274193548387096,124,4,False
157,0.9702205014894301,49.6,0.38,0.8629032258064516,124,4,False
158,0.9702916973794967,49.6,0.38,0.8145161290322581,124,4,False
159,0.9677182912087112,49.2,0.385,0.7317073170731707,123,4,False
160,0.9653784504570141,49.2,0.385,0.6910569105691057,123,4,False
161,0.9671275611733245,49.2,0.385,0.7317073170731707,123,4,False
162,0.9653832968014139,49.2,0.385,0.7642276422764228,123,4,False
163,0.967096625505503,49.2,0.385,0.7642276422764228,123,4,False
164,0.9653876021478962,49.2,0.385,0.6422764227642277,123,4,False
165,0.9655117287324225,49.2,0.385,0.6585365853658537,123,4,False
166,0.9648875751398415,49.2,0.385,0.6422764227642277,123,4,False
167,0.9634079391728338,49.2,0.385,0.6097560975609756,123,4,False
168,0.9663760661890253,49.2,0.385,0.7479674796747967,123,4,False
169,0.9655125760902616,49.2,0.385,0.7479674796747967,123,4,False
170,0.9661904049633903,49.2,0.385,0.7723577235772358,123,4,False
171,0.9673405775186495,49.2,0.385,0.7479674796747967,123,4,False
172,0.9677144116068663,49.2,0.385,0.8617886178861789,123,4,False
173,0.96771728386043,49.2,0.385,0.7642276422764228,123,4,False
174,0.9653775524413489,49.2,0.385,0.7886178861788617,123,4,False
175,0.9668788993618065,49.2,0.385,0.7967479674796748,123,4,False
176,0.9676730141430702,49.2,0.385,0.7723577235772358,123,4,False
177,0.9677186529908975,49.2,0.385,0.7804878048780488,123,4,False
178,0.9638574533409741,49.2,0.385,0.7804878048780488,123,4,False
179,0.9631748081188408,49.2,0.385,0.7967479674796748,123,4,False
180,0.9597230011186829,49.2,0.385,0.7967479674796748,123,4,False
181,0.9646758728709451,49.2,0.385,0.8455284552845529,123,4,False
182,0.9652441042378764,49.2,0.385,0.8211382113821138,123,4,False
183,0.9628114250128011,49.2,0.385,0.8780487804878049,123,4,False
184,0.9622851123996781,49.2,0.385,0.926829268292683,123,4,False
185,0.9584311193454453,48.800000000000004,0.39,0.7950819672131147,122,4,False
186,0.9596576086209424,48.800000000000004,0.39,0.7786885245901639,122,4,False
187,0.9588716244346167,48.800000000000004,0.39,0.7786885245901639,122,4,False
188,0.9596362369196146,48.800000000000004,0.39,0.8032786885245902,122,4,False
189,0.9606606767710952,48.800000000000004,0.39,0.8770491803278688,122,4,False
190,0.9583920642432641,48.800000000000004,0.39,0.9016393442622951,122,4,False
191,0.9581461554437992,48.800000000000004,0.39,0.8934426229508197,122,4,False
192,0.9638076457055955,48.800000000000004,0.39,0.9344262295081968,122,4,False
193,0.9620784808288358,48.800000000000004,0.39,0.9016393442622951,122,4,False
194,0.9635688857795893,48.800000000000004,0.39,0.9426229508196722,122,4,False
195,0.9626942164427353,48.800000000000004,0.39,0.8934426229508197,122,4,False
196,0.9636854880004296,48.800000000000004,0.39,0.9180327868852459,122,4,False
197,0.9606191398529771,48.800000000000004,0.39,0.8032786885245902,122,4,False
198,0.9625596243730107,48.800000000000004,0.39,0.8524590163934426,122,4,False
199,0.9647655090757375,48.800000000000004,0.39,0.9180327868852459,122,4,False
200,0.962658861891937,48.800000000000004,0.39,0.8852459016393442,122,4,False
0,0.7171873753807791,80.0,0.0,0.0,200,5,False
1,0.8058922905784798,80.0,0.0,0.49,200,5,False
2,0.88457848423964,80.0,0.0,0.8,200,5,False
3,0.9232495569275774,80.0,0.0,0.985,200,5,False
4,0.9574821363238722,80.0,0.0,1.295,200,5,False
5,0.9673044321038039,80.0,0.0,1.49,200,5,False
6,0.9758205223217634,80.0,0.0,1.78,200,5,False
7,0.9832772250636737,80.0,0.0,1.9,200,5,False
8,0.9848512755913661,80.0,0.0,2.125,200,5,False
9,0.9836038037088694,80.0,0.0,2.38,200,5,False
10,0.9923496388159332,80.0,0.0,2.585,200,5,False
11,0.9897231665397691,80.0,0.0,2.835,200,5,False
12,0.9939026059174687,80.0,0.0,3.035,200,5,False
13,0.9944922039506291,80.0,0.0,3.22,200,5,False
14,0.9948071948804424,80.0,0.0,3.36,200,5,False
15,0.9949721768475074,80.0,0.0,3.52,200,5,False
16,0.9975760101815792,74.8,0.065,2.7967914438502675,187,5,False
17,0.994148762726305,74.8,0.065,2.9037433155080214,187,5,False
18,0.9957979862827717,74.8,0.065,2.8663101604278074,187,5,False
19,0.9967216273843226,74.8,0.065,3.0481283422459895,187,5,False
20,0.9969137019532833,74.8,0.065,3.1497326203208558,187,5,False
21,0.9964262242398653,74.8,0.065,3.2192513368983957,187,5,False
22,0.9912017593918876,73.60000000000001,0.08,3.1032608695652173,184,5,False
23,0.9936583615887783,73.60000000000001,0.08,3.1793478260869565,184,5,False
24,0.9949461120956524,72.4,0.095,3.160220994475138,181,5,False
25,0.995340376332131,72.0,0.1,3.2,180,5,False
26,0.9959094006556848,71.2,0.11,3.1235955056179776,178,5,False
27,0.9959404897987252,71.2,0.11,3.1797752808988764,178,5,False
28,0.9936511958147999,70.4,0.12,3.125,176,5,False
29,0.9923449133237526,70.0,0.125,3.0628571428571427,175,5,False
30,0.9932762373722211,69.60000000000001,0.13,3.074712643678161,174,5,False
31,0.993689365841091,69.2,0.135,3.005780346820809,173,5,False
32,0.9895300438650193,69.2,0.135,3.115606936416185,173,5,False
33,0.991461775268305,68.8,0.14,3.197674418604651,172,5,False
34,0.9961085054489234,68.0,0.15,3.111764705882353,170,5,False
35,0.9964403201443173,68.0,0.15,3.2294117647058824,170,5,False
36,0.9938140733656528,67.2,0.16,3.1547619047619047,168,5,False
37,0.9959552068932801,67.2,0.16,3.244047619047619,168,5,False
38,0.9973408098878281,66.4,0.17,3.13855421686747,166,5,False
39,0.9977305565022088,66.0,0.175,3.103030303030303,165,5,False
40,0.9954751481013268,66.0,0.175,3.0606060606060606,165,5,False
41,0.9963147072901086,65.2,0.185,2.957055214723926,163,5,False
42,0.9962110979240425,64.8,0.19,2.876543209876543,162,5,False
43,0.99625872390993,64.8,0.19,2.8703703703703702,162,5,False
44,0.9967347640203452,64.4,0.195,2.9130434782608696,161,5,False
45,0.9943565941249487,64.4,0.195,2.8819875776397517,161,5,False
46,0.9937056951530608,63.2,0.21,2.6962025316455698,158,5,False
47,0.9931610708066371,62.800000000000004,0.215,2.662420382165605,157,5,False
48,0.9905885224415949,61.6,0.23,2.4155844155844157,154,5,False
49,0.9932868884541407,61.2,0.235,2.261437908496732,153,5,False
50,0.9924119339865571,61.2,0.235,2.2549019607843137,153,5,False
51,0.993870832057903,61.2,0.235,2.196078431372549,153,5,False
52,0.9917970811163415,60.800000000000004,0.24,2.1052631578947367,152,5,False
53,0.9931227377629875,60.800000000000004,0.24,2.1578947368421053,152,5,False
54,0.9923556820443543,60.400000000000006,0.245,2.1390728476821192,151,5,False
55,0.993347647248052,60.400000000000006,0.245,2.2582781456953644,151,5,False
56,0.9887595475020593,60.400000000000006,0.245,2.218543046357616,151,5,False
57,0.9854902689522708,60.400000000000006,0.245,2.2582781456953644,151,5,False
58,0.9853339638832396,60.0,0.25,2.1533333333333333,150,5,False
59,0.986899304241876,59.6,0.255,2.040268456375839,149,5,False
60,0.9851611141800265,59.6,0.255,2.1073825503355703,149,5,False
61,0.9878406821690163,59.6,0.255,2.087248322147651,149,5,False
62,0.9927636490560825,58.800000000000004,0.265,1.9795918367346939,147,5,False
63,0.9943614751622655,58.800000000000004,0.265,1.9931972789115646,147,5,False
64,0.9935922339088201,58.800000000000004,0.265,2.0,147,5,False
65,0.9972075684190947,58.400000000000006,0.27,1.9726027397260273,146,5,False
66,0.997399142668441,58.400000000000006,0.27,1.9383561643835616,146,5,False
67,0.9966264647912153,58.0,0.275,1.8482758620689654,145,5,False
68,0.9970286803198145,57.2,0.285,1.6573426573426573,143,5,False
69,0.9943615670607493,57.2,0.285,1.6013986013986015,143,5,False
70,0.9908068816389356,57.2,0.285,1.5944055944055944,143,5,False
71,0.9903822549306794,57.2,0.285,1.5384615384615385,143,5,False
72,0.9952026977008563,57.2,0.285,1.5944055944055944,143,5,False
73,0.9962730621116421,57.2,0.285,1.5664335664335665,143,5,False
74,0.9968098474464764,57.2,0.285,1.6223776223776223,143,5,False
75,0.9936859414496134,56.800000000000004,0.29,1.4788732394366197,142,5,False
76,0.9922324892044496,56.800000000000004,0.29,1.5492957746478873,142,5,False
77,0.9942789544369239,56.400000000000006,0.295,1.375886524822695,141,5,False
78,0.9964052858413808,56.400000000000006,0.295,1.3546099290780143,141,5,False
79,0.993248729210582,56.400000000000006,0.295,1.4042553191489362,141,5,False
80,0.9900026356024162,56.0,0.3,1.3357142857142856,140,5,False
81,0.9924499851658664,56.0,0.3,1.3142857142857143,140,5,False
82,0.9887271523581342,55.6,0.305,1.1870503597122302,139,5,False
83,0.9887262296874412,55.6,0.305,1.20863309352518,139,5,False
84,0.98178493808452,55.6,0.305,1.2446043165467626,139,5,False
85,0.9901295574831112,55.6,0.305,1.2517985611510791,139,5,False
86,0.9874883824478439,55.6,0.305,1.1942446043165467,139,5,False
87,0.9888825455574839,55.2,0.31,1.1594202898550725,138,5,False
88,0.9900916135897375,55.2,0.31,1.2681159420289856,138,5,False
89,0.9882414211755195,55.2,0.31,1.2608695652173914,138,5,False
90,0.9926870941722394,55.2,0.31,1.289855072463768,138,5,False
91,0.9907092603021236,55.2,0.31,1.326086956521739,138,5,False
92,0.9913661228672729,54.800000000000004,0.315,1.2262773722627738,137,5,False
93,0.9866074707153982,54.800000000000004,0.315,1.2554744525547445,137,5,False
94,0.978560239732254,54.800000000000004,0.315,1.2043795620437956,137,5,False
95,0.990066371107362,54.800000000000004,0.315,1.27007299270073,137,5,False
96,0.9877063450994007,54.800000000000004,0.315,1.364963503649635,137,5,False
97,0.9900571579405283,54.800000000000004,0.315,1.313868613138686,137,5,False
98,0.9904218885685394,54.800000000000004,0.315,1.27007299270073,137,5,False
99,0.9868731875948282,54.800000000000004,0.315,1.3722627737226278,137,5,False
100,0.990972785433102,54.800000000000004,0.315,1.3065693430656935,137,5,False
101,0.9903436516088612,54.800000000000004,0.315,1.2846715328467153,137,5,False
102,0.9905674784630337,54.400000000000006,0.32,1.2573529411764706,136,5,False
103,0.9895526536877985,54.400000000000006,0.32,1.25,136,5,False
104,0.9903158340376117,54.400000000000006,0.32,1.2794117647058822,136,5,False
105,0.9888978768026261,54.400000000000006,0.32,1.3014705882352942,136,5,False
106,0.9867984774961998,54.0,0.325,1.1777777777777778,135,5,False
107,0.9882823025148361,54.0,0.325,1.1481481481481481,135,5,False
108,0.9922547183423084,53.6,0.33,1.0820895522388059,134,5,False
109,0.9939287201793375,53.6,0.33,1.044776119402985,134,5,False
110,0.9913956529463791,53.6,0.33,1.0149253731343284,134,5,False
111,0.9939084710606683,53.6,0.33,1.0970149253731343,134,5,False
112,0.9936006324349237,53.2,0.335,1.0977443609022557,133,5,False
113,0.9885045536231764,53.2,0.335,1.105263157894737,133,5,False
114,0.9896416352835786,53.2,0.335,1.0601503759398496,133,5,False
115,0.9929636103389534,53.2,0.335,1.037593984962406,133,5,False
116,0.9935931009866615,53.2,0.335,1.0751879699248121,133,5,False
117,0.9936197490013965,53.2,0.335,1.1654135338345866,133,5,False
118,0.993619761604423,53.2,0.335,1.0827067669172932,133,5,False
119,0.993619761604917,53.2,0.335,1.0751879699248121,133,5,False
120,0.9906224881616521,53.2,0.335,1.0751879699248121,133,5,False
121,0.9929985109194089,53.2,0.335,1.0827067669172932,133,5,False
122,0.9894791134514848,53.2,0.335,1.0150375939849625,133,5,False
123,0.9888533405740788,53.2,0.335,1.0300751879699248,133,5,False
124,0.9874641928727728,53.2,0.335,0.9774436090225563,133,5,False
125,0.9913744312924732,53.2,0.335,0.924812030075188,133,5,False
126,0.9923639256309378,53.2,0.335,0.9699248120300752,133,5,False
127,0.9869986478517189,53.2,0.335,0.8721804511278195,133,5,False
128,0.9883610610371958,53.2,0.335,0.9323308270676691,133,5,False
129,0.9905382394660647,53.2,0.335,0.9323308270676691,133,5,False
130,0.9929984352533376,53.2,0.335,0.7518796992481203,133,5,False
131,0.9924665236599999,53.2,0.335,0.7368421052631579,133,5,False
132,0.9934505673307167,53.2,0.335,0.6842105263157895,133,5,False
133,0.9934858308240951,53.2,0.335,0.6541353383458647,133,5,False
134,0.9905889126357396,53.2,0.335,0.7593984962406015,133,5,False
135,0.9888998242941196,53.2,0.335,0.7368421052631579,133,5,False
136,0.99063338748266,53.2,0.335,0.706766917293233,133,5,False
137,0.9892281042126584,53.2,0.335,0.6842105263157895,133,5,False
138,0.9890730379963684,53.2,0.335,0.6616541353383458,133,5,False
139,0.9913367671470594,53.2,0.335,0.706766917293233,133,5,False
140,0.9932998917777001,53.2,0.335,0.7218045112781954,133,5,False
141,0.993614866989648,53.2,0.335,0.7368421052631579,133,5,False
142,0.993619760496294,53.2,0.335,0.7368421052631579,133,5,False
143,0.9936197616047913,53.2,0.335,0.7819548872180451,133,5,False
144,0.9936197616046614,53.2,0.335,0.7669172932330827,133,5,False
145,0.9936197616047913,53.2,0.335,0.7669172932330827,133,5,False
146,0.9906224881615294,53.2,0.335,0.7894736842105263,133,5,False
147,0.9877609783387641,53.2,0.335,0.7443609022556391,133,5,False
148,0.987901842498288,53.2,0.335,0.7368421052631579,133,5,False
149,0.9914960888423102,53.2,0.335,0.7819548872180451,133,5,False
150,0.9917918016860537,53.2,0.335,0.7969924812030075,133,5,False
151,0.9896002206823131,53.2,0.335,0.8045112781954887,133,5,False
152,0.988472561862036,53.2,0.335,0.8045112781954887,133,5,False
153,0.986030002162923,53.2,0.335,0.7969924812030075,133,5,False
154,0.9900302273646134,53.2,0.335,0.8872180451127819,133,5,False
155,0.9892551601628364,53.2,0.335,0.9097744360902256,133,5,False
156,0.9890805461405651,53.2,0.335,0.9849624060150376,133,5,False
157,0.9894573865903243,53.2,0.335,1.0977443609022557,133,5,False
158,0.9849699592090672,53.2,0.335,1.0676691729323309,133,5,False
159,0.9831533096082137,53.2,0.335,1.1353383458646618,133,5,False
160,0.9846177508343208,53.2,0.335,1.1353383458646618,133,5,False
161,0.9815432325148307,53.2,0.335,1.1428571428571428,133,5,False
162,0.9807211759144424,53.2,0.335,1.1353383458646618,133,5,False
163,0.9850301230295722,53.2,0.335,1.105263157894737,133,5,False
164,0.9868353554703073,53.2,0.335,1.150375939849624,133,5,False
165,0.9883154795435305,53.2,0.335,1.1804511278195489,133,5,False
166,0.9891944256313081,53.2,0.335,1.150375939849624,133,5,False
167,0.9916324922797496,53.2,0.335,1.0751879699248121,133,5,False
168,0.9889103092482947,53.2,0.335,1.1729323308270676,133,5,False
169,0.9874628829136669,53.2,0.335,1.0902255639097744,133,5,False
170,0.9895375217103537,53.2,0.335,1.112781954887218,133,5,False
171,0.9897601237212709,53.2,0.335,1.037593984962406,133,5,False
172,0.9923454956586598,53.2,0.335,1.0977443609022557,133,5,False
173,0.9896002828446959,53.2,0.335,1.1578947368421053,133,5,False
174,0.991117890765711,53.2,0.335,1.1428571428571428,133,5,False
175,0.9905186411183768,53.2,0.335,1.037593984962406,133,5,False
176,0.9929530507249146,53.2,0.335,1.0451127819548873,133,5,False
177,0.9932163401026838,53.2,0.335,1.0526315789473684,133,5,False
178,0.9934996359709458,53.2,0.335,1.1203007518796992,133,5,False
179,0.9933514228883263,53.2,0.335,1.0451127819548873,133,5,False
180,0.9932404687388318,53.2,0.335,1.0827067669172932,133,5,False
181,0.9933146930289515,53.2,0.335,1.0827067669172932,133,5,False
182,0.9933497001999212,53.2,0.335,1.0751879699248121,133,5,False
183,0.9925087231975984,52.800000000000004,0.34,1.0151515151515151,132,5,False
184,0.9926198649115272,52.800000000000004,0.34,1.0075757575757576,132,5,False
185,0.9895686454004546,52.800000000000004,0.34,0.9772727272727273,132,5,False
186,0.9856027031495651,52.800000000000004,0.34,0.9924242424242424,132,5,False
187,0.9895056553721664,52.800000000000004,0.34,0.9772727272727273,132,5,False
188,0.9920158961291533,52.800000000000004,0.34,0.9090909090909091,132,5,False
189,0.9920264260426339,52.800000000000004,0.34,0.9318181818181818,132,5,False
190,0.9924985061262519,52.800000000000004,0.34,0.9696969696969697,132,5,False
191,0.9924564663866678,52.800000000000004,0.34,1.0606060606060606,132,5,False
192,0.9894493502149608,52.800000000000004,0.34,1.0454545454545454,132,5,False
193,0.9906563176369201,52.800000000000004,0.34,1.0378787878787878,132,5,False
194,0.9918184756710001,52.800000000000004,0.34,1.0909090909090908,132,5,False
195,0.99244774871392,52.800000000000004,0.34,1.0227272727272727,132,5,False
196,0.9925271519536213,52.800000000000004,0.34,1.0681818181818181,132,5,False
197,0.9894956656519833,52.800000000000004,0.34,1.0909090909090908,132,5,False
198,0.9897975355099996,52.800000000000004,0.34,1.0454545454545454,132,5,False
199,0.9926066750829192,52.800000000000004,0.34,1.0378787878787878,132,5,False
200,0.9895565695913955,52.800000000000004,0.34,1.0454545454545454,132,5,False
0,0.7100485014661394,80.0,0.0,0.0,200,6,False
1,0.7669728538799697,80.0,0.0,0.42,200,6,False
2,0.8488593732630367,80.0,0.0,0.7,200,6,False
3,0.8878849625601768,80.0,0.0,0.96,200,6,False
4,0.9222247869594417,80.0,0.0,1.16,200,6,False
5,0.9224249903683515,80.0,0.0,1.355,200,6,False
6,0.9217075720667214,80.0,0.0,1.535,200,6,False
7,0.9423357360351216,80.0,0.0,1.775,200,6,False
8,0.9493548118035507,80.0,0.0,1.99,200,6,False
9,0.9548467753699729,80.0,0.0,2.13,200,6,False
10,0.96477698740991,80.0,0.0,2.385,200,6,False
11,0.9741162724109537,80.0,0.0,2.545,200,6,False
12,0.9718885741737858,80.0,0.0,2.825,200,6,False
13,0.9838121363751343,80.0,0.0,2.975,200,6,False
14,0.984416009414908,80.0,0.0,3.175,200,6,False
15,0.9818236048717092,80.0,0.0,3.355,200,6,False
16,0.9849999309491166,76.0,0.05,2.8105263157894735,190,6,False
17,0.9839461775589784,75.2,0.06,2.925531914893617,188,6,False
18,0.9917146892103799,74.4,0.07,2.78494623655914,186,6,False
19,0.9884962091334581,74.4,0.07,2.8763440860215055,186,6,False
20,0.9866002211151839,73.60000000000001,0.08,2.739130434782609,184,6,False
21,0.9879421989077113,73.60000000000001,0.08,2.8967391304347827,184,6,False
22,0.9896783915800925,72.4,0.095,2.7955801104972378,181,6,False
23,0.9892700790952141,72.4,0.095,2.7955801104972378,181,6,False
24,0.9911466819172066,72.0,0.1,2.7222222222222223,180,6,False
25,0.9942205566896613,71.60000000000001,0.105,2.7597765363128492,179,6,False
26,0.994777786406246,71.2,0.11,2.702247191011236,178,6,False
27,0.9923406269190602,70.4,0.12,2.659090909090909,176,6,False
28,0.9939249464616952,70.0,0.125,2.611428571428571,175,6,False
29,0.9963401232315777,68.8,0.14,2.4767441860465116,172,6,False
30,0.9962099071878293,68.8,0.14,2.5348837209302326,172,6,False
31,0.9964955401235313,68.8,0.14,2.4825581395348837,172,6,False
32,0.9911826576773366,68.0,0.15,2.411764705882353,170,6,False
33,0.9915843624024786,67.60000000000001,0.155,2.3491124260355027,169,6,False
34,0.9957904029205985,67.2,0.16,2.2916666666666665,168,6,False
35,0.994156472149741,67.2,0.16,2.3035714285714284,168,6,False
36,0.9927621043583486,66.4,0.17,2.1686746987951806,166,6,False
37,0.9928853450440454,66.4,0.17,2.144578313253012,166,6,False
38,0.9936296260842103,65.60000000000001,0.18,2.1158536585365852,164,6,False
39,0.9943607192000729,65.60000000000001,0.18,2.2134146341463414,164,6,False
40,0.9964401070364499,64.8,0.19,2.1358024691358026,162,6,False
41,0.9942649592257392,64.8,0.19,2.2160493827160495,162,6,False
42,0.9901114058370439,64.8,0.19,2.308641975308642,162,6,False
43,0.9917852776404728,64.8,0.19,2.376543209876543,162,6,False
44,0.992149069241846,64.8,0.19,2.4135802469135803,162,6,False
45,0.9886931636080118,64.8,0.19,2.4753086419753085,162,6,False
46,0.9883395541358394,64.0,0.2,2.28125,160,6,False
47,0.9918314927057832,64.0,0.2,2.16875,160,6,False
48,0.9928522912090266,64.0,0.2,2.20625,160,6,False
49,0.9938904258128112,63.6,0.205,2.119496855345912,159,6,False
50,0.9893810400668027,63.2,0.21,2.0822784810126582,158,6,False
51,0.9890966887175556,63.2,0.21,2.151898734177215,158,6,False
52,0.9893170240215994,62.800000000000004,0.215,2.0445859872611467,157,6,False
53,0.993126230354805,62.400000000000006,0.22,1.955128205128205,156,6,False
54,0.991660846916898,61.6,0.23,1.7922077922077921,154,6,False
55,0.9936185145272676,61.6,0.23,1.7792207792207793,154,6,False
56,0.9976041003345045,61.6,0.23,1.7402597402597402,154,6,False
57,0.9976178920685786,61.6,0.23,1.8571428571428572,154,6,False
58,0.9952171561309603,61.6,0.23,1.9545454545454546,154,6,False
59,0.9970102581776669,61.6,0.23,1.974025974025974,154,6,False
60,0.995711308770595,61.6,0.23,2.012987012987013,154,6,False
61,0.9931088570276808,61.2,0.235,1.8496732026143792,153,6,False
62,0.9913195018058383,61.2,0.235,1.8758169934640523,153,6,False
63,0.9902875031210063,61.2,0.235,1.8235294117647058,153,6,False
64,0.9880157083162528,60.800000000000004,0.24,1.7105263157894737,152,6,False
65,0.9928639094027341,60.800000000000004,0.24,1.7171052631578947,152,6,False
66,0.9909168514523724,60.400000000000006,0.245,1.576158940397351,151,6,False
67,0.9931209168112008,60.400000000000006,0.245,1.5827814569536425,151,6,False
68,0.9948671130078677,60.0,0.25,1.5466666666666666,150,6,False
69,0.9950176779952453,60.0,0.25,1.5666666666666667,150,6,False
70,0.9921611360495111,60.0,0.25,1.5666666666666667,150,6,False
71,0.9933394682139425,60.0,0.25,1.5866666666666667,150,6,False
72,0.994673602248786,60.0,0.25,1.5933333333333333,150,6,False
73,0.9923483328313951,60.0,0.25,1.6666666666666667,150,6,False
74,0.9926344712677383,60.0,0.25,1.78,150,6,False
75,0.9920902519178608,60.0,0.25,1.8266666666666667,150,6,False
76,0.9915667179664593,60.0,0.25,1.7533333333333334,150,6,False
77,0.9909965798201472,60.0,0.25,1.7733333333333334,150,6,False
78,0.9894672468276656,59.6,0.255,1.7651006711409396,149,6,False
79,0.9918709247852487,59.6,0.255,1.7583892617449663,149,6,False
80,0.9960492455874195,59.6,0.255,1.7986577181208054,149,6,False
81,0.9922215139182937,58.800000000000004,0.265,1.5034013605442176,147,6,False
82,0.9873181830411498,58.800000000000004,0.265,1.4829931972789117,147,6,False
83,0.9885912827366566,58.800000000000004,0.265,1.469387755102041,147,6,False
84,0.9899752525741138,58.800000000000004,0.265,1.530612244897959,147,6,False
85,0.9965791588343714,58.800000000000004,0.265,1.5442176870748299,147,6,False
86,0.9930019386558399,58.800000000000004,0.265,1.653061224489796,147,6,False
87,0.995730618910896,58.800000000000004,0.265,1.6938775510204083,147,6,False
88,0.993198519615066,58.800000000000004,0.265,1.7414965986394557,147,6,False
89,0.9911123050888379,58.800000000000004,0.265,1.7551020408163265,147,6,False
90,0.9878269164952473,58.800000000000004,0.265,1.7891156462585034,147,6,False
91,0.9895997559054371,58.800000000000004,0.265,1.7959183673469388,147,6,False
92,0.9903146086484906,58.400000000000006,0.27,1.6917808219178083,146,6,False
93,0.9931591859415336,58.400000000000006,0.27,1.63013698630137,146,6,False
94,0.9922140480358947,58.400000000000006,0.27,1.63013698630137,146,6,False
95,0.9927683095614402,58.400000000000006,0.27,1.7054794520547945,146,6,False
96,0.991865419132155,58.400000000000006,0.27,1.7054794520547945,146,6,False
97,0.9902858622130282,58.0,0.275,1.6,145,6,False
98,0.9953493875693193,58.0,0.275,1.5241379310344827,145,6,False
99,0.9904815190831585,58.0,0.275,1.5862068965517242,145,6,False
100,0.9913149374122655,58.0,0.275,1.4965517241379311,145,6,False
101,0.9886094733416727,58.0,0.275,1.5862068965517242,145,6,False
102,0.9827685360059099,58.0,0.275,1.5586206896551724,145,6,False
103,0.9854162885913249,57.6,0.28,1.5208333333333333,144,6,False
104,0.9854381313001114,57.2,0.285,1.3566433566433567,143,6,False
105,0.9908158967553057,57.2,0.285,1.4055944055944056,143,6,False
106,0.9877133129157228,56.800000000000004,0.29,1.323943661971831,142,6,False
107,0.9907986117705727,56.800000000000004,0.29,1.232394366197183,142,6,False
108,0.9937648946985423,56.800000000000004,0.29,1.3169014084507042,142,6,False
109,0.9908653514311924,56.800000000000004,0.29,1.3169014084507042,142,6,False
110,0.9888569033127451,56.800000000000004,0.29,1.3028169014084507,142,6,False
111,0.9929233214565608,56.800000000000004,0.29,1.2464788732394365,142,6,False
112,0.9921490387330774,56.800000000000004,0.29,1.2605633802816902,142,6,False
113,0.9920818590290265,56.400000000000006,0.295,1.1134751773049645,141,6,False
114,0.9916858303988861,56.400000000000006,0.295,1.1418439716312057,141,6,False
115,0.9921968679654838,56.400000000000006,0.295,1.1347517730496455,141,6,False
116,0.9939744282246421,56.400000000000006,0.295,1.1843971631205674,141,6,False
117,0.9952490599772679,56.400000000000006,0.295,1.0921985815602837,141,6,False
118,0.9947890002369995,56.400000000000006,0.295,1.1702127659574468,141,6,False
119,0.9954253592813963,56.400000000000006,0.295,1.1631205673758864,141,6,False
120,0.9927791982129377,56.400000000000006,0.295,1.1702127659574468,141,6,False
121,0.9943843057378837,56.400000000000006,0.295,1.2765957446808511,141,6,False
122,0.9956818048074964,56.400000000000006,0.295,1.3404255319148937,141,6,False
123,0.9905305084765884,56.400000000000006,0.295,1.2411347517730495,141,6,False
124,0.9919165632217304,56.400000000000006,0.295,1.3120567375886525,141,6,False
125,0.9916752548546203,56.400000000000006,0.295,1.326241134751773,141,6,False
126,0.9941413021297815,56.400000000000006,0.295,1.3333333333333333,141,6,False
127,0.9952257835768619,56.400000000000006,0.295,1.3404255319148937,141,6,False
128,0.9929462757566702,56.400000000000006,0.295,1.2411347517730495,141,6,False
129,0.9906867856012279,56.400000000000006,0.295,1.2836879432624113,141,6,False
130,0.9894627101864623,56.0,0.3,1.2,140,6,False
131,0.9931924477160192,56.0,0.3,1.1571428571428573,140,6,False
132,0.9932455170605047,56.0,0.3,1.1571428571428573,140,6,False
133,0.9868508198047519,56.0,0.3,1.1571428571428573,140,6,False
134,0.9820972656739124,56.0,0.3,1.2,140,6,False
135,0.9865521419728889,56.0,0.3,1.2142857142857142,140,6,False
136,0.9886582370213124,56.0,0.3,1.2642857142857142,140,6,False
137,0.9926209395096725,56.0,0.3,1.2428571428571429,140,6,False
138,0.988077532493734,56.0,0.3,1.2,140,6,False
139,0.9908733243061666,56.0,0.3,1.1642857142857144,140,6,False
140,0.9905173574645574,56.0,0.3,1.2785714285714285,140,6,False
141,0.9889510533592287,56.0,0.3,1.2357142857142858,140,6,False
142,0.9925537142642482,56.0,0.3,1.25,140,6,False
143,0.988478247589814,56.0,0.3,1.1428571428571428,140,6,False
144,0.9898335281864333,56.0,0.3,1.0571428571428572,140,6,False
145,0.9915213921013638,56.0,0.3,0.9785714285714285,140,6,False
146,0.9948604578422119,56.0,0.3,0.9142857142857143,140,6,False
147,0.9921626791087503,56.0,0.3,1.0214285714285714,140,6,False
148,0.9923416514251657,56.0,0.3,1.042857142857143,140,6,False
149,0.9921526056435691,56.0,0.3,1.1071428571428572,140,6,False
150,0.9905240941704951,56.0,0.3,1.0857142857142856,140,6,False
151,0.9914345235380336,56.0,0.3,1.0785714285714285,140,6,False
152,0.9860356307815081,56.0,0.3,1.0642857142857143,140,6,False
153,0.9887945252749821,56.0,0.3,1.1214285714285714,140,6,False
154,0.986572345705759,56.0,0.3,1.1571428571428573,140,6,False
155,0.9884869338616359,56.0,0.3,1.0928571428571427,140,6,False
156,0.986616276428931,56.0,0.3,1.042857142857143,140,6,False
157,0.9870033456177721,56.0,0.3,1.1142857142857143,140,6,False
158,0.98858377991953,56.0,0.3,1.1071428571428572,140,6,False
159,0.9885293280547565,56.0,0.3,1.1785714285714286,140,6,False
160,0.9915534447767688,56.0,0.3,1.1785714285714286,140,6,False
161,0.9868206823113271,56.0,0.3,1.2214285714285715,140,6,False
162,0.9891951392577303,56.0,0.3,1.2285714285714286,140,6,False
163,0.9859195189381204,56.0,0.3,1.3857142857142857,140,6,False
164,0.984482527945006,55.6,0.305,1.2302158273381294,139,6,False
165,0.990473725687184,55.6,0.305,1.2302158273381294,139,6,False
166,0.9861905562486697,55.6,0.305,1.158273381294964,139,6,False
167,0.9877863070734462,55.6,0.305,1.2014388489208634,139,6,False
168,0.9793672175166381,55.6,0.305,1.2374100719424461,139,6,False
169,0.986604962003403,55.6,0.305,1.1223021582733812,139,6,False
170,0.9825562166891336,55.6,0.305,1.064748201438849,139,6,False
171,0.9877491025368925,55.6,0.305,1.1510791366906474,139,6,False
172,0.9897423516891004,55.6,0.305,1.0863309352517985,139,6,False
173,0.9895695908223456,55.6,0.305,1.064748201438849,139,6,False
174,0.9909412079164002,55.6,0.305,1.143884892086331,139,6,False
175,0.9911208621427725,55.6,0.305,1.0935251798561152,139,6,False
176,0.9871306738524203,55.6,0.305,1.1007194244604317,139,6,False
177,0.9892944024383316,55.6,0.305,1.2158273381294964,139,6,False
178,0.9918435559236066,55.6,0.305,1.20863309352518,139,6,False
179,0.9935282799715822,55.6,0.305,1.2302158273381294,139,6,False
180,0.9866110517740629,55.6,0.305,1.1942446043165467,139,6,False
181,0.9886403452878704,55.6,0.305,1.2589928057553956,139,6,False
182,0.991951488458022,55.6,0.305,1.3093525179856116,139,6,False
183,0.9912227310456878,55.6,0.305,1.2805755395683454,139,6,False
184,0.9879036689118172,55.6,0.305,1.2733812949640289,139,6,False
185,0.9863478516064879,55.6,0.305,1.2302158273381294,139,6,False
186,0.9859012281467177,55.6,0.305,1.2158273381294964,139,6,False
187,0.9864610475703518,55.6,0.305,1.2374100719424461,139,6,False
188,0.9914743403617547,55.6,0.305,1.2517985611510791,139,6,False
189,0.9926111295957974,55.6,0.305,1.2877697841726619,139,6,False
190,0.9928277262389612,55.6,0.305,1.2805755395683454,139,6,False
191,0.9896415765018526,55.6,0.305,1.2877697841726619,139,6,False
192,0.988900303088979,55.2,0.31,1.2463768115942029,138,6,False
193,0.9919408143080558,55.2,0.31,1.2463768115942029,138,6,False
194,0.9929279215302514,55.2,0.31,1.2028985507246377,138,6,False
195,0.9931101201957903,55.2,0.31,1.1231884057971016,138,6,False
196,0.9905450329952677,55.2,0.31,1.1014492753623188,138,6,False
197,0.990727889033741,55.2,0.31,1.1521739130434783,138,6,False
198,0.9881003150651574,55.2,0.31,1.0507246376811594,138,6,False
199,0.9862112332401416,55.2,0.31,1.1231884057971016,138,6,False
200,0.9911039893036093,55.2,0.31,1.1594202898550725,138,6,False
0,0.7153436961523177,80.0,0.0,0.0,200,7,False
1,0.8115653732702417,80.0,0.0,0.46,200,7,False
2,0.8842802985571779,80.0,0.0,0.81,200,7,False
3,0.9392469170499311,80.0,0.0,1.17,200,7,False
4,0.9570916191793817,80.0,0.0,1.385,200,7,False
5,0.9684994142493415,80.0,0.0,1.68,200,7,False
6,0.9685447109974324,80.0,0.0,1.935,200,7,False
7,0.9800562950924379,80.0,0.0,2.18,200,7,False
8,0.9903616028155765,80.0,0.0,2.475,200,7,False
9,0.9932312244112355,80.0,0.0,2.805,200,7,False
10,0.9938903804583188,80.0,0.0,2.935,200,7,False
11,0.993904792583056,80.0,0.0,3.185,200,7,False
12,0.9939189810022728,80.0,0.0,3.545,200,7,False
13,0.9939273824531724,80.0,0.0,3.81,200,7,False
14,0.9939315833489362,80.0,0.0,4.095,200,7,False
15,0.9939315849573663,80.0,0.0,4.33,200,7,False
16,0.9855475687515173,73.2,0.085,3.420765027322404,183,7,False
17,0.9844215861081818,72.8,0.09,3.5604395604395602,182,7,False
18,0.9844215861081819,72.8,0.09,3.67032967032967,182,7,False
19,0.9832391654287129,72.4,0.095,3.7569060773480665,181,7,False
20,0.9819984662179073,72.0,0.1,3.8944444444444444,180,7,False
21,0.9819984662179073,72.0,0.1,4.066666666666666,180,7,False
22,0.979334505533254,71.2,0.11,4.084269662921348,178,7,False
23,0.9788570666980934,70.4,0.12,4.159090909090909,176,7,False
24,0.9802677308925927,68.8,0.14,4.0523255813953485,172,7,False
25,0.9802677308925927,68.8,0.14,4.151162790697675,172,7,False
26,0.9777913234467169,66.8,0.165,3.874251497005988,167,7,False
27,0.9777913234467169,66.8,0.165,3.874251497005988,167,7,False
28,0.9762010553713076,66.4,0.17,3.9759036144578315,166,7,False
29,0.9772433634301274,66.0,0.175,3.9515151515151516,165,7,False
30,0.9756097560975616,65.60000000000001,0.18,3.8841463414634148,164,7,False
31,0.970217351044305,64.4,0.195,3.8260869565217392,161,7,False
32,0.9640219121346725,63.2,0.21,3.778481012658228,158,7,False
33,0.9593993299420357,62.400000000000006,0.22,3.730769230769231,156,7,False
34,0.9543466530324075,61.6,0.23,3.675324675324675,154,7,False
35,0.9503253570676609,60.400000000000006,0.245,3.5099337748344372,151,7,False
36,0.9459459459459462,59.2,0.26,3.2567567567567566,148,7,False
37,0.9459459459459462,59.2,0.26,3.358108108108108,148,7,False
38,0.9428090415820625,58.800000000000004,0.265,3.421768707482993,147,7,False
39,0.9395303123003965,58.400000000000006,0.27,3.5342465753424657,146,7,False
40,0.9325227961996967,57.6,0.28,3.451388888888889,144,7,False
41,0.934240609351875,57.2,0.285,3.3636363636363638,143,7,False
42,0.9322937149024102,56.400000000000006,0.295,3.1560283687943262,141,7,False
43,0.9340497736158588,56.0,0.3,3.057142857142857,140,7,False
44,0.9302578345464518,55.6,0.305,3.0071942446043165,139,7,False
45,0.9320542139602047,55.2,0.31,2.949275362318841,138,7,False
46,0.9338502535310659,54.800000000000004,0.315,2.9197080291970803,137,7,False
47,0.9356455129756971,54.400000000000006,0.32,2.8529411764705883,136,7,False
48,0.9374395270848234,54.0,0.325,2.7037037037037037,135,7,False
49,0.9336414431661734,53.6,0.33,2.574626865671642,134,7,False
50,0.9336414431661734,53.6,0.33,2.462686567164179,134,7,False
51,0.9336414431661734,53.6,0.33,2.544776119402985,134,7,False
52,0.9296590385608275,53.2,0.335,2.5338345864661656,133,7,False
53,0.9254835184288138,52.800000000000004,0.34,2.537878787878788,132,7,False
54,0.9254835184288138,52.800000000000004,0.34,2.6893939393939394,132,7,False
55,0.9254835184288138,52.800000000000004,0.34,2.8181818181818183,132,7,False
56,0.9211055345953183,52.400000000000006,0.345,2.7480916030534353,131,7,False
57,0.9185310538665811,51.6,0.355,2.5271317829457365,129,7,False
58,0.9108677292319726,50.400000000000006,0.37,2.238095238095238,126,7,False
59,0.9108677292319726,50.400000000000006,0.37,2.1904761904761907,126,7,False
60,0.9056621886774349,50.0,0.375,2.112,125,7,False
61,0.9056621886774349,50.0,0.375,2.016,125,7,False
62,0.9056621886774349,50.0,0.375,2.104,125,7,False
63,0.9056621886774349,50.0,0.375,2.064,125,7,False
64,0.900196533056504,49.6,0.38,1.9274193548387097,124,7,False
65,0.888427797038637,48.800000000000004,0.39,1.6311475409836065,122,7,False
66,0.8820934918430625,48.400000000000006,0.395,1.462809917355372,121,7,False
67,0.8820934918430625,48.400000000000006,0.395,1.4710743801652892,121,7,False
68,0.8820934918430625,48.400000000000006,0.395,1.3801652892561984,121,7,False
69,0.8820934918430625,48.400000000000006,0.395,1.462809917355372,121,7,False
70,0.8820934918430625,48.400000000000006,0.395,1.537190082644628,121,7,False
71,0.8820934918430625,48.400000000000006,0.395,1.4545454545454546,121,7,False
72,0.8820934918430625,48.400000000000006,0.395,1.487603305785124,121,7,False
73,0.8820934918430625,48.400000000000006,0.395,1.4462809917355373,121,7,False
74,0.8820934918430625,48.400000000000006,0.395,1.5206611570247934,121,7,False
75,0.8684376929589118,47.6,0.405,1.3025210084033614,119,7,False
76,0.8684376929589118,47.6,0.405,1.3529411764705883,119,7,False
77,0.8684376929589118,47.6,0.405,1.3277310924369747,119,7,False
78,0.8684376929589118,47.6,0.405,1.3781512605042017,119,7,False
79,0.8610770031105455,47.2,0.41,1.2966101694915255,118,7,False
80,0.8533322375623027,46.800000000000004,0.415,1.2222222222222223,117,7,False
81,0.8533322375623027,46.800000000000004,0.415,1.2222222222222223,117,7,False
82,0.8451793778466306,46.400000000000006,0.42,1.1379310344827587,116,7,False
83,0.8365922414473527,46.0,0.425,1.0608695652173914,115,7,False
84,0.8275422045663686,45.6,0.43,0.8333333333333334,114,7,False
85,0.8275422045663686,45.6,0.43,0.8596491228070176,114,7,False
86,0.8275422045663686,45.6,0.43,0.8508771929824561,114,7,False
87,0.8275422045663686,45.6,0.43,0.8333333333333334,114,7,False
88,0.8275422045663686,45.6,0.43,0.9298245614035088,114,7,False
89,0.8275422045663686,45.6,0.43,0.9122807017543859,114,7,False
90,0.8275422045663686,45.6,0.43,0.9122807017543859,114,7,False
91,0.8275422045663686,45.6,0.43,0.9122807017543859,114,7,False
92,0.8275422045663686,45.6,0.43,1.0,114,7,False
93,0.8275422045663686,45.6,0.43,0.9649122807017544,114,7,False
94,0.8275422045663686,45.6,0.43,1.0263157894736843,114,7,False
95,0.8275422045663686,45.6,0.43,1.0789473684210527,114,7,False
96,0.8275422045663686,45.6,0.43,1.043859649122807,114,7,False
97,0.8275422045663686,45.6,0.43,0.9912280701754386,114,7,False
98,0.8275422045663686,45.6,0.43,1.0175438596491229,114,7,False
99,0.8275422045663686,45.6,0.43,1.0087719298245614,114,7,False
100,0.8275422045663686,45.6,0.43,1.0350877192982457,114,7,False
101,0.8179978766931917,45.2,0.435,0.9557522123893806,113,7,False
102,0.8179978766931917,45.2,0.435,1.0,113,7,False
103,0.8179978766931917,45.2,0.435,1.0884955752212389,113,7,False
104,0.8079247161331155,44.800000000000004,0.44,0.9196428571428571,112,7,False
105,0.8079247161331155,44.800000000000004,0.44,0.9196428571428571,112,7,False
106,0.8079247161331155,44.800000000000004,0.44,0.875,112,7,False
107,0.8079247161331155,44.800000000000004,0.44,0.9017857142857143,112,7,False
108,0.8079247161331155,44.800000000000004,0.44,0.9196428571428571,112,7,False
109,0.8079247161331155,44.800000000000004,0.44,0.9464285714285714,112,7,False
110,0.8079247161331155,44.800000000000004,0.44,0.9375,112,7,False
111,0.8079247161331155,44.800000000000004,0.44,0.9375,112,7,False
112,0.8079247161331155,44.800000000000004,0.44,0.9732142857142857,112,7,False
113,0.7972845726067599,44.400000000000006,0.445,0.8018018018018018,111,7,False
114,0.7860351389533565,44.0,0.45,0.7,110,7,False
115,0.7860351389533565,44.0,0.45,0.7545454545454545,110,7,False
116,0.7860351389533565,44.0,0.45,0.7818181818181819,110,7,False
117,0.7860351389533565,44.0,0.45,0.7818181818181819,110,7,False
118,0.7860351389533565,44.0,0.45,0.8272727272727273,110,7,False
119,0.7860351389533565,44.0,0.45,0.8363636363636363,110,7,False
120,0.7860351389533565,44.0,0.45,0.9363636363636364,110,7,False
121,0.7741292884304207,43.6,0.455,0.7981651376146789,109,7,False
122,0.7741292884304207,43.6,0.455,0.7889908256880734,109,7,False
123,0.7741292884304207,43.6,0.455,0.8256880733944955,109,7,False
124,0.7741292884304207,43.6,0.455,0.8440366972477065,109,7,False
125,0.7741292884304207,43.6,0.455,0.9357798165137615,109,7,False
126,0.7741292884304207,43.6,0.455,0.963302752293578,109,7,False
127,0.7615142664797074,43.2,0.46,0.9074074074074074,108,7,False
128,0.7615142664797074,43.2,0.46,0.9074074074074074,108,7,False
129,0.7481306951846545,42.800000000000004,0.465,0.7757009345794392,107,7,False
130,0.7481306951846545,42.800000000000004,0.465,0.794392523364486,107,7,False
131,0.7481306951846545,42.800000000000004,0.465,0.7850467289719626,107,7,False
132,0.7481306951846545,42.800000000000004,0.465,0.7757009345794392,107,7,False
133,0.7339113335387439,42.400000000000006,0.47,0.6886792452830188,106,7,False
134,0.7339113335387439,42.400000000000006,0.47,0.7169811320754716,106,7,False
135,0.7339113335387439,42.400000000000006,0.47,0.7452830188679245,106,7,False
136,0.7339113335387439,42.400000000000006,0.47,0.7641509433962265,106,7,False
137,0.7339113335387439,42.400000000000006,0.47,0.7641509433962265,106,7,False
138,0.7187795148233606,42.0,0.475,0.580952380952381,105,7,False
139,0.7187795148233606,42.0,0.475,0.5523809523809524,105,7,False
140,0.7187795148233606,42.0,0.475,0.5333333333333333,105,7,False
141,0.7187795148233606,42.0,0.475,0.4666666666666667,105,7,False
142,0.7187795148233606,42.0,0.475,0.44761904761904764,105,7,False
143,0.7187795148233606,42.0,0.475,0.4380952380952381,105,7,False
144,0.7187795148233606,42.0,0.475,0.42857142857142855,105,7,False
145,0.7187795148233606,42.0,0.475,0.4380952380952381,105,7,False
146,0.7187795148233606,42.0,0.475,0.4380952380952381,105,7,False
147,0.7187795148233606,42.0,0.475,0.44761904761904764,105,7,False
148,0.7187795148233606,42.0,0.475,0.41904761904761906,105,7,False
149,0.7187795148233606,42.0,0.475,0.4,105,7,False
150,0.7187795148233606,42.0,0.475,0.4095238095238095,105,7,False
151,0.7187795148233606,42.0,0.475,0.4095238095238095,105,7,False
152,0.7187795148233606,42.0,0.475,0.4380952380952381,105,7,False
153,0.7187795148233606,42.0,0.475,0.4,105,7,False
154,0.7187795148233606,42.0,0.475,0.44761904761904764,105,7,False
155,0.7187795148233606,42.0,0.475,0.4857142857142857,105,7,False
156,0.7187795148233606,42.0,0.475,0.4857142857142857,105,7,False
157,0.7187795148233606,42.0,0.475,0.4666666666666667,105,7,False
158,0.7187795148233606,42.0,0.475,0.5142857142857142,105,7,False
159,0.7187795148233606,42.0,0.475,0.5333333333333333,105,7,False
160,0.7187795148233606,42.0,0.475,0.5047619047619047,105,7,False
161,0.7187795148233606,42.0,0.475,0.5142857142857142,105,7,False
162,0.7187795148233606,42.0,0.475,0.5238095238095238,105,7,False
163,0.7187795148233606,42.0,0.475,0.49523809523809526,105,7,False
164,0.7187795148233606,42.0,0.475,0.5047619047619047,105,7,False
165,0.7187795148233606,42.0,0.475,0.5333333333333333,105,7,False
166,0.7187795148233606,42.0,0.475,0.47619047619047616,105,7,False
167,0.7187795148233606,42.0,0.475,0.5047619047619047,105,7,False
168,0.7187795148233606,42.0,0.475,0.5142857142857142,105,7,False
169,0.7187795148233606,42.0,0.475,0.49523809523809526,105,7,False
170,0.7187795148233606,42.0,0.475,0.5333333333333333,105,7,False
171,0.7187795148233606,42.0,0.475,0.5523809523809524,105,7,False
172,0.7187795148233606,42.0,0.475,0.5523809523809524,105,7,False
173,0.7187795148233606,42.0,0.475,0.5333333333333333,105,7,False
174,0.7187795148233606,42.0,0.475,0.5238095238095238,105,7,False
175,0.7187795148233606,42.0,0.475,0.5333333333333333,105,7,False
176,0.7187795148233606,42.0,0.475,0.5333333333333333,105,7,False
177,0.7187795148233606,42.0,0.475,0.5428571428571428,105,7,False
178,0.7187795148233606,42.0,0.475,0.5238095238095238,105,7,False
179,0.7187795148233606,42.0,0.475,0.5142857142857142,105,7,False
180,0.7187795148233606,42.0,0.475,0.5238095238095238,105,7,False
181,0.7187795148233606,42.0,0.475,0.5523809523809524,105,7,False
182,0.7187795148233606,42.0,0.475,0.5714285714285714,105,7,False
183,0.7187795148233606,42.0,0.475,0.5619047619047619,105,7,False
184,0.7187795148233606,42.0,0.475,0.5428571428571428,105,7,False
185,0.7187795148233606,42.0,0.475,0.5523809523809524,105,7,False
186,0.7187795148233606,42.0,0.475,0.6285714285714286,105,7,False
187,0.7187795148233606,42.0,0.475,0.5904761904761905,105,7,False
188,0.7187795148233606,42.0,0.475,0.5904761904761905,105,7,False
189,0.7187795148233606,42.0,0.475,0.5333333333333333,105,7,False
190,0.7187795148233606,42.0,0.475,0.49523809523809526,105,7,False
191,0.7187795148233606,42.0,0.475,0.5047619047619047,105,7,False
192,0.7187795148233606,42.0,0.475,0.5619047619047619,105,7,False
193,0.7187795148233606,42.0,0.475,0.6095238095238096,105,7,False
194,0.7187795148233606,42.0,0.475,0.6666666666666666,105,7,False
195,0.7187795148233606,42.0,0.475,0.580952380952381,105,7,False
196,0.7187795148233606,42.0,0.475,0.6190476190476191,105,7,False
197,0.7187795148233606,42.0,0.475,0.6190476190476191,105,7,False
198,0.7187795148233606,42.0,0.475,0.6190476190476191,105,7,False
199,0.7187795148233606,42.0,0.475,0.5904761904761905,105,7,False
200,0.7187795148233606,42.0,0.475,0.6,105,7,False
0,0.7144132543824537,80.0,0.0,0.0,200,8,False
1,0.7922949618236083,80.0,0.0,0.415,200,8,False
2,0.8625035551321879,80.0,0.0,0.68,200,8,False
3,0.9087133090361946,80.0,0.0,0.905,200,8,False
4,0.9321175812781367,80.0,0.0,1.05,200,8,False
5,0.9549245394744128,80.0,0.0,1.285,200,8,False
6,0.9778334994686095,80.0,0.0,1.49,200,8,False
7,0.974006140510022,80.0,0.0,1.705,200,8,False
8,0.9774692342913934,80.0,0.0,1.92,200,8,False
9,0.9894632645764476,80.0,0.0,2.115,200,8,False
10,0.9964082238485616,80.0,0.0,2.24,200,8,False
11,0.992906085648563,80.0,0.0,2.46,200,8,False
12,0.9946551010018154,80.0,0.0,2.785,200,8,False
13,0.9958703197205052,80.0,0.0,2.85,200,8,False
14,0.9959306504901834,80.0,0.0,3.075,200,8,False
15,0.9940018451826795,80.0,0.0,3.27,200,8,False
16,0.9922472926408871,76.0,0.05,2.7578947368421054,190,8,False
17,0.9915533816912859,76.0,0.05,2.957894736842105,190,8,False
18,0.9952271511512611,76.0,0.05,3.036842105263158,190,8,False
19,0.9958302525439141,76.0,0.05,3.1315789473684212,190,8,False
20,0.9974433334898174,75.60000000000001,0.055,3.2804232804232805,189,8,False
21,0.9958129289142649,75.60000000000001,0.055,3.4603174603174605,189,8,False
22,0.9975823799690519,74.8,0.065,3.5026737967914436,187,8,False
23,0.9992001684543717,74.0,0.075,3.5783783783783782,185,8,False
24,0.9944784874340363,73.2,0.085,3.431693989071038,183,8,False
25,0.9941146010118788,73.2,0.085,3.5355191256830603,183,8,False
26,0.9911581805243866,72.0,0.1,3.3722222222222222,180,8,False
27,0.9958464354950488,72.0,0.1,3.533333333333333,180,8,False
28,0.9934435374283941,71.2,0.11,3.4719101123595504,178,8,False
29,0.9958007982141258,71.2,0.11,3.5842696629213484,178,8,False
30,0.9918548178677361,70.8,0.115,3.480225988700565,177,8,False
31,0.9921455755422803,70.4,0.12,3.3579545454545454,176,8,False
32,0.9929251267614483,70.0,0.125,3.4057142857142857,175,8,False
33,0.995421021706908,69.2,0.135,3.3757225433526012,173,8,False
34,0.9913355648591635,68.8,0.14,3.3430232558139537,172,8,False
35,0.9905952372138258,68.4,0.145,3.2690058479532165,171,8,False
36,0.9940573234472923,68.0,0.15,3.2705882352941176,170,8,False
37,0.9939749035192169,67.60000000000001,0.155,3.2485207100591715,169,8,False
38,0.9945910314522045,67.2,0.16,3.107142857142857,168,8,False
39,0.9889425276322479,66.8,0.165,3.1317365269461077,167,8,False
40,0.9934369708764857,66.8,0.165,3.179640718562874,167,8,False
41,0.993731971883201,66.0,0.175,3.0484848484848484,165,8,False
42,0.9946019830566644,64.8,0.19,2.7901234567901234,162,8,False
43,0.9937661752228893,64.8,0.19,2.7901234567901234,162,8,False
44,0.9928892229551567,64.4,0.195,2.739130434782609,161,8,False
45,0.9928849578722824,64.4,0.195,2.732919254658385,161,8,False
46,0.9890358531289972,63.6,0.205,2.610062893081761,159,8,False
47,0.9929255606110833,63.6,0.205,2.4716981132075473,159,8,False
48,0.9916113349505723,63.6,0.205,2.5283018867924527,159,8,False
49,0.9879079003050515,63.6,0.205,2.559748427672956,159,8,False
50,0.9944781077861051,63.6,0.205,2.547169811320755,159,8,False
51,0.9970824474630843,63.2,0.21,2.5822784810126582,158,8,False
52,0.9978280255991367,63.2,0.21,2.6772151898734178,158,8,False
53,0.9956622375584782,62.800000000000004,0.215,2.5987261146496814,157,8,False
54,0.9911014644100657,62.400000000000006,0.22,2.5705128205128207,156,8,False
55,0.991681551141592,62.400000000000006,0.22,2.5705128205128207,156,8,False
56,0.9887893118184126,62.0,0.225,2.464516129032258,155,8,False
57,0.9957885645279487,62.0,0.225,2.5483870967741935,155,8,False
58,0.993916146433958,61.6,0.23,2.4935064935064934,154,8,False
59,0.9896354936756726,60.800000000000004,0.24,2.4802631578947367,152,8,False
60,0.9919039714699206,60.400000000000006,0.245,2.4834437086092715,151,8,False
61,0.9874992136707784,60.400000000000006,0.245,2.4768211920529803,151,8,False
62,0.9874320699468215,59.6,0.255,2.2885906040268456,149,8,False
63,0.9893915360651979,59.6,0.255,2.2885906040268456,149,8,False
64,0.9904997917197518,59.2,0.26,2.135135135135135,148,8,False
65,0.9883277176827047,59.2,0.26,2.1013513513513513,148,8,False
66,0.9909563150372769,59.2,0.26,2.074324324324324,148,8,False
67,0.9942243986951791,59.2,0.26,2.1013513513513513,148,8,False
68,0.9967054013216564,59.2,0.26,2.0472972972972974,148,8,False
69,0.9976598484249477,59.2,0.26,2.054054054054054,148,8,False
70,0.9971893352582653,58.800000000000004,0.265,1.9931972789115646,147,8,False
71,0.9971894984240031,58.800000000000004,0.265,2.129251700680272,147,8,False
72,0.9980718272016085,58.0,0.275,1.9655172413793103,145,8,False
73,0.9975857966467634,57.6,0.28,1.9097222222222223,144,8,False
74,0.9917883203982089,57.6,0.28,1.9513888888888888,144,8,False
75,0.9925853856885931,57.6,0.28,1.9305555555555556,144,8,False
76,0.9881800503470523,57.6,0.28,1.9861111111111112,144,8,False
77,0.9883280827793636,57.6,0.28,1.9513888888888888,144,8,False
78,0.9882218274132387,57.6,0.28,1.9027777777777777,144,8,False
79,0.9921244371314839,57.6,0.28,1.9791666666666667,144,8,False
80,0.9917403441975762,57.6,0.28,1.8888888888888888,144,8,False
81,0.9928638741521365,57.6,0.28,1.8611111111111112,144,8,False
82,0.9952170242867533,57.6,0.28,1.8125,144,8,False
83,0.9964031102410534,57.6,0.28,1.9375,144,8,False
84,0.9974900933156708,57.6,0.28,1.9097222222222223,144,8,False
85,0.9980161159950278,57.2,0.285,1.8461538461538463,143,8,False
86,0.9980172884653344,57.2,0.285,1.944055944055944,143,8,False
87,0.9975172512434612,56.800000000000004,0.29,1.852112676056338,142,8,False
88,0.9975172512459113,56.800000000000004,0.29,1.9014084507042253,142,8,False
89,0.9975172512465227,56.800000000000004,0.29,2.0140845070422535,142,8,False
90,0.9975172512465227,56.800000000000004,0.29,1.9225352112676057,142,8,False
91,0.9900393236336997,56.400000000000006,0.295,1.7659574468085106,141,8,False
92,0.9891871942852107,56.0,0.3,1.6214285714285714,140,8,False
93,0.9933605453438078,56.0,0.3,1.6214285714285714,140,8,False
94,0.9934196704844676,56.0,0.3,1.7214285714285715,140,8,False
95,0.9943744624568926,56.0,0.3,1.6571428571428573,140,8,False
96,0.9951396502803035,56.0,0.3,1.75,140,8,False
97,0.9972590363843652,56.0,0.3,1.7785714285714285,140,8,False
98,0.993158163716849,55.6,0.305,1.6546762589928057,139,8,False
99,0.988117407074432,55.6,0.305,1.60431654676259,139,8,False
100,0.9904777116607616,55.6,0.305,1.6330935251798562,139,8,False
101,0.9895617003037661,55.6,0.305,1.6618705035971224,139,8,False
102,0.9917438363465234,55.6,0.305,1.6258992805755397,139,8,False
103,0.9927997682476885,55.6,0.305,1.7122302158273381,139,8,False
104,0.99493199171636,55.6,0.305,1.7338129496402879,139,8,False
105,0.9942129913358245,55.6,0.305,1.618705035971223,139,8,False
106,0.9953517867872342,55.6,0.305,1.6546762589928057,139,8,False
107,0.992127641489892,55.2,0.31,1.5797101449275361,138,8,False
108,0.9900960831010265,54.400000000000006,0.32,1.3970588235294117,136,8,False
109,0.9876945167311432,54.400000000000006,0.32,1.4191176470588236,136,8,False
110,0.9920915663951451,54.400000000000006,0.32,1.4264705882352942,136,8,False
111,0.9918162014286425,54.400000000000006,0.32,1.4558823529411764,136,8,False
112,0.994374156562487,54.400000000000006,0.32,1.3823529411764706,136,8,False
113,0.9938213720379051,54.400000000000006,0.32,1.3823529411764706,136,8,False
114,0.9943870516968086,54.0,0.325,1.3777777777777778,135,8,False
115,0.9944164387166118,54.0,0.325,1.3185185185185184,135,8,False
116,0.9951674779544432,54.0,0.325,1.3925925925925926,135,8,False
117,0.9951050305535086,54.0,0.325,1.362962962962963,135,8,False
118,0.9951463334872767,54.0,0.325,1.4296296296296296,135,8,False
119,0.9952123366147811,54.0,0.325,1.4074074074074074,135,8,False
120,0.9906117904926872,54.0,0.325,1.4666666666666666,135,8,False
121,0.9905511811665031,54.0,0.325,1.4666666666666666,135,8,False
122,0.9878113827773692,54.0,0.325,1.474074074074074,135,8,False
123,0.9917850389835094,54.0,0.325,1.5185185185185186,135,8,False
124,0.9896239336607788,54.0,0.325,1.5185185185185186,135,8,False
125,0.9897513563314403,54.0,0.325,1.474074074074074,135,8,False
126,0.9797379865631286,54.0,0.325,1.3037037037037038,135,8,False
127,0.9810063302611574,54.0,0.325,1.348148148148148,135,8,False
128,0.9815133635213632,54.0,0.325,1.325925925925926,135,8,False
129,0.9804919292184653,54.0,0.325,1.2740740740740741,135,8,False
130,0.9862761826464714,53.6,0.33,1.208955223880597,134,8,False
131,0.9880485257854713,53.6,0.33,1.2462686567164178,134,8,False
132,0.9886190988582847,53.6,0.33,1.335820895522388,134,8,False
133,0.9851113563137956,53.6,0.33,1.2611940298507462,134,8,False
134,0.9851394821887012,53.6,0.33,1.3507462686567164,134,8,False
135,0.9877779230286818,53.6,0.33,1.3059701492537314,134,8,False
136,0.9921365995828402,53.6,0.33,1.3507462686567164,134,8,False
137,0.9901665185702062,53.6,0.33,1.4402985074626866,134,8,False
138,0.991717195996077,53.6,0.33,1.3208955223880596,134,8,False
139,0.9856205945161279,53.6,0.33,1.2537313432835822,134,8,False
140,0.9906778546251065,53.6,0.33,1.3134328358208955,134,8,False
141,0.9944801550667871,53.6,0.33,1.2611940298507462,134,8,False
142,0.995792031638876,53.6,0.33,1.3134328358208955,134,8,False
143,0.9958528095110426,53.6,0.33,1.373134328358209,134,8,False
144,0.9959612633671949,53.6,0.33,1.4402985074626866,134,8,False
145,0.9959222130074378,53.6,0.33,1.3880597014925373,134,8,False
146,0.9959326459405281,53.6,0.33,1.4104477611940298,134,8,False
147,0.9959425720581097,53.6,0.33,1.462686567164179,134,8,False
148,0.9959819186315292,53.6,0.33,1.4253731343283582,134,8,False
149,0.9959819013336362,53.6,0.33,1.5223880597014925,134,8,False
150,0.9930824346653465,53.6,0.33,1.537313432835821,134,8,False
151,0.9897005800296269,53.2,0.335,1.5413533834586466,133,8,False
152,0.9872937240571473,53.2,0.335,1.5413533834586466,133,8,False
153,0.9901153985431077,52.800000000000004,0.34,1.4090909090909092,132,8,False
154,0.990772115313602,52.800000000000004,0.34,1.3181818181818181,132,8,False
155,0.9903697447370735,52.800000000000004,0.34,1.3181818181818181,132,8,False
156,0.9939811939162391,52.800000000000004,0.34,1.2424242424242424,132,8,False
157,0.9940240430822257,52.800000000000004,0.34,1.2878787878787878,132,8,False
158,0.9952659020620571,52.800000000000004,0.34,1.371212121212121,132,8,False
159,0.9956372770610842,52.800000000000004,0.34,1.4090909090909092,132,8,False
160,0.9958372142582884,52.800000000000004,0.34,1.4621212121212122,132,8,False
161,0.9893999221067163,52.800000000000004,0.34,1.4696969696969697,132,8,False
162,0.9897759249627934,52.800000000000004,0.34,1.5227272727272727,132,8,False
163,0.9873296816097231,52.800000000000004,0.34,1.5227272727272727,132,8,False
164,0.9888586842597603,52.400000000000006,0.345,1.3129770992366412,131,8,False
165,0.9870597125197387,52.400000000000006,0.345,1.4961832061068703,131,8,False
166,0.9899648600258201,52.400000000000006,0.345,1.4351145038167938,131,8,False
167,0.9896879312593388,52.0,0.35,1.376923076923077,130,8,False
168,0.9888781610904867,52.0,0.35,1.3615384615384616,130,8,False
169,0.9898988357547821,52.0,0.35,1.2461538461538462,130,8,False
170,0.9885460387590188,52.0,0.35,1.2923076923076924,130,8,False
171,0.9876042741638158,52.0,0.35,1.3846153846153846,130,8,False
172,0.9917674832814097,52.0,0.35,1.3692307692307693,130,8,False
173,0.9939513000030897,52.0,0.35,1.3461538461538463,130,8,False
174,0.9940771750784007,52.0,0.35,1.2923076923076924,130,8,False
175,0.9912802875741212,52.0,0.35,1.2153846153846153,130,8,False
176,0.9924059386067454,52.0,0.35,1.2769230769230768,130,8,False
177,0.9926112284390306,52.0,0.35,1.2846153846153847,130,8,False
178,0.9861897592816703,52.0,0.35,1.2307692307692308,130,8,False
179,0.9851199063351183,52.0,0.35,1.1538461538461537,130,8,False
180,0.9779260038098374,52.0,0.35,1.1615384615384616,130,8,False
181,0.9839237773455843,52.0,0.35,1.1538461538461537,130,8,False
182,0.9880863033987224,52.0,0.35,1.0692307692307692,130,8,False
183,0.9874787551803185,52.0,0.35,1.0307692307692307,130,8,False
184,0.9858265120748129,51.6,0.355,0.9922480620155039,129,8,False
185,0.9892718458280823,51.6,0.355,1.062015503875969,129,8,False
186,0.9915305674783248,51.6,0.355,1.1395348837209303,129,8,False
187,0.993851026076589,51.6,0.355,1.1085271317829457,129,8,False
188,0.9906965803941258,51.2,0.36,0.984375,128,8,False
189,0.993145019421941,51.2,0.36,1.0078125,128,8,False
190,0.9936365954790327,51.2,0.36,0.96875,128,8,False
191,0.9949339492728849,51.2,0.36,0.859375,128,8,False
192,0.9955785808323298,51.2,0.36,0.84375,128,8,False
193,0.9871903173638431,51.2,0.36,0.9140625,128,8,False
194,0.9902950259325645,51.2,0.36,1.0,128,8,False
195,0.9909267966334072,51.2,0.36,0.90625,128,8,False
196,0.9897683479020238,51.2,0.36,0.9453125,128,8,False
197,0.9930348663740126,51.2,0.36,0.9921875,128,8,False
198,0.9928642323797786,51.2,0.36,0.9453125,128,8,False
199,0.9937193404141496,51.2,0.36,1.0,128,8,False
200,0.9953650739258798,51.2,0.36,0.9375,128,8,False
0,0.7273873948645747,80.0,0.0,0.0,200,9,False
1,0.8151954282647651,80.0,0.0,0.46,200,9,False
2,0.8730614077208768,80.0,0.0,0.765,200,9,False
3,0.9159212393383648,80.0,0.0,1.045,200,9,False
4,0.9416906037376723,80.0,0.0,1.235,200,9,False
5,0.961167503040946,80.0,0.0,1.455,200,9,False
6,0.9722765066321771,80.0,0.0,1.675,200,9,False
7,0.9790636527882722,80.0,0.0,2.02,200,9,False
8,0.9861185029375864,80.0,0.0,2.25,200,9,False
9,0.9826079685735647,80.0,0.0,2.39,200,9,False
10,0.9856245832959437,80.0,0.0,2.715,200,9,False
11,0.9839167359071168,80.0,0.0,2.885,200,9,False
12,0.9833159604603966,80.0,0.0,2.96,200,9,False
13,0.9855082021712956,80.0,0.0,3.23,200,9,False
14,0.9864048073467921,80.0,0.0,3.49,200,9,False
15,0.9836117653668304,80.0,0.0,3.65,200,9,False
16,0.9888971455483944,76.80000000000001,0.04,3.40625,192,9,False
17,0.9795733196086789,76.80000000000001,0.04,3.5833333333333335,192,9,False
18,0.9776412359202012,76.80000000000001,0.04,3.6458333333333335,192,9,False
19,0.9864264473028316,76.80000000000001,0.04,3.8125,192,9,False
20,0.9839949899077353,75.60000000000001,0.055,3.8465608465608465,189,9,False
21,0.9853643621058887,75.60000000000001,0.055,3.9788359788359786,189,9,False
22,0.9906317871198083,74.0,0.075,3.8702702702702703,185,9,False
23,0.9933525494224142,73.60000000000001,0.08,3.9184782608695654,184,9,False
24,0.9901600920283125,72.4,0.095,3.911602209944751,181,9,False
25,0.9889822238814322,72.4,0.095,4.027624309392265,181,9,False
26,0.9928842194047103,71.2,0.11,3.938202247191011,178,9,False
27,0.9878520728172371,71.2,0.11,4.01685393258427,178,9,False
28,0.9851833772904894,68.8,0.14,3.755813953488372,172,9,False
29,0.9862111194341894,68.8,0.14,3.7325581395348837,172,9,False
30,0.9844497366889022,68.8,0.14,3.872093023255814,172,9,False
31,0.9859100248038964,68.0,0.15,3.676470588235294,170,9,False
32,0.9842964362814735,66.4,0.17,3.433734939759036,166,9,False
33,0.9879771407040885,66.4,0.17,3.5060240963855422,166,9,False
34,0.9867706082077567,64.4,0.195,3.2360248447204967,161,9,False
35,0.9828669280675187,64.4,0.195,3.341614906832298,161,9,False
36,0.9885439177458037,63.6,0.205,3.1257861635220126,159,9,False
37,0.9912003156880792,63.2,0.21,3.1139240506329116,158,9,False
38,0.9923018703129418,63.2,0.21,3.278481012658228,158,9,False
39,0.9881209023554302,62.400000000000006,0.22,3.1923076923076925,156,9,False
40,0.9862071129385963,61.6,0.23,3.1233766233766236,154,9,False
41,0.9877196072024774,61.2,0.235,3.0784313725490198,153,9,False
42,0.9891455213603138,61.2,0.235,3.3137254901960786,153,9,False
43,0.9824570987918815,60.800000000000004,0.24,3.210526315789474,152,9,False
44,0.979792823538586,60.0,0.25,3.0733333333333333,150,9,False
45,0.9744165545342569,59.6,0.255,3.0604026845637584,149,9,False
46,0.9788274894104046,59.6,0.255,3.0067114093959733,149,9,False
47,0.9732074706393467,59.2,0.26,2.9527027027027026,148,9,False
48,0.9654534753679035,58.400000000000006,0.27,2.7739726027397262,146,9,False
49,0.9721929379798768,58.400000000000006,0.27,2.7465753424657535,146,9,False
50,0.9829161041389143,58.400000000000006,0.27,2.8698630136986303,146,9,False
51,0.9810920493235674,58.0,0.275,2.9517241379310346,145,9,False
52,0.9830199556980472,57.6,0.28,2.7777777777777777,144,9,False
53,0.9792476251540587,57.6,0.28,2.736111111111111,144,9,False
54,0.9764680427564589,57.2,0.285,2.5174825174825175,143,9,False
55,0.9750530160176138,57.2,0.285,2.5104895104895104,143,9,False
56,0.9690398114597341,57.2,0.285,2.4895104895104896,143,9,False
57,0.9679436744648842,57.2,0.285,2.4685314685314683,143,9,False
58,0.9741906998634194,57.2,0.285,2.5734265734265733,143,9,False
59,0.9713554531816416,57.2,0.285,2.5874125874125875,143,9,False
60,0.9625001144971926,56.400000000000006,0.295,2.297872340425532,141,9,False
61,0.9641529918354547,56.0,0.3,2.192857142857143,140,9,False
62,0.9646404610945843,56.0,0.3,2.2214285714285715,140,9,False
63,0.9579834285262843,55.6,0.305,2.035971223021583,139,9,False
64,0.958199642447442,55.2,0.31,1.9782608695652173,138,9,False
65,0.9593736001497032,55.2,0.31,2.028985507246377,138,9,False
66,0.9621450720152479,55.2,0.31,2.1956521739130435,138,9,False
67,0.9612290953370191,54.800000000000004,0.315,2.1313868613138687,137,9,False
68,0.9640165168918745,54.400000000000006,0.32,2.0073529411764706,136,9,False
69,0.966498819803931,54.400000000000006,0.32,2.036764705882353,136,9,False
70,0.9674224711306767,54.400000000000006,0.32,1.9338235294117647,136,9,False
71,0.9570673656832738,54.0,0.325,1.9111111111111112,135,9,False
72,0.9560736736143984,54.0,0.325,1.9111111111111112,135,9,False
73,0.9668176196861495,54.0,0.325,1.9481481481481482,135,9,False
74,0.9645762934227335,53.6,0.33,1.835820895522388,134,9,False
75,0.9593068258128963,53.6,0.33,1.8134328358208955,134,9,False
76,0.9639551283795766,53.6,0.33,1.8656716417910448,134,9,False
77,0.9560282020107843,53.6,0.33,1.8507462686567164,134,9,False
78,0.9598382762106731,53.2,0.335,1.9323308270676691,133,9,False
79,0.9547838474445347,53.2,0.335,1.9398496240601504,133,9,False
80,0.9611457491887332,52.800000000000004,0.34,1.9090909090909092,132,9,False
81,0.9612848508113622,52.800000000000004,0.34,1.8863636363636365,132,9,False
82,0.9668861108460348,52.800000000000004,0.34,1.893939393939394,132,9,False
83,0.9624378200754987,52.800000000000004,0.34,1.8257575757575757,132,9,False
84,0.9665140645765526,52.800000000000004,0.34,1.8863636363636365,132,9,False
85,0.9605954287754668,52.800000000000004,0.34,1.9090909090909092,132,9,False
86,0.9595342834025201,52.400000000000006,0.345,1.7557251908396947,131,9,False
87,0.9632767576268737,52.400000000000006,0.345,1.7633587786259541,131,9,False
88,0.9497659286814238,52.0,0.35,1.7153846153846153,130,9,False
89,0.943624490993281,51.6,0.355,1.6124031007751938,129,9,False
90,0.9436516980473629,51.6,0.355,1.6046511627906976,129,9,False
91,0.9459287898834963,51.6,0.355,1.5968992248062015,129,9,False
92,0.9411061127813078,51.6,0.355,1.503875968992248,129,9,False
93,0.9421401120710104,51.6,0.355,1.627906976744186,129,9,False
94,0.9434429822472101,51.2,0.36,1.59375,128,9,False
95,0.9398544524241598,51.2,0.36,1.640625,128,9,False
96,0.9438324467720094,51.2,0.36,1.75,128,9,False
97,0.9431724139175537,51.2,0.36,1.7265625,128,9,False
98,0.947605984849628,51.2,0.36,1.6875,128,9,False
99,0.9549612788252808,51.2,0.36,1.7265625,128,9,False
100,0.958563639062148,50.800000000000004,0.365,1.6771653543307086,127,9,False
101,0.9567630673934931,50.800000000000004,0.365,1.68503937007874,127,9,False
102,0.9558634898062831,50.400000000000006,0.37,1.5,126,9,False
103,0.9510537507778828,50.400000000000006,0.37,1.5952380952380953,126,9,False
104,0.9559255457126167,50.400000000000006,0.37,1.6111111111111112,126,9,False
105,0.9517137117995902,50.0,0.375,1.528,125,9,False
106,0.9487550153087374,49.6,0.38,1.5483870967741935,124,9,False
107,0.943756407278806,49.2,0.385,1.4390243902439024,123,9,False
108,0.9409226188106629,49.2,0.385,1.4146341463414633,123,9,False
109,0.935100850055979,49.2,0.385,1.4065040650406504,123,9,False
110,0.9324793165950399,49.2,0.385,1.4308943089430894,123,9,False
111,0.926667706104523,48.400000000000006,0.395,1.2231404958677685,121,9,False
112,0.9221305016206449,48.400000000000006,0.395,1.2644628099173554,121,9,False
113,0.9133758645894037,48.400000000000006,0.395,1.2231404958677685,121,9,False
114,0.91520947266165,48.400000000000006,0.395,1.256198347107438,121,9,False
115,0.9087323633240343,47.6,0.405,1.084033613445378,119,9,False
116,0.9171014119873581,47.6,0.405,1.0588235294117647,119,9,False
117,0.9159297579391212,47.6,0.405,1.050420168067227,119,9,False
118,0.9175401133791856,47.6,0.405,1.0672268907563025,119,9,False
119,0.918667970111841,47.6,0.405,1.1512605042016806,119,9,False
120,0.91145723770898,47.6,0.405,1.134453781512605,119,9,False
121,0.9054357942337851,47.6,0.405,1.1176470588235294,119,9,False
122,0.9131942711390876,47.6,0.405,1.2436974789915967,119,9,False
123,0.9236386420284185,47.6,0.405,1.2352941176470589,119,9,False
124,0.9202190882897007,47.6,0.405,1.218487394957983,119,9,False
125,0.9209530903438442,47.6,0.405,1.2436974789915967,119,9,False
126,0.9261472436336946,47.6,0.405,1.2352941176470589,119,9,False
127,0.9221689845564054,47.2,0.41,1.1101694915254237,118,9,False
128,0.917761697303711,46.800000000000004,0.415,1.0512820512820513,117,9,False
129,0.9136622446204627,46.400000000000006,0.42,1.0172413793103448,116,9,False
130,0.9136075032477364,46.400000000000006,0.42,0.9913793103448276,116,9,False
131,0.9146833273020253,46.400000000000006,0.42,1.0517241379310345,116,9,False
132,0.9156064466228421,46.400000000000006,0.42,1.0603448275862069,116,9,False
133,0.9158335215308263,46.400000000000006,0.42,1.1293103448275863,116,9,False
134,0.9114141520028098,46.0,0.425,1.0347826086956522,115,9,False
135,0.9058498735750309,45.6,0.43,0.8596491228070176,114,9,False
136,0.8984534769457491,45.2,0.435,0.7256637168141593,113,9,False
137,0.8993081681684229,45.2,0.435,0.6814159292035398,113,9,False
138,0.8998461586609663,45.2,0.435,0.7699115044247787,113,9,False
139,0.8994638013692312,45.2,0.435,0.7699115044247787,113,9,False
140,0.8998669449977083,45.2,0.435,0.7876106194690266,113,9,False
141,0.9004540632595165,45.2,0.435,0.8938053097345132,113,9,False
142,0.8945195191920366,44.800000000000004,0.44,0.7589285714285714,112,9,False
143,0.893218455284551,44.800000000000004,0.44,0.7142857142857143,112,9,False
144,0.8968305813545211,44.800000000000004,0.44,0.7946428571428571,112,9,False
145,0.8878511384569855,44.800000000000004,0.44,0.7946428571428571,112,9,False
146,0.894245041676542,44.800000000000004,0.44,0.8035714285714286,112,9,False
147,0.895696571530605,44.800000000000004,0.44,0.8125,112,9,False
148,0.8916267785540731,44.800000000000004,0.44,0.8214285714285714,112,9,False
149,0.8903072587920923,44.800000000000004,0.44,0.7767857142857143,112,9,False
150,0.8894943650946758,44.800000000000004,0.44,0.8482142857142857,112,9,False
151,0.8938161386360172,44.800000000000004,0.44,0.7678571428571429,112,9,False
152,0.8929018272827528,44.800000000000004,0.44,0.7857142857142857,112,9,False
153,0.8916457982109438,44.800000000000004,0.44,0.8125,112,9,False
154,0.8903789478212953,44.800000000000004,0.44,0.8125,112,9,False
155,0.8915429115610399,44.800000000000004,0.44,0.8482142857142857,112,9,False
156,0.8906378155410786,44.800000000000004,0.44,0.9017857142857143,112,9,False
157,0.892571125047634,44.800000000000004,0.44,0.8482142857142857,112,9,False
158,0.8930439264639353,44.800000000000004,0.44,0.8571428571428571,112,9,False
159,0.8931966108492962,44.800000000000004,0.44,0.875,112,9,False
160,0.8927860148919788,44.800000000000004,0.44,0.8839285714285714,112,9,False
161,0.8945733814852105,44.800000000000004,0.44,0.875,112,9,False
162,0.8921191304714542,44.800000000000004,0.44,0.8303571428571429,112,9,False
163,0.8918150213370628,44.800000000000004,0.44,0.7589285714285714,112,9,False
164,0.8922651457376223,44.800000000000004,0.44,0.7767857142857143,112,9,False
165,0.886010465917318,44.400000000000006,0.445,0.6756756756756757,111,9,False
166,0.8856450496966876,44.400000000000006,0.445,0.6936936936936937,111,9,False
167,0.8863277458330848,44.400000000000006,0.445,0.6936936936936937,111,9,False
168,0.885856207830354,44.400000000000006,0.445,0.6846846846846847,111,9,False
169,0.8869255292767655,44.400000000000006,0.445,0.6936936936936937,111,9,False
170,0.8859561437225016,44.400000000000006,0.445,0.6666666666666666,111,9,False
171,0.8823429524932002,44.400000000000006,0.445,0.6666666666666666,111,9,False
172,0.8808898307822857,44.400000000000006,0.445,0.6846846846846847,111,9,False
173,0.8794839678407894,44.400000000000006,0.445,0.6846846846846847,111,9,False
174,0.8732618489963031,44.400000000000006,0.445,0.7477477477477478,111,9,False
175,0.8795526843137386,44.400000000000006,0.445,0.7747747747747747,111,9,False
176,0.8901141565401248,44.400000000000006,0.445,0.7927927927927928,111,9,False
177,0.8812020091639444,44.400000000000006,0.445,0.7567567567567568,111,9,False
178,0.8798749585347257,44.400000000000006,0.445,0.7567567567567568,111,9,False
179,0.8707269031272746,44.0,0.45,0.6636363636363637,110,9,False
180,0.8687759029494476,44.0,0.45,0.6454545454545455,110,9,False
181,0.8703957457228829,44.0,0.45,0.6,110,9,False
182,0.8700136415191645,44.0,0.45,0.5636363636363636,110,9,False
183,0.8667605111186505,44.0,0.45,0.6727272727272727,110,9,False
184,0.8664170586674799,44.0,0.45,0.6636363636363637,110,9,False
185,0.8693894451773393,44.0,0.45,0.6727272727272727,110,9,False
186,0.8689841267674544,44.0,0.45,0.7090909090909091,110,9,False
187,0.8722367427970855,44.0,0.45,0.6181818181818182,110,9,False
188,0.8725739683416038,44.0,0.45,0.6363636363636364,110,9,False
189,0.8763818609792638,44.0,0.45,0.6363636363636364,110,9,False
190,0.8757230781050229,44.0,0.45,0.6363636363636364,110,9,False
191,0.8750222598074152,44.0,0.45,0.6,110,9,False
192,0.8742493070614571,44.0,0.45,0.6727272727272727,110,9,False
193,0.8734102964875576,44.0,0.45,0.7090909090909091,110,9,False
194,0.8757043934193618,44.0,0.45,0.7090909090909091,110,9,False
195,0.8752087442395551,44.0,0.45,0.7545454545454545,110,9,False
196,0.8738289484380019,44.0,0.45,0.7090909090909091,110,9,False
197,0.8755322937701396,44.0,0.45,0.7454545454545455,110,9,False
198,0.8757852608741367,44.0,0.45,0.7090909090909091,110,9,False
199,0.8727709704654418,44.0,0.45,0.7363636363636363,110,9,False
200,0.8752161480275841,44.0,0.45,0.7363636363636363,110,9,False
0,0.7046081921823933,80.0,0.0,0.0,200,10,False
1,0.7754245966106826,80.0,0.0,0.43,200,10,False
2,0.8456268778821492,80.0,0.0,0.82,200,10,False
3,0.895848099136791,80.0,0.0,1.05,200,10,False
4,0.9244256513941569,80.0,0.0,1.225,200,10,False
5,0.9587666039008497,80.0,0.0,1.445,200,10,False
6,0.9754893878854961,80.0,0.0,1.64,200,10,False
7,0.976948041471907,80.0,0.0,1.78,200,10,False
8,0.9840473979335835,80.0,0.0,1.99,200,10,False
9,0.9873077520883081,80.0,0.0,2.25,200,10,False
10,0.990722570059888,80.0,0.0,2.43,200,10,False
11,0.9920537396421509,80.0,0.0,2.655,200,10,False
12,0.9926142136939093,80.0,0.0,2.915,200,10,False
13,0.9974473753745313,80.0,0.0,3.175,200,10,False
14,0.9967253757048096,80.0,0.0,3.36,200,10,False
15,0.9966274052960126,80.0,0.0,3.6,200,10,False
16,0.9974749186104092,75.2,0.06,3.106382978723404,188,10,False
17,0.9985446432762002,75.2,0.06,3.24468085106383,188,10,False
18,0.9979007465576464,74.4,0.07,3.274193548387097,186,10,False
19,0.9982226769159549,74.0,0.075,3.3567567567567567,185,10,False
20,0.9978710412719698,73.60000000000001,0.08,3.4402173913043477,184,10,False
21,0.9978239722964086,72.8,0.09,3.4450549450549453,182,10,False
22,0.9978239722965789,72.8,0.09,3.4835164835164836,182,10,False
23,0.997823981947318,72.8,0.09,3.5494505494505493,182,10,False
24,0.9977753031397166,72.0,0.1,3.5833333333333335,180,10,False
25,0.9977753031397166,72.0,0.1,3.661111111111111,180,10,False
26,0.9973592672367102,71.60000000000001,0.105,3.782122905027933,179,10,False
27,0.996402607233835,70.8,0.115,3.7344632768361583,177,10,False
28,0.9952704483235312,70.0,0.125,3.6285714285714286,175,10,False
29,0.9952704483235312,70.0,0.125,3.8,175,10,False
30,0.9939507634776721,69.2,0.135,3.6820809248554913,173,10,False
31,0.9939507634776721,69.2,0.135,3.6358381502890174,173,10,False
32,0.9938079899999068,68.4,0.145,3.6608187134502925,171,10,False
33,0.992249648106726,67.60000000000001,0.155,3.5857988165680474,169,10,False
34,0.991388659367709,67.2,0.16,3.613095238095238,168,10,False
35,0.9911789783712347,66.4,0.17,3.4819277108433737,166,10,False
36,0.9899947363899047,65.2,0.185,3.411042944785276,163,10,False
37,0.9889651794680517,64.8,0.19,3.3580246913580245,162,10,False
38,0.9886859966642588,64.0,0.2,3.2125,160,10,False
39,0.9886859966642588,64.0,0.2,3.275,160,10,False
40,0.9863675817102862,63.2,0.21,3.132911392405063,158,10,False
41,0.9872405997450995,62.800000000000004,0.215,3.082802547770701,157,10,False
42,0.9856449849875457,61.6,0.23,2.8766233766233764,154,10,False
43,0.9874559494365102,60.800000000000004,0.24,2.7171052631578947,152,10,False
44,0.9874559494365102,60.800000000000004,0.24,2.6315789473684212,152,10,False
45,0.9861992301449682,60.400000000000006,0.245,2.596026490066225,151,10,False
46,0.9848632166730332,60.0,0.25,2.486666666666667,150,10,False
47,0.9848632166730332,60.0,0.25,2.533333333333333,150,10,False
48,0.9834447830343207,59.6,0.255,2.5033557046979866,149,10,False
49,0.9834447830343207,59.6,0.255,2.5906040268456376,149,10,False
50,0.9834447830343207,59.6,0.255,2.6442953020134228,149,10,False
51,0.9819406553829697,59.2,0.26,2.722972972972973,148,10,False
52,0.9829873125544718,58.800000000000004,0.265,2.6054421768707483,147,10,False
53,0.9829873125544718,58.800000000000004,0.265,2.5850340136054424,147,10,False
54,0.9814377801697519,58.400000000000006,0.27,2.6164383561643834,146,10,False
55,0.9797958971132706,58.0,0.275,2.503448275862069,145,10,False
56,0.9797958971132706,58.0,0.275,2.4482758620689653,145,10,False
57,0.9797958971132706,58.0,0.275,2.462068965517241,145,10,False
58,0.9797958971132706,58.0,0.275,2.503448275862069,145,10,False
59,0.9780578828587924,57.6,0.28,2.451388888888889,144,10,False
60,0.9762197687616869,57.2,0.285,2.3496503496503496,143,10,False
61,0.9762197687616869,57.2,0.285,2.300699300699301,143,10,False
62,0.9742773862265492,56.800000000000004,0.29,2.2464788732394365,142,10,False
63,0.9742773862265492,56.800000000000004,0.29,2.2746478873239435,142,10,False
64,0.9742773862265492,56.800000000000004,0.29,2.183098591549296,142,10,False
65,0.9742773862265492,56.800000000000004,0.29,2.1056338028169015,142,10,False
66,0.9742773862265492,56.800000000000004,0.29,2.1549295774647885,142,10,False
67,0.9742773862265492,56.800000000000004,0.29,2.1549295774647885,142,10,False
68,0.9722263539400741,56.400000000000006,0.295,2.0921985815602837,141,10,False
69,0.9722263539400741,56.400000000000006,0.295,2.141843971631206,141,10,False
70,0.9700620640779984,56.0,0.3,2.0428571428571427,140,10,False
71,0.9700620640779984,56.0,0.3,2.0285714285714285,140,10,False
72,0.9700620640779984,56.0,0.3,2.0214285714285714,140,10,False
73,0.9677796673841867,55.6,0.305,1.9280575539568345,139,10,False
74,0.965374057007587,55.2,0.31,1.7826086956521738,138,10,False
75,0.965374057007587,55.2,0.31,1.7608695652173914,138,10,False
76,0.965374057007587,55.2,0.31,1.7608695652173914,138,10,False
77,0.965374057007587,55.2,0.31,1.8623188405797102,138,10,False
78,0.9628398509688268,54.800000000000004,0.315,1.7007299270072993,137,10,False
79,0.9628398509688268,54.800000000000004,0.315,1.7372262773722629,137,10,False
80,0.9601713731120841,54.400000000000006,0.32,1.6985294117647058,136,10,False
81,0.9601713731120841,54.400000000000006,0.32,1.7941176470588236,136,10,False
82,0.9601713731120841,54.400000000000006,0.32,1.7426470588235294,136,10,False
83,0.9601713731120841,54.400000000000006,0.32,1.6838235294117647,136,10,False
84,0.9601713731120841,54.400000000000006,0.32,1.6691176470588236,136,10,False
85,0.9601713731120841,54.400000000000006,0.32,1.7426470588235294,136,10,False
86,0.9617085847180731,54.0,0.325,1.6296296296296295,135,10,False
87,0.9560409819700658,53.2,0.335,1.4511278195488722,133,10,False
88,0.9560409819700658,53.2,0.335,1.4661654135338347,133,10,False
89,0.9560409819700658,53.2,0.335,1.4962406015037595,133,10,False
90,0.9529809208191756,52.800000000000004,0.34,1.3636363636363635,132,10,False
91,0.9529809208191756,52.800000000000004,0.34,1.3636363636363635,132,10,False
92,0.9529809208191756,52.800000000000004,0.34,1.3409090909090908,132,10,False
93,0.9529809208191756,52.800000000000004,0.34,1.4545454545454546,132,10,False
94,0.9529809208191756,52.800000000000004,0.34,1.5075757575757576,132,10,False
95,0.9529809208191756,52.800000000000004,0.34,1.5151515151515151,132,10,False
96,0.9529809208191756,52.800000000000004,0.34,1.5606060606060606,132,10,False
97,0.9529809208191756,52.800000000000004,0.34,1.4696969696969697,132,10,False
98,0.9529809208191756,52.800000000000004,0.34,1.4772727272727273,132,10,False
99,0.9529809208191756,52.800000000000004,0.34,1.4924242424242424,132,10,False
100,0.9497606726714981,52.400000000000006,0.345,1.3587786259541985,131,10,False
101,0.9497606726714981,52.400000000000006,0.345,1.3435114503816794,131,10,False
102,0.9497606726714981,52.400000000000006,0.345,1.4198473282442747,131,10,False
103,0.9514859136040766,52.0,0.35,1.353846153846154,130,10,False
104,0.9514859136040766,52.0,0.35,1.376923076923077,130,10,False
105,0.9514859136040766,52.0,0.35,1.4461538461538461,130,10,False
106,0.9514859136040766,52.0,0.35,1.4923076923076923,130,10,False
107,0.9481478977625206,51.6,0.355,1.4186046511627908,129,10,False
108,0.9481478977625206,51.6,0.355,1.434108527131783,129,10,False
109,0.9481478977625206,51.6,0.355,1.4806201550387597,129,10,False
110,0.9481478977625206,51.6,0.355,1.503875968992248,129,10,False
111,0.9481478977625206,51.6,0.355,1.4186046511627908,129,10,False
112,0.9481478977625206,51.6,0.355,1.4728682170542635,129,10,False
113,0.9481478977625206,51.6,0.355,1.5193798449612403,129,10,False
114,0.94463431251199,51.2,0.36,1.3984375,128,10,False
115,0.9409366454355693,50.800000000000004,0.365,1.3700787401574803,127,10,False
116,0.9370458503584405,50.400000000000006,0.37,1.2063492063492063,126,10,False
117,0.9370458503584405,50.400000000000006,0.37,1.253968253968254,126,10,False
118,0.9370458503584405,50.400000000000006,0.37,1.2142857142857142,126,10,False
119,0.9370458503584405,50.400000000000006,0.37,1.1825396825396826,126,10,False
120,0.9349275320122217,49.6,0.38,0.9354838709677419,124,10,False
121,0.9349275320122217,49.6,0.38,0.8951612903225806,124,10,False
122,0.9349275320122217,49.6,0.38,0.9274193548387096,124,10,False
123,0.9349275320122217,49.6,0.38,0.8709677419354839,124,10,False
124,0.9349275320122217,49.6,0.38,0.8467741935483871,124,10,False
125,0.9349275320122217,49.6,0.38,0.9758064516129032,124,10,False
126,0.9349275320122217,49.6,0.38,0.9919354838709677,124,10,False
127,0.9306723916262887,49.2,0.385,0.926829268292683,123,10,False
128,0.9261932388082306,48.800000000000004,0.39,0.860655737704918,122,10,False
129,0.9261932388082306,48.800000000000004,0.39,0.7786885245901639,122,10,False
130,0.9261932388082306,48.800000000000004,0.39,0.7786885245901639,122,10,False
131,0.9261932388082306,48.800000000000004,0.39,0.7622950819672131,122,10,False
132,0.9261932388082306,48.800000000000004,0.39,0.8852459016393442,122,10,False
133,0.9261932388082306,48.800000000000004,0.39,0.9508196721311475,122,10,False
134,0.9261932388082306,48.800000000000004,0.39,1.040983606557377,122,10,False
135,0.9261932388082306,48.800000000000004,0.39,1.0737704918032787,122,10,False
136,0.9261932388082306,48.800000000000004,0.39,0.9590163934426229,122,10,False
137,0.9261932388082306,48.800000000000004,0.39,0.9180327868852459,122,10,False
138,0.9261932388082306,48.800000000000004,0.39,0.9016393442622951,122,10,False
139,0.9261932388082306,48.800000000000004,0.39,0.9508196721311475,122,10,False
140,0.9261932388082306,48.800000000000004,0.39,0.8934426229508197,122,10,False
141,0.9261932388082306,48.800000000000004,0.39,0.8278688524590164,122,10,False
142,0.9261932388082306,48.800000000000004,0.39,0.8524590163934426,122,10,False
143,0.9261932388082306,48.800000000000004,0.39,0.8524590163934426,122,10,False
144,0.9261932388082306,48.800000000000004,0.39,0.860655737704918,122,10,False
145,0.9261932388082306,48.800000000000004,0.39,0.8524590163934426,122,10,False
146,0.9261932388082306,48.800000000000004,0.39,0.9180327868852459,122,10,False
147,0.9261932388082306,48.800000000000004,0.39,0.9426229508196722,122,10,False
148,0.9214783381663706,48.400000000000006,0.395,0.8925619834710744,121,10,False
149,0.9214783381663706,48.400000000000006,0.395,0.8760330578512396,121,10,False
150,0.9214783381663706,48.400000000000006,0.395,1.0165289256198347,121,10,False
151,0.9214783381663706,48.400000000000006,0.395,0.9917355371900827,121,10,False
152,0.9214783381663706,48.400000000000006,0.395,1.024793388429752,121,10,False
153,0.9214783381663706,48.400000000000006,0.395,1.0165289256198347,121,10,False
154,0.9214783381663706,48.400000000000006,0.395,1.0413223140495869,121,10,False
155,0.9214783381663706,48.400000000000006,0.395,1.1735537190082646,121,10,False
156,0.9214783381663706,48.400000000000006,0.395,1.3057851239669422,121,10,False
157,0.9214783381663706,48.400000000000006,0.395,1.1983471074380165,121,10,False
158,0.9214783381663706,48.400000000000006,0.395,1.165289256198347,121,10,False
159,0.9214783381663706,48.400000000000006,0.395,1.0661157024793388,121,10,False
160,0.9214783381663706,48.400000000000006,0.395,1.0743801652892562,121,10,False
161,0.9214783381663706,48.400000000000006,0.395,1.024793388429752,121,10,False
162,0.9214783381663706,48.400000000000006,0.395,0.9586776859504132,121,10,False
163,0.9214783381663706,48.400000000000006,0.395,0.9338842975206612,121,10,False
164,0.9214783381663706,48.400000000000006,0.395,0.9090909090909091,121,10,False
165,0.9214783381663706,48.400000000000006,0.395,0.9917355371900827,121,10,False
166,0.9214783381663706,48.400000000000006,0.395,0.9586776859504132,121,10,False
167,0.9214783381663706,48.400000000000006,0.395,0.8760330578512396,121,10,False
168,0.9214783381663706,48.400000000000006,0.395,0.8016528925619835,121,10,False
169,0.9214783381663706,48.400000000000006,0.395,0.8016528925619835,121,10,False
170,0.9214783381663706,48.400000000000006,0.395,0.7768595041322314,121,10,False
171,0.9214783381663706,48.400000000000006,0.395,0.8181818181818182,121,10,False
172,0.9214783381663706,48.400000000000006,0.395,0.7851239669421488,121,10,False
173,0.9214783381663706,48.400000000000006,0.395,0.7520661157024794,121,10,False
174,0.9214783381663706,48.400000000000006,0.395,0.7603305785123967,121,10,False
175,0.9214783381663706,48.400000000000006,0.395,0.7768595041322314,121,10,False
176,0.9214783381663706,48.400000000000006,0.395,0.7768595041322314,121,10,False
177,0.9214783381663706,48.400000000000006,0.395,0.8842975206611571,121,10,False
178,0.9214783381663706,48.400000000000006,0.395,0.9256198347107438,121,10,False
179,0.9214783381663706,48.400000000000006,0.395,0.9752066115702479,121,10,False
180,0.9214783381663706,48.400000000000006,0.395,0.9917355371900827,121,10,False
181,0.9214783381663706,48.400000000000006,0.395,1.0743801652892562,121,10,False
182,0.9214783381663706,48.400000000000006,0.395,1.0082644628099173,121,10,False
183,0.9214783381663706,48.400000000000006,0.395,0.9421487603305785,121,10,False
184,0.9214783381663706,48.400000000000006,0.395,0.8512396694214877,121,10,False
185,0.9214783381663706,48.400000000000006,0.395,0.8429752066115702,121,10,False
186,0.9214783381663706,48.400000000000006,0.395,0.8181818181818182,121,10,False
187,0.9214783381663706,48.400000000000006,0.395,0.9173553719008265,121,10,False
188,0.9214783381663706,48.400000000000006,0.395,0.9338842975206612,121,10,False
189,0.9214783381663706,48.400000000000006,0.395,0.9834710743801653,121,10,False
190,0.9214783381663706,48.400000000000006,0.395,0.9173553719008265,121,10,False
191,0.9214783381663706,48.400000000000006,0.395,1.0743801652892562,121,10,False
192,0.9214783381663706,48.400000000000006,0.395,1.0578512396694215,121,10,False
193,0.9214783381663706,48.400000000000006,0.395,1.1322314049586777,121,10,False
194,0.9214783381663706,48.400000000000006,0.395,1.1322314049586777,121,10,False
195,0.9214783381663706,48.400000000000006,0.395,1.0909090909090908,121,10,False
196,0.9165151389911675,48.0,0.4,0.9833333333333333,120,10,False
197,0.9165151389911675,48.0,0.4,0.9666666666666667,120,10,False
198,0.9165151389911675,48.0,0.4,0.95,120,10,False
199,0.9165151389911675,48.0,0.4,0.85,120,10,False
200,0.9165151389911675,48.0,0.4,0.9333333333333333,120,10,False
0,0.7237734707737425,80.0,0.0,0.0,200,11,False
1,0.8099793451439176,80.0,0.0,0.45,200,11,False
2,0.8675606161542688,80.0,0.0,0.725,200,11,False
3,0.9159329930172767,80.0,0.0,1.045,200,11,False
4,0.9360941420406411,80.0,0.0,1.225,200,11,False
5,0.9623848207038863,80.0,0.0,1.54,200,11,False
6,0.9739731987670969,80.0,0.0,1.795,200,11,False
7,0.9844281239267266,80.0,0.0,2.08,200,11,False
8,0.9808452651192965,80.0,0.0,2.29,200,11,False
9,0.9843694486958301,80.0,0.0,2.475,200,11,False
10,0.9867530883069335,80.0,0.0,2.635,200,11,False
11,0.9874873550335681,80.0,0.0,2.9,200,11,False
12,0.9908779279174154,80.0,0.0,3.2,200,11,False
13,0.9951657445343084,80.0,0.0,3.345,200,11,False
14,0.9971355249646511,80.0,0.0,3.535,200,11,False
15,0.9973008678106381,80.0,0.0,3.69,200,11,False
16,0.9933358937448067,74.8,0.065,2.9732620320855614,187,11,False
17,0.9941762797196501,74.8,0.065,3.0267379679144386,187,11,False
18,0.9952003163567584,74.8,0.065,3.213903743315508,187,11,False
19,0.9935352278230372,74.0,0.075,3.0864864864864865,185,11,False
20,0.9963576648538554,73.60000000000001,0.08,3.217391304347826,184,11,False
21,0.997915905636562,73.60000000000001,0.08,3.369565217391304,184,11,False
22,0.998423172744758,73.60000000000001,0.08,3.494565217391304,184,11,False
23,0.9985215680279313,73.60000000000001,0.08,3.6902173913043477,184,11,False
24,0.9981509392535403,72.4,0.095,3.430939226519337,181,11,False
25,0.9981504559760084,72.4,0.095,3.447513812154696,181,11,False
26,0.998151261473866,72.4,0.095,3.5303867403314917,181,11,False
27,0.9977753031168363,72.0,0.1,3.6333333333333333,180,11,False
28,0.9968312397477449,70.4,0.12,3.3920454545454546,176,11,False
29,0.9972369991717331,70.0,0.125,3.4571428571428573,175,11,False
30,0.9971060343820408,68.4,0.145,3.2046783625730995,171,11,False
31,0.9966032274438323,68.0,0.15,3.2529411764705882,170,11,False
32,0.9978283278424787,66.8,0.165,3.125748502994012,167,11,False
33,0.9978283278369348,66.8,0.165,3.179640718562874,167,11,False
34,0.9981392563239211,65.60000000000001,0.18,3.0304878048780486,164,11,False
35,0.9977203116690117,65.2,0.185,2.9754601226993866,163,11,False
36,0.9972527420619445,64.8,0.19,2.8641975308641974,162,11,False
37,0.9967347640207453,64.4,0.195,2.751552795031056,161,11,False
38,0.996651964253601,63.6,0.205,2.6666666666666665,159,11,False
39,0.996651964253601,63.6,0.205,2.6666666666666665,159,11,False
40,0.9971116756105298,63.2,0.21,2.5253164556962027,158,11,False
41,0.9965659727698307,62.800000000000004,0.215,2.515923566878981,157,11,False
42,0.9959649030462534,62.400000000000006,0.22,2.4935897435897436,156,11,False
43,0.9959649030462534,62.400000000000006,0.22,2.5064102564102564,156,11,False
44,0.9953063626155817,62.0,0.225,2.4,155,11,False
45,0.9945881557686128,61.6,0.23,2.311688311688312,154,11,False
46,0.9929634707750475,60.800000000000004,0.24,2.1842105263157894,152,11,False
47,0.9929634707750475,60.800000000000004,0.24,2.2171052631578947,152,11,False
48,0.9929634707750475,60.800000000000004,0.24,2.223684210526316,152,11,False
49,0.9929634707750475,60.800000000000004,0.24,2.2302631578947367,152,11,False
50,0.9925765366731809,59.2,0.26,1.912162162162162,148,11,False
51,0.9925765366731809,59.2,0.26,1.9594594594594594,148,11,False
52,0.9916118181381549,58.800000000000004,0.265,1.8095238095238095,147,11,False
53,0.9916118181381549,58.800000000000004,0.265,1.836734693877551,147,11,False
54,0.9905729419063516,58.400000000000006,0.27,1.8013698630136987,146,11,False
55,0.9905729419063516,58.400000000000006,0.27,1.7876712328767124,146,11,False
56,0.990307970554216,57.6,0.28,1.5416666666666667,144,11,False
57,0.990307970554216,57.6,0.28,1.5416666666666667,144,11,False
58,0.990307970554216,57.6,0.28,1.5208333333333333,144,11,False
59,0.990307970554216,57.6,0.28,1.5902777777777777,144,11,False
60,0.9911338582672208,57.2,0.285,1.4825174825174825,143,11,False
61,0.9911338582672208,57.2,0.285,1.4195804195804196,143,11,False
62,0.9911338582672208,57.2,0.285,1.4405594405594406,143,11,False
63,0.9911338582672208,57.2,0.285,1.4825174825174825,143,11,False
64,0.9911338582672208,57.2,0.285,1.6013986013986015,143,11,False
65,0.9900316490585892,56.800000000000004,0.29,1.528169014084507,142,11,False
66,0.9900316490585892,56.800000000000004,0.29,1.5,142,11,False
67,0.9900316490585892,56.800000000000004,0.29,1.4577464788732395,142,11,False
68,0.9900316490585892,56.800000000000004,0.29,1.5633802816901408,142,11,False
69,0.9900316490585892,56.800000000000004,0.29,1.4929577464788732,142,11,False
70,0.9900316490585892,56.800000000000004,0.29,1.5633802816901408,142,11,False
71,0.9900316490585892,56.800000000000004,0.29,1.6267605633802817,142,11,False
72,0.9900316490585892,56.800000000000004,0.29,1.5774647887323943,142,11,False
73,0.9900316490585892,56.800000000000004,0.29,1.5845070422535212,142,11,False
74,0.9900316490585892,56.800000000000004,0.29,1.6690140845070423,142,11,False
75,0.9900316490585892,56.800000000000004,0.29,1.6971830985915493,142,11,False
76,0.9900316490585892,56.800000000000004,0.29,1.7112676056338028,142,11,False
77,0.9900316490585892,56.800000000000004,0.29,1.6408450704225352,142,11,False
78,0.9900316490585892,56.800000000000004,0.29,1.6408450704225352,142,11,False
79,0.9900316490585892,56.800000000000004,0.29,1.6056338028169015,142,11,False
80,0.9900316490585892,56.800000000000004,0.29,1.6338028169014085,142,11,False
81,0.9900316490585892,56.800000000000004,0.29,1.4859154929577465,142,11,False
82,0.9900316490585892,56.800000000000004,0.29,1.556338028169014,142,11,False
83,0.9900316490585892,56.800000000000004,0.29,1.5422535211267605,142,11,False
84,0.9900316490585892,56.800000000000004,0.29,1.6126760563380282,142,11,False
85,0.9900316490585892,56.800000000000004,0.29,1.591549295774648,142,11,False
86,0.9888468117976389,56.400000000000006,0.295,1.524822695035461,141,11,False
87,0.9888468117976389,56.400000000000006,0.295,1.6312056737588652,141,11,False
88,0.9888468117976389,56.400000000000006,0.295,1.6595744680851063,141,11,False
89,0.9888468117976389,56.400000000000006,0.295,1.7304964539007093,141,11,False
90,0.9888468117976389,56.400000000000006,0.295,1.7234042553191489,141,11,False
91,0.9888468117976389,56.400000000000006,0.295,1.7234042553191489,141,11,False
92,0.9888468117976389,56.400000000000006,0.295,1.7375886524822695,141,11,False
93,0.9888468117976389,56.400000000000006,0.295,1.7588652482269505,141,11,False
94,0.9888468117976389,56.400000000000006,0.295,1.7588652482269505,141,11,False
95,0.9888468117976389,56.400000000000006,0.295,1.7375886524822695,141,11,False
96,0.9862152223420888,55.6,0.305,1.5107913669064748,139,11,False
97,0.9862152223420888,55.6,0.305,1.5179856115107915,139,11,False
98,0.9862152223420888,55.6,0.305,1.5179856115107915,139,11,False
99,0.9862152223420888,55.6,0.305,1.6258992805755397,139,11,False
100,0.9862152223420888,55.6,0.305,1.6618705035971224,139,11,False
101,0.9862152223420888,55.6,0.305,1.6906474820143884,139,11,False
102,0.9872108038218208,55.2,0.31,1.5869565217391304,138,11,False
103,0.9872108038218208,55.2,0.31,1.6304347826086956,138,11,False
104,0.9872108038218208,55.2,0.31,1.5869565217391304,138,11,False
105,0.9872108038218208,55.2,0.31,1.5579710144927537,138,11,False
106,0.9872108038218208,55.2,0.31,1.5942028985507246,138,11,False
107,0.9872108038218208,55.2,0.31,1.5507246376811594,138,11,False
108,0.9872108038218208,55.2,0.31,1.644927536231884,138,11,False
109,0.9872108038218208,55.2,0.31,1.6521739130434783,138,11,False
110,0.9872108038218208,55.2,0.31,1.6666666666666667,138,11,False
111,0.9872108038218208,55.2,0.31,1.7753623188405796,138,11,False
112,0.9858068914530885,54.800000000000004,0.315,1.6642335766423357,137,11,False
113,0.9858068914530885,54.800000000000004,0.315,1.583941605839416,137,11,False
114,0.9858068914530885,54.800000000000004,0.315,1.5255474452554745,137,11,False
115,0.9858068914530885,54.800000000000004,0.315,1.6423357664233578,137,11,False
116,0.9858068914530885,54.800000000000004,0.315,1.6788321167883211,137,11,False
117,0.9858068914530885,54.800000000000004,0.315,1.6934306569343065,137,11,False
118,0.9858068914530885,54.800000000000004,0.315,1.6569343065693432,137,11,False
119,0.9858068914530885,54.800000000000004,0.315,1.7007299270072993,137,11,False
120,0.9858068914530885,54.800000000000004,0.315,1.7883211678832116,137,11,False
121,0.9858068914530885,54.800000000000004,0.315,1.7445255474452555,137,11,False
122,0.9858068914530885,54.800000000000004,0.315,1.72992700729927,137,11,False
123,0.9858068914530885,54.800000000000004,0.315,1.6788321167883211,137,11,False
124,0.9858068914530885,54.800000000000004,0.315,1.72992700729927,137,11,False
125,0.9858068914530885,54.800000000000004,0.315,1.7007299270072993,137,11,False
126,0.9858068914530885,54.800000000000004,0.315,1.6423357664233578,137,11,False
127,0.9858068914530885,54.800000000000004,0.315,1.5766423357664234,137,11,False
128,0.9868293570475068,54.400000000000006,0.32,1.4558823529411764,136,11,False
129,0.9868293570475068,54.400000000000006,0.32,1.3970588235294117,136,11,False
130,0.9868293570475068,54.400000000000006,0.32,1.4485294117647058,136,11,False
131,0.9868293570475068,54.400000000000006,0.32,1.463235294117647,136,11,False
132,0.9878271453730155,54.0,0.325,1.3777777777777778,135,11,False
133,0.9878271453730155,54.0,0.325,1.4370370370370371,135,11,False
134,0.9878271453730155,54.0,0.325,1.362962962962963,135,11,False
135,0.9878271453730155,54.0,0.325,1.385185185185185,135,11,False
136,0.9887989298538452,53.6,0.33,1.2611940298507462,134,11,False
137,0.9887989298538452,53.6,0.33,1.2388059701492538,134,11,False
138,0.9887989298538452,53.6,0.33,1.208955223880597,134,11,False
139,0.9887989298538452,53.6,0.33,1.2537313432835822,134,11,False
140,0.9887989298538452,53.6,0.33,1.2686567164179106,134,11,False
141,0.98745594943651,53.2,0.335,1.1353383458646618,133,11,False
142,0.98745594943651,53.2,0.335,1.1954887218045114,133,11,False
143,0.98745594943651,53.2,0.335,1.1278195488721805,133,11,False
144,0.98745594943651,53.2,0.335,1.0451127819548873,133,11,False
145,0.98745594943651,53.2,0.335,0.9849624060150376,133,11,False
146,0.98745594943651,53.2,0.335,0.9774436090225563,133,11,False
147,0.98745594943651,53.2,0.335,0.9924812030075187,133,11,False
148,0.98745594943651,53.2,0.335,1.0977443609022557,133,11,False
149,0.98745594943651,53.2,0.335,1.218045112781955,133,11,False
150,0.98745594943651,53.2,0.335,1.2481203007518797,133,11,False
151,0.98745594943651,53.2,0.335,1.2105263157894737,133,11,False
152,0.98745594943651,53.2,0.335,1.2030075187969924,133,11,False
153,0.9860132971832694,52.800000000000004,0.34,1.1363636363636365,132,11,False
154,0.9860132971832694,52.800000000000004,0.34,1.143939393939394,132,11,False
155,0.9860132971832694,52.800000000000004,0.34,1.0984848484848484,132,11,False
156,0.9860132971832694,52.800000000000004,0.34,1.106060606060606,132,11,False
157,0.9860132971832694,52.800000000000004,0.34,1.0075757575757576,132,11,False
158,0.9860132971832694,52.800000000000004,0.34,1.0227272727272727,132,11,False
159,0.9860132971832694,52.800000000000004,0.34,1.0454545454545454,132,11,False
160,0.9860132971832694,52.800000000000004,0.34,1.0833333333333333,132,11,False
161,0.9860132971832694,52.800000000000004,0.34,1.0,132,11,False
162,0.9860132971832694,52.800000000000004,0.34,1.1893939393939394,132,11,False
163,0.9860132971832694,52.800000000000004,0.34,1.2121212121212122,132,11,False
164,0.9860132971832694,52.800000000000004,0.34,1.2727272727272727,132,11,False
165,0.9860132971832694,52.800000000000004,0.34,1.1818181818181819,132,11,False
166,0.9860132971832694,52.800000000000004,0.34,1.143939393939394,132,11,False
167,0.9860132971832694,52.800000000000004,0.34,1.143939393939394,132,11,False
168,0.9860132971832694,52.800000000000004,0.34,1.2424242424242424,132,11,False
169,0.9860132971832694,52.800000000000004,0.34,1.3636363636363635,132,11,False
170,0.9860132971832694,52.800000000000004,0.34,1.3484848484848484,132,11,False
171,0.9860132971832694,52.800000000000004,0.34,1.4015151515151516,132,11,False
172,0.9860132971832694,52.800000000000004,0.34,1.4242424242424243,132,11,False
173,0.9860132971832694,52.800000000000004,0.34,1.4242424242424243,132,11,False
174,0.9860132971832694,52.800000000000004,0.34,1.4621212121212122,132,11,False
175,0.9860132971832694,52.800000000000004,0.34,1.5,132,11,False
176,0.9844665004673891,52.400000000000006,0.345,1.4198473282442747,131,11,False
177,0.98281084638058,52.0,0.35,1.3,130,11,False
178,0.98281084638058,52.0,0.35,1.3461538461538463,130,11,False
179,0.98281084638058,52.0,0.35,1.2692307692307692,130,11,False
180,0.9810413655538835,51.6,0.355,1.124031007751938,129,11,False
181,0.9810413655538835,51.6,0.355,1.1162790697674418,129,11,False
182,0.9810413655538835,51.6,0.355,1.0775193798449612,129,11,False
183,0.9810413655538835,51.6,0.355,1.1705426356589148,129,11,False
184,0.9810413655538835,51.6,0.355,1.1085271317829457,129,11,False
185,0.9810413655538835,51.6,0.355,1.1550387596899225,129,11,False
186,0.9810413655538835,51.6,0.355,1.1627906976744187,129,11,False
187,0.982264602843857,51.2,0.36,1.09375,128,11,False
188,0.982264602843857,51.2,0.36,1.109375,128,11,False
189,0.982264602843857,51.2,0.36,1.0546875,128,11,False
190,0.9804335380329693,50.800000000000004,0.365,0.8976377952755905,127,11,False
191,0.9804335380329693,50.800000000000004,0.365,0.8976377952755905,127,11,False
192,0.9804335380329693,50.800000000000004,0.365,0.8976377952755905,127,11,False
193,0.9804335380329693,50.800000000000004,0.365,0.9291338582677166,127,11,False
194,0.9804335380329693,50.800000000000004,0.365,0.889763779527559,127,11,False
195,0.9804335380329693,50.800000000000004,0.365,0.9133858267716536,127,11,False
196,0.9804335380329693,50.800000000000004,0.365,1.0,127,11,False
197,0.9804335380329693,50.800000000000004,0.365,0.984251968503937,127,11,False
198,0.9804335380329693,50.800000000000004,0.365,1.047244094488189,127,11,False
199,0.97847841316968,50.400000000000006,0.37,0.9444444444444444,126,11,False
200,0.97847841316968,50.400000000000006,0.37,0.9523809523809523,126,11,False
0,0.7110725209142451,80.0,0.0,0.0,200,12,False
1,0.7853015352613528,80.0,0.0,0.425,200,12,False
2,0.8692347623086595,80.0,0.0,0.775,200,12,False
3,0.9042877776537414,80.0,0.0,1.05,200,12,False
4,0.9329621725452047,80.0,0.0,1.345,200,12,False
5,0.9475848175429524,80.0,0.0,1.565,200,12,False
6,0.962887983075022,80.0,0.0,1.855,200,12,False
7,0.9607172510698763,80.0,0.0,2.185,200,12,False
8,0.968810639000597,80.0,0.0,2.465,200,12,False
9,0.9725083972261584,80.0,0.0,2.71,200,12,False
10,0.9772472790758028,80.0,0.0,2.925,200,12,False
11,0.9813214587944131,80.0,0.0,3.19,200,12,False
12,0.9759646801291535,80.0,0.0,3.315,200,12,False
13,0.9817504354496198,80.0,0.0,3.665,200,12,False
14,0.9798987561153437,80.0,0.0,3.865,200,12,False
15,0.9810791643886834,80.0,0.0,3.99,200,12,False
16,0.9783433963012449,74.0,0.075,3.172972972972973,185,12,False
17,0.9773768551580071,74.0,0.075,3.2594594594594595,185,12,False
18,0.9792527131516817,72.8,0.09,3.2142857142857144,182,12,False
19,0.981082812959053,72.8,0.09,3.2637362637362637,182,12,False
20,0.9786178445248601,72.8,0.09,3.4450549450549453,182,12,False
21,0.9781241979385005,72.8,0.09,3.434065934065934,182,12,False
22,0.9779056205109714,71.60000000000001,0.105,3.3966480446927374,179,12,False
23,0.9793158739826336,71.2,0.11,3.3876404494382024,178,12,False
24,0.9761318048644365,70.8,0.115,3.378531073446328,177,12,False
25,0.9772840513696319,70.8,0.115,3.519774011299435,177,12,False
26,0.9788209837829482,69.60000000000001,0.13,3.454022988505747,174,12,False
27,0.9783384261377295,69.2,0.135,3.601156069364162,173,12,False
28,0.9729150297648292,67.60000000000001,0.155,3.4142011834319526,169,12,False
29,0.9722628340880901,67.2,0.16,3.392857142857143,168,12,False
30,0.9717425085242628,66.0,0.175,3.224242424242424,165,12,False
31,0.9741543431132653,65.60000000000001,0.18,3.2378048780487805,164,12,False
32,0.9713132878387507,65.60000000000001,0.18,3.1097560975609757,164,12,False
33,0.9712314526276286,65.60000000000001,0.18,3.1402439024390243,164,12,False
34,0.9687509371682318,64.8,0.19,3.154320987654321,162,12,False
35,0.9672184946085985,64.8,0.19,3.1296296296296298,162,12,False
36,0.9653099081843775,63.2,0.21,2.911392405063291,158,12,False
37,0.968035848301368,62.400000000000006,0.22,2.6858974358974357,156,12,False
38,0.9708412111525042,62.0,0.225,2.6774193548387095,155,12,False
39,0.9708580670112639,62.0,0.225,2.767741935483871,155,12,False
40,0.9670467292115311,61.6,0.23,2.772727272727273,154,12,False
41,0.9661111815162474,61.6,0.23,2.7987012987012987,154,12,False
42,0.9665176297954401,61.6,0.23,2.720779220779221,154,12,False
43,0.9636379126583966,61.2,0.235,2.5686274509803924,153,12,False
44,0.9626656779074227,60.800000000000004,0.24,2.5592105263157894,152,12,False
45,0.9641764958984055,60.800000000000004,0.24,2.664473684210526,152,12,False
46,0.9694158540968617,60.0,0.25,2.5733333333333333,150,12,False
47,0.965491718508669,60.0,0.25,2.5866666666666664,150,12,False
48,0.9659126692329406,58.800000000000004,0.265,2.4285714285714284,147,12,False
49,0.9665587278551703,58.800000000000004,0.265,2.3197278911564627,147,12,False
50,0.9649674583405923,58.400000000000006,0.27,2.164383561643836,146,12,False
51,0.9646361965618807,58.400000000000006,0.27,2.280821917808219,146,12,False
52,0.9672093794098829,58.0,0.275,2.2275862068965515,145,12,False
53,0.9681093584422511,58.0,0.275,2.1586206896551725,145,12,False
54,0.9693229969022584,58.0,0.275,2.206896551724138,145,12,False
55,0.9678759239050949,58.0,0.275,2.2758620689655173,145,12,False
56,0.9676080262302426,57.6,0.28,2.0972222222222223,144,12,False
57,0.9673746001937826,57.2,0.285,1.972027972027972,143,12,False
58,0.9716496401538831,56.800000000000004,0.29,1.823943661971831,142,12,False
59,0.9723882231214507,56.800000000000004,0.29,1.8169014084507042,142,12,False
60,0.9734129452263149,56.800000000000004,0.29,1.7535211267605635,142,12,False
61,0.9739967058354935,56.800000000000004,0.29,1.7605633802816902,142,12,False
62,0.9741076111037631,56.800000000000004,0.29,1.6690140845070423,142,12,False
63,0.9698423681456808,56.800000000000004,0.29,1.6901408450704225,142,12,False
64,0.9687121111622482,56.800000000000004,0.29,1.7887323943661972,142,12,False
65,0.9701917274708893,56.800000000000004,0.29,1.8591549295774648,142,12,False
66,0.970808691214505,56.800000000000004,0.29,1.943661971830986,142,12,False
67,0.9686648202808585,56.800000000000004,0.29,2.0140845070422535,142,12,False
68,0.9702171889487943,56.800000000000004,0.29,2.0774647887323945,142,12,False
69,0.9666444868234834,56.400000000000006,0.295,1.9787234042553192,141,12,False
70,0.9645389336100573,56.400000000000006,0.295,1.8865248226950355,141,12,False
71,0.9636416499049264,56.400000000000006,0.295,1.8085106382978724,141,12,False
72,0.965125437066912,56.0,0.3,1.6285714285714286,140,12,False
73,0.962659212177306,56.0,0.3,1.6571428571428573,140,12,False
74,0.9620501640654364,56.0,0.3,1.7857142857142858,140,12,False
75,0.9582018591921685,56.0,0.3,1.8785714285714286,140,12,False
76,0.9574131157945276,56.0,0.3,1.8642857142857143,140,12,False
77,0.9555546410296918,55.6,0.305,1.6978417266187051,139,12,False
78,0.9564686959796681,55.6,0.305,1.7697841726618706,139,12,False
79,0.9504158417614625,55.2,0.31,1.6884057971014492,138,12,False
80,0.9553934618539296,55.2,0.31,1.7971014492753623,138,12,False
81,0.9598801369192004,55.2,0.31,1.8478260869565217,138,12,False
82,0.9609617655773218,54.800000000000004,0.315,1.7956204379562044,137,12,False
83,0.9566256331707131,54.400000000000006,0.32,1.8529411764705883,136,12,False
84,0.9545124114486472,53.6,0.33,1.5522388059701493,134,12,False
85,0.9511873739693139,53.6,0.33,1.507462686567164,134,12,False
86,0.9535255436917796,53.6,0.33,1.507462686567164,134,12,False
87,0.944898874777233,53.6,0.33,1.544776119402985,134,12,False
88,0.9426798060459689,53.2,0.335,1.518796992481203,133,12,False
89,0.9523773071896376,53.2,0.335,1.556390977443609,133,12,False
90,0.9528877397684693,52.800000000000004,0.34,1.4772727272727273,132,12,False
91,0.9555446985454253,52.800000000000004,0.34,1.553030303030303,132,12,False
92,0.9528829914903079,52.800000000000004,0.34,1.5909090909090908,132,12,False
93,0.9552325068893104,52.800000000000004,0.34,1.4924242424242424,132,12,False
94,0.9575148220154531,52.800000000000004,0.34,1.5075757575757576,132,12,False
95,0.9574662273862166,52.800000000000004,0.34,1.4621212121212122,132,12,False
96,0.9556036738255781,52.800000000000004,0.34,1.4848484848484849,132,12,False
97,0.9569178982706156,52.800000000000004,0.34,1.5303030303030303,132,12,False
98,0.9546153065107782,52.400000000000006,0.345,1.3740458015267176,131,12,False
99,0.9526709521177927,52.400000000000006,0.345,1.251908396946565,131,12,False
100,0.9507252561771219,52.0,0.35,1.1,130,12,False
101,0.9496402737251942,52.0,0.35,1.0461538461538462,130,12,False
102,0.9503444084676869,52.0,0.35,1.0923076923076922,130,12,False
103,0.9498442024395227,52.0,0.35,1.0615384615384615,130,12,False
104,0.9479175460816808,52.0,0.35,1.0846153846153845,130,12,False
105,0.949418382272896,52.0,0.35,1.0846153846153845,130,12,False
106,0.9497048254310541,52.0,0.35,1.0461538461538462,130,12,False
107,0.9475815473069509,52.0,0.35,1.0307692307692307,130,12,False
108,0.94031731872783,52.0,0.35,1.0307692307692307,130,12,False
109,0.9438763458954593,52.0,0.35,1.0,130,12,False
110,0.9475413557145772,52.0,0.35,1.0461538461538462,130,12,False
111,0.948296693669185,52.0,0.35,1.0461538461538462,130,12,False
112,0.9500350624903553,52.0,0.35,1.0846153846153845,130,12,False
113,0.9497425449664375,52.0,0.35,1.0692307692307692,130,12,False
114,0.9416969240598285,52.0,0.35,1.0538461538461539,130,12,False
115,0.9319541212657992,52.0,0.35,1.123076923076923,130,12,False
116,0.9365805294693708,52.0,0.35,1.0692307692307692,130,12,False
117,0.9349374199045969,52.0,0.35,1.1153846153846154,130,12,False
118,0.9326190235287479,52.0,0.35,1.1,130,12,False
119,0.9278148515550227,52.0,0.35,1.0307692307692307,130,12,False
120,0.9251478248681709,52.0,0.35,1.0923076923076922,130,12,False
121,0.9219367656487719,52.0,0.35,1.1384615384615384,130,12,False
122,0.9258986456718475,52.0,0.35,1.123076923076923,130,12,False
123,0.9136834786639814,52.0,0.35,1.1153846153846154,130,12,False
124,0.9085404985076486,52.0,0.35,1.1692307692307693,130,12,False
125,0.888547020565191,52.0,0.35,1.1076923076923078,130,12,False
126,0.9031736865101224,52.0,0.35,1.176923076923077,130,12,False
127,0.9060757107383168,52.0,0.35,1.146153846153846,130,12,False
128,0.9051320847475094,52.0,0.35,1.176923076923077,130,12,False
129,0.9178002059788661,52.0,0.35,1.1307692307692307,130,12,False
130,0.9164579135194578,52.0,0.35,1.1538461538461537,130,12,False
131,0.9267093894235439,52.0,0.35,1.2,130,12,False
132,0.9336328740892867,52.0,0.35,1.2153846153846153,130,12,False
133,0.9281533545610593,52.0,0.35,1.2153846153846153,130,12,False
134,0.9278266280433805,52.0,0.35,1.2230769230769232,130,12,False
135,0.9281333885047682,52.0,0.35,1.2153846153846153,130,12,False
136,0.9266942943156665,52.0,0.35,1.176923076923077,130,12,False
137,0.927156837407289,52.0,0.35,1.123076923076923,130,12,False
138,0.9298916007895628,52.0,0.35,1.1538461538461537,130,12,False
139,0.9333377912223532,52.0,0.35,1.2384615384615385,130,12,False
140,0.9362185796465369,52.0,0.35,1.2769230769230768,130,12,False
141,0.941357797363063,52.0,0.35,1.3384615384615384,130,12,False
142,0.940545293643258,52.0,0.35,1.3153846153846154,130,12,False
143,0.94248418755008,52.0,0.35,1.323076923076923,130,12,False
144,0.9463307122473801,51.6,0.355,1.1627906976744187,129,12,False
145,0.9472253154035428,51.6,0.355,1.2170542635658914,129,12,False
146,0.9478251550784406,51.6,0.355,1.2635658914728682,129,12,False
147,0.9480025222126536,51.6,0.355,1.1472868217054264,129,12,False
148,0.946144773366083,51.6,0.355,1.1472868217054264,129,12,False
149,0.9460613049545759,51.6,0.355,1.0465116279069768,129,12,False
150,0.9444822462104511,51.6,0.355,1.062015503875969,129,12,False
151,0.9474548847438138,51.6,0.355,1.054263565891473,129,12,False
152,0.9478504672017047,51.6,0.355,1.1705426356589148,129,12,False
153,0.9460158501601428,51.6,0.355,1.186046511627907,129,12,False
154,0.9471962845501427,51.6,0.355,1.1705426356589148,129,12,False
155,0.9462899841264905,51.6,0.355,1.1705426356589148,129,12,False
156,0.9469546006619557,51.6,0.355,1.193798449612403,129,12,False
157,0.9444348002442569,51.2,0.36,1.0234375,128,12,False
158,0.9426351026800748,51.2,0.36,1.0546875,128,12,False
159,0.9450270329041066,51.2,0.36,1.1328125,128,12,False
160,0.9432733976802566,50.800000000000004,0.365,0.9763779527559056,127,12,False
161,0.939033975802986,50.800000000000004,0.365,0.9763779527559056,127,12,False
162,0.9389268380596019,50.800000000000004,0.365,1.047244094488189,127,12,False
163,0.9403826449103274,50.800000000000004,0.365,0.952755905511811,127,12,False
164,0.937339317399509,50.800000000000004,0.365,0.8503937007874016,127,12,False
165,0.9393089916046782,50.800000000000004,0.365,0.8582677165354331,127,12,False
166,0.9313775179191026,50.800000000000004,0.365,0.8582677165354331,127,12,False
167,0.930875818138227,50.800000000000004,0.365,0.9212598425196851,127,12,False
168,0.9327967590527384,50.800000000000004,0.365,0.8740157480314961,127,12,False
169,0.9360678601185359,50.800000000000004,0.365,0.8976377952755905,127,12,False
170,0.9378464002026311,50.800000000000004,0.365,0.937007874015748,127,12,False
171,0.9396993757595223,50.800000000000004,0.365,0.9212598425196851,127,12,False
172,0.9363526150642584,50.800000000000004,0.365,0.984251968503937,127,12,False
173,0.9397619181585467,50.800000000000004,0.365,1.0551181102362204,127,12,False
174,0.9377015414876577,50.800000000000004,0.365,1.062992125984252,127,12,False
175,0.939917592823469,50.800000000000004,0.365,1.078740157480315,127,12,False
176,0.9379022061013025,50.800000000000004,0.365,1.094488188976378,127,12,False
177,0.9388453859969541,50.800000000000004,0.365,0.9763779527559056,127,12,False
178,0.933950471936727,50.800000000000004,0.365,1.0708661417322836,127,12,False
179,0.9373809396630578,50.800000000000004,0.365,1.062992125984252,127,12,False
180,0.9378744999503161,50.800000000000004,0.365,0.984251968503937,127,12,False
181,0.9411237609556634,50.800000000000004,0.365,1.047244094488189,127,12,False
182,0.9389788052521897,50.800000000000004,0.365,1.0708661417322836,127,12,False
183,0.9412449941581668,50.800000000000004,0.365,1.0,127,12,False
184,0.9390644681768964,50.800000000000004,0.365,0.9921259842519685,127,12,False
185,0.9368399293272868,50.800000000000004,0.365,1.0236220472440944,127,12,False
186,0.9361428395704241,50.800000000000004,0.365,1.047244094488189,127,12,False
187,0.9353232538553348,50.400000000000006,0.37,0.8412698412698413,126,12,False
188,0.932530018752082,50.400000000000006,0.37,0.8253968253968254,126,12,False
189,0.9390933680804802,50.400000000000006,0.37,0.873015873015873,126,12,False
190,0.9374020743197787,50.400000000000006,0.37,0.8412698412698413,126,12,False
191,0.932931077068156,50.400000000000006,0.37,0.8809523809523809,126,12,False
192,0.9277551567885676,50.400000000000006,0.37,0.8253968253968254,126,12,False
193,0.9334085146239913,50.400000000000006,0.37,0.8095238095238095,126,12,False
194,0.9336472224091614,50.400000000000006,0.37,0.873015873015873,126,12,False
195,0.9399366938256963,50.0,0.375,0.792,125,12,False
196,0.9424100372181569,50.0,0.375,0.808,125,12,False
197,0.9410462776631924,50.0,0.375,0.808,125,12,False
198,0.9404206374073312,50.0,0.375,0.856,125,12,False
199,0.9415324264998021,50.0,0.375,0.936,125,12,False
200,0.9415220192622836,50.0,0.375,0.912,125,12,False
0,0.7260161810746774,80.0,0.0,0.0,200,13,False
1,0.8146346341902726,80.0,0.0,0.46,200,13,False
2,0.8717807789462262,80.0,0.0,0.74,200,13,False
3,0.9129592269404376,80.0,0.0,1.02,200,13,False
4,0.9381516084781811,80.0,0.0,1.205,200,13,False
5,0.9511236748830398,80.0,0.0,1.44,200,13,False
6,0.9675366221128796,80.0,0.0,1.725,200,13,False
7,0.9793848157416596,80.0,0.0,1.99,200,13,False
8,0.9876453908366662,80.0,0.0,2.145,200,13,False
9,0.9871737428624294,80.0,0.0,2.395,200,13,False
10,0.9913400120266331,80.0,0.0,2.67,200,13,False
11,0.9894797917249271,80.0,0.0,2.855,200,13,False
12,0.9902715751897876,80.0,0.0,3.07,200,13,False
13,0.9906218055460811,80.0,0.0,3.24,200,13,False
14,0.991729274796588,80.0,0.0,3.385,200,13,False
15,0.9878362303042298,80.0,0.0,3.55,200,13,False
16,0.9914185532053467,76.80000000000001,0.04,3.2864583333333335,192,13,False
17,0.9905836951565412,76.4,0.045,3.418848167539267,191,13,False
18,0.9920052390317041,76.4,0.045,3.450261780104712,191,13,False
19,0.993750783208701,76.4,0.045,3.607329842931937,191,13,False
20,0.9911474703745164,75.2,0.06,3.5851063829787235,188,13,False
21,0.9922395585964953,75.2,0.06,3.7180851063829787,188,13,False
22,0.9923311254865818,74.0,0.075,3.6054054054054054,185,13,False
23,0.9905765767213117,73.60000000000001,0.08,3.657608695652174,184,13,False
24,0.9887092673083071,72.4,0.095,3.4861878453038675,181,13,False
25,0.9851862521450944,72.4,0.095,3.56353591160221,181,13,False
26,0.9880772694802338,71.2,0.11,3.449438202247191,178,13,False
27,0.9899884603414336,70.8,0.115,3.5028248587570623,177,13,False
28,0.9883189896279596,69.60000000000001,0.13,3.4367816091954024,174,13,False
29,0.9880056911638317,69.60000000000001,0.13,3.5057471264367814,174,13,False
30,0.9876880090269277,68.0,0.15,3.2529411764705882,170,13,False
31,0.986867075199801,68.0,0.15,3.1705882352941175,170,13,False
32,0.9811108612053412,66.8,0.165,3.029940119760479,167,13,False
33,0.9791989323066885,66.8,0.165,3.089820359281437,167,13,False
34,0.9848687196624912,66.4,0.17,3.1325301204819276,166,13,False
35,0.9841227315588046,66.4,0.17,3.1987951807228914,166,13,False
36,0.9893101060311221,65.60000000000001,0.18,3.0121951219512195,164,13,False
37,0.988593028272949,64.0,0.2,2.71875,160,13,False
38,0.9878625441320855,64.0,0.2,2.875,160,13,False
39,0.991352329735902,64.0,0.2,2.925,160,13,False
40,0.9903534003396461,63.2,0.21,2.9430379746835444,158,13,False
41,0.9875357823611054,62.400000000000006,0.22,2.7628205128205128,156,13,False
42,0.9913245816874316,61.2,0.235,2.5620915032679736,153,13,False
43,0.9894623688872677,60.400000000000006,0.245,2.437086092715232,151,13,False
44,0.9891043690258869,60.400000000000006,0.245,2.4635761589403975,151,13,False
45,0.9844633686963087,60.400000000000006,0.245,2.4900662251655628,151,13,False
46,0.9863887695515345,60.400000000000006,0.245,2.5231788079470197,151,13,False
47,0.9887456055045977,60.400000000000006,0.245,2.5298013245033113,151,13,False
48,0.9827063322957005,60.400000000000006,0.245,2.6026490066225167,151,13,False
49,0.9831395738845218,60.400000000000006,0.245,2.6357615894039736,151,13,False
50,0.9811105310379322,59.2,0.26,2.52027027027027,148,13,False
51,0.9845946211324454,58.400000000000006,0.27,2.493150684931507,146,13,False
52,0.9828835575432244,58.0,0.275,2.2551724137931033,145,13,False
53,0.9807600571215453,58.0,0.275,2.2896551724137932,145,13,False
54,0.9868337114252055,58.0,0.275,2.303448275862069,145,13,False
55,0.9855965119470499,58.0,0.275,2.406896551724138,145,13,False
56,0.9820188987647235,57.6,0.28,2.2569444444444446,144,13,False
57,0.9777857745410977,57.6,0.28,2.2430555555555554,144,13,False
58,0.9832720603220952,57.2,0.285,2.230769230769231,143,13,False
59,0.9807991581278264,57.2,0.285,2.3076923076923075,143,13,False
60,0.9846620756629197,57.2,0.285,2.3426573426573425,143,13,False
61,0.9796383118975461,57.2,0.285,2.3846153846153846,143,13,False
62,0.9854977980992847,57.2,0.285,2.4755244755244754,143,13,False
63,0.9875745598644359,57.2,0.285,2.4545454545454546,143,13,False
64,0.9869463624545305,57.2,0.285,2.4825174825174825,143,13,False
65,0.985651291781104,57.2,0.285,2.4895104895104896,143,13,False
66,0.983994255840731,56.800000000000004,0.29,2.464788732394366,142,13,False
67,0.9866745918425435,56.800000000000004,0.29,2.3943661971830985,142,13,False
68,0.9856974814488975,56.400000000000006,0.295,2.347517730496454,141,13,False
69,0.9789436898414728,55.6,0.305,2.3093525179856114,139,13,False
70,0.9824195125869001,55.6,0.305,2.2949640287769784,139,13,False
71,0.9792036874085295,55.6,0.305,2.446043165467626,139,13,False
72,0.9760651032037,55.2,0.31,2.36231884057971,138,13,False
73,0.9729879368067186,54.800000000000004,0.315,2.335766423357664,137,13,False
74,0.9763145541496969,54.800000000000004,0.315,2.394160583941606,137,13,False
75,0.9703230656279941,54.0,0.325,2.1777777777777776,135,13,False
76,0.9623344031264377,54.0,0.325,2.274074074074074,135,13,False
77,0.9540532639570147,54.0,0.325,2.214814814814815,135,13,False
78,0.9510873985844189,54.0,0.325,2.1481481481481484,135,13,False
79,0.9580076410503764,54.0,0.325,2.0,135,13,False
80,0.9695231726629591,53.6,0.33,1.9253731343283582,134,13,False
81,0.968502632624391,53.6,0.33,1.9776119402985075,134,13,False
82,0.968629848306283,53.6,0.33,2.0,134,13,False
83,0.970126642975213,53.6,0.33,1.9104477611940298,134,13,False
84,0.9753503033441301,53.6,0.33,1.9179104477611941,134,13,False
85,0.9707272964438348,53.6,0.33,2.029850746268657,134,13,False
86,0.9739294114338889,53.6,0.33,1.955223880597015,134,13,False
87,0.9770821307174582,53.6,0.33,1.9701492537313432,134,13,False
88,0.9728832048206583,53.2,0.335,1.849624060150376,133,13,False
89,0.9695736585399485,53.2,0.335,1.9022556390977443,133,13,False
90,0.9696259120331713,53.2,0.335,1.8796992481203008,133,13,False
91,0.9695749004733957,52.800000000000004,0.34,1.7727272727272727,132,13,False
92,0.9718992556028062,52.800000000000004,0.34,1.7727272727272727,132,13,False
93,0.973512045759295,52.800000000000004,0.34,1.8257575757575757,132,13,False
94,0.9717761400936986,52.800000000000004,0.34,1.9166666666666667,132,13,False
95,0.9711819405336244,52.800000000000004,0.34,1.9621212121212122,132,13,False
96,0.9750498959567667,52.800000000000004,0.34,1.9848484848484849,132,13,False
97,0.9761367122799378,52.800000000000004,0.34,1.9924242424242424,132,13,False
98,0.9740808709730279,52.800000000000004,0.34,1.9393939393939394,132,13,False
99,0.9829380506284678,52.800000000000004,0.34,1.9242424242424243,132,13,False
100,0.9762106615676982,52.400000000000006,0.345,1.9389312977099236,131,13,False
101,0.9813382210651933,52.400000000000006,0.345,1.9312977099236641,131,13,False
102,0.9818410698054911,52.400000000000006,0.345,1.9312977099236641,131,13,False
103,0.97912731853042,52.400000000000006,0.345,1.8778625954198473,131,13,False
104,0.9794787754735007,52.400000000000006,0.345,1.8549618320610688,131,13,False
105,0.9790398663926442,52.400000000000006,0.345,1.916030534351145,131,13,False
106,0.9784084922515955,51.6,0.355,1.813953488372093,129,13,False
107,0.9825452582359118,51.6,0.355,1.6356589147286822,129,13,False
108,0.9838983370314118,51.6,0.355,1.7054263565891472,129,13,False
109,0.9813948932220494,51.6,0.355,1.7596899224806202,129,13,False
110,0.9808673830774736,51.6,0.355,1.7674418604651163,129,13,False
111,0.984193423382712,51.6,0.355,1.682170542635659,129,13,False
112,0.9846502538605758,51.6,0.355,1.744186046511628,129,13,False
113,0.9773652367575766,51.6,0.355,1.7674418604651163,129,13,False
114,0.9720889772062844,51.6,0.355,1.6434108527131783,129,13,False
115,0.9606555999590418,51.6,0.355,1.697674418604651,129,13,False
116,0.9609455265077842,51.2,0.36,1.5625,128,13,False
117,0.9610503244455696,51.2,0.36,1.4921875,128,13,False
118,0.9707389449839797,51.2,0.36,1.515625,128,13,False
119,0.9786075599250615,51.2,0.36,1.515625,128,13,False
120,0.9767362847275365,51.2,0.36,1.453125,128,13,False
121,0.9694902999993401,51.2,0.36,1.4296875,128,13,False
122,0.9705629199959642,51.2,0.36,1.453125,128,13,False
123,0.9783504936637949,51.2,0.36,1.609375,128,13,False
124,0.9818863346401903,51.2,0.36,1.546875,128,13,False
125,0.981975319424117,51.2,0.36,1.5546875,128,13,False
126,0.9821474925140447,51.2,0.36,1.609375,128,13,False
127,0.975100728947528,50.800000000000004,0.365,1.4330708661417322,127,13,False
128,0.9743010565791307,50.800000000000004,0.365,1.3937007874015748,127,13,False
129,0.9787102053287853,50.800000000000004,0.365,1.4094488188976377,127,13,False
130,0.9717678988921253,50.800000000000004,0.365,1.4803149606299213,127,13,False
131,0.9730083338649814,50.800000000000004,0.365,1.4488188976377954,127,13,False
132,0.9726024912515269,50.800000000000004,0.365,1.4173228346456692,127,13,False
133,0.9729029416172748,50.800000000000004,0.365,1.3937007874015748,127,13,False
134,0.9749643964295489,50.800000000000004,0.365,1.4251968503937007,127,13,False
135,0.9675427380302195,50.400000000000006,0.37,1.3412698412698412,126,13,False
136,0.9683060105418128,50.400000000000006,0.37,1.4206349206349207,126,13,False
137,0.9719892148373456,50.400000000000006,0.37,1.380952380952381,126,13,False
138,0.9746240619815554,50.400000000000006,0.37,1.3650793650793651,126,13,False
139,0.9754576380872791,50.400000000000006,0.37,1.373015873015873,126,13,False
140,0.9632711470805538,50.400000000000006,0.37,1.3571428571428572,126,13,False
141,0.9657614366147129,50.0,0.375,1.304,125,13,False
142,0.9722084539117753,50.0,0.375,1.296,125,13,False
143,0.9681319011775337,50.0,0.375,1.296,125,13,False
144,0.9693898473721081,50.0,0.375,1.304,125,13,False
145,0.9731109322421296,50.0,0.375,1.384,125,13,False
146,0.9754055322150453,50.0,0.375,1.344,125,13,False
147,0.9699567485683409,49.6,0.38,1.282258064516129,124,13,False
148,0.971203634642234,49.6,0.38,1.2661290322580645,124,13,False
149,0.9696508502049287,49.6,0.38,1.2661290322580645,124,13,False
150,0.9692666332345347,49.2,0.385,1.2276422764227641,123,13,False
151,0.9698001790873482,49.2,0.385,1.2113821138211383,123,13,False
152,0.9672620023178835,49.2,0.385,1.2195121951219512,123,13,False
153,0.9686366552841464,49.2,0.385,1.2926829268292683,123,13,False
154,0.9690136366030903,49.2,0.385,1.2439024390243902,123,13,False
155,0.9686102005207675,49.2,0.385,1.2520325203252032,123,13,False
156,0.9640514554786134,48.800000000000004,0.39,1.180327868852459,122,13,False
157,0.9645833289505895,48.800000000000004,0.39,1.2459016393442623,122,13,False
158,0.9663254956705148,48.800000000000004,0.39,1.2377049180327868,122,13,False
159,0.9647924500686421,48.800000000000004,0.39,1.1639344262295082,122,13,False
160,0.968047739323283,48.400000000000006,0.395,0.9917355371900827,121,13,False
161,0.9681718981541669,48.400000000000006,0.395,1.0661157024793388,121,13,False
162,0.9651469610567129,48.400000000000006,0.395,1.0661157024793388,121,13,False
163,0.9669067766210524,48.400000000000006,0.395,1.140495867768595,121,13,False
164,0.9694222549985431,48.400000000000006,0.395,1.2066115702479339,121,13,False
165,0.9706713609383595,48.400000000000006,0.395,1.140495867768595,121,13,False
166,0.9663924791308318,48.400000000000006,0.395,1.1570247933884297,121,13,False
167,0.968834598938143,48.400000000000006,0.395,1.2396694214876034,121,13,False
168,0.9691622940275725,48.400000000000006,0.395,1.0991735537190082,121,13,False
169,0.9681995478408018,48.400000000000006,0.395,1.140495867768595,121,13,False
170,0.9690105594989176,48.400000000000006,0.395,1.0826446280991735,121,13,False
171,0.9734934786627468,48.400000000000006,0.395,1.0495867768595042,121,13,False
172,0.9657753473792025,48.400000000000006,0.395,0.9421487603305785,121,13,False
173,0.9622877717342456,48.400000000000006,0.395,0.9504132231404959,121,13,False
174,0.9679042669238819,48.400000000000006,0.395,0.9173553719008265,121,13,False
175,0.9680422984727763,48.0,0.4,0.85,120,13,False
176,0.9689864592189135,48.0,0.4,0.925,120,13,False
177,0.9734354098927445,48.0,0.4,0.9583333333333334,120,13,False
178,0.9702474882704586,48.0,0.4,0.9583333333333334,120,13,False
179,0.9689262872415697,48.0,0.4,1.0,120,13,False
180,0.9689852034394001,48.0,0.4,1.025,120,13,False
181,0.9675657231840591,48.0,0.4,0.9416666666666667,120,13,False
182,0.9701531462694822,48.0,0.4,1.15,120,13,False
183,0.9712722675727454,48.0,0.4,1.125,120,13,False
184,0.9697900109233304,48.0,0.4,1.0916666666666666,120,13,False
185,0.9712771096912112,48.0,0.4,1.0833333333333333,120,13,False
186,0.9696138317876466,47.6,0.405,0.9159663865546218,119,13,False
187,0.9655882185843809,47.6,0.405,0.9495798319327731,119,13,False
188,0.9660737992654986,47.6,0.405,0.9411764705882353,119,13,False
189,0.9666920176892412,47.6,0.405,0.9327731092436975,119,13,False
190,0.9644982484414696,47.6,0.405,0.957983193277311,119,13,False
191,0.9667926444349378,47.6,0.405,1.0084033613445378,119,13,False
192,0.9680196740224049,47.6,0.405,0.9243697478991597,119,13,False
193,0.9630259683652612,47.6,0.405,1.0168067226890756,119,13,False
194,0.9516567317110404,47.6,0.405,1.1008403361344539,119,13,False
195,0.9582497527019112,47.2,0.41,0.9322033898305084,118,13,False
196,0.9626172996160222,47.2,0.41,1.0338983050847457,118,13,False
197,0.9576789267078395,47.2,0.41,1.0084745762711864,118,13,False
198,0.9593812666412046,47.2,0.41,0.9745762711864406,118,13,False
199,0.9511994181655946,47.2,0.41,1.0254237288135593,118,13,False
200,0.9477398313430684,47.2,0.41,1.1016949152542372,118,13,False
0,0.7267905291497527,80.0,0.0,0.0,200,14,False
1,0.8202806927668469,80.0,0.0,0.48,200,14,False
2,0.8876818768653657,80.0,0.0,0.705,200,14,False
3,0.9160947631183495,80.0,0.0,0.865,200,14,False
4,0.942382770051568,80.0,0.0,0.97,200,14,False
5,0.950251134438311,80.0,0.0,1.13,200,14,False
6,0.9561024893620186,80.0,0.0,1.35,200,14,False
7,0.9632817962057586,80.0,0.0,1.54,200,14,False
8,0.9602414404926225,80.0,0.0,1.68,200,14,False
9,0.965265804863809,80.0,0.0,1.91,200,14,False
10,0.9741102704541978,80.0,0.0,2.14,200,14,False
11,0.9724033113698143,80.0,0.0,2.24,200,14,False
12,0.9784070183430583,80.0,0.0,2.415,200,14,False
13,0.9786626793544917,80.0,0.0,2.645,200,14,False
14,0.9836792128478076,80.0,0.0,2.805,200,14,False
15,0.9789926642319849,80.0,0.0,3.005,200,14,False
16,0.9776160611357729,78.0,0.025,2.835897435897436,195,14,False
17,0.9753219511978944,77.60000000000001,0.03,2.850515463917526,194,14,False
18,0.98368837690048,77.60000000000001,0.03,2.917525773195876,194,14,False
19,0.9811356893217625,77.60000000000001,0.03,3.051546391752577,194,14,False
20,0.9849000465435578,76.4,0.045,3.026178010471204,191,14,False
21,0.9788828150972635,76.0,0.05,3.0052631578947366,190,14,False
22,0.9800564242443944,75.60000000000001,0.055,3.0264550264550265,189,14,False
23,0.9828010747045713,75.2,0.06,3.0531914893617023,188,14,False
24,0.9798832266618025,74.8,0.065,3.0,187,14,False
25,0.9776713905293617,74.8,0.065,3.0962566844919786,187,14,False
26,0.9697557486751294,73.60000000000001,0.08,2.9619565217391304,184,14,False
27,0.9709693976527274,73.60000000000001,0.08,3.1032608695652173,184,14,False
28,0.9677281648396586,72.4,0.095,2.9889502762430937,181,14,False
29,0.969572263733516,72.0,0.1,2.9055555555555554,180,14,False
30,0.9747977566704291,71.60000000000001,0.105,2.9720670391061454,179,14,False
31,0.984837370913182,70.8,0.115,2.9096045197740112,177,14,False
32,0.9803932748000607,70.4,0.12,2.8125,176,14,False
33,0.9775338551711241,70.4,0.12,2.7954545454545454,176,14,False
34,0.9709688667167204,70.4,0.12,2.840909090909091,176,14,False
35,0.9759550219724715,69.60000000000001,0.13,2.8850574712643677,174,14,False
36,0.9792488256396926,69.2,0.135,2.8728323699421967,173,14,False
37,0.9832355785438105,68.8,0.14,2.8372093023255816,172,14,False
38,0.9860506636107573,68.0,0.15,2.7705882352941176,170,14,False
39,0.9783164912790244,66.4,0.17,2.5481927710843375,166,14,False
40,0.9799386302075195,66.4,0.17,2.5602409638554215,166,14,False
41,0.9843602794698524,66.4,0.17,2.5542168674698793,166,14,False
42,0.9715597543810353,65.2,0.185,2.263803680981595,163,14,False
43,0.9794509643011279,65.2,0.185,2.3496932515337425,163,14,False
44,0.9768769174906035,64.8,0.19,2.3641975308641974,162,14,False
45,0.9849780071153394,64.4,0.195,2.217391304347826,161,14,False
46,0.978561757175741,64.4,0.195,2.2111801242236027,161,14,False
47,0.9886355721694252,64.4,0.195,2.3167701863354035,161,14,False
48,0.9774411694443536,64.4,0.195,2.260869565217391,161,14,False
49,0.9855841117672511,64.0,0.2,2.19375,160,14,False
50,0.9891730221937681,64.0,0.2,2.31875,160,14,False
51,0.9873992234690935,64.0,0.2,2.30625,160,14,False
52,0.978357558058873,64.0,0.2,2.38125,160,14,False
53,0.9842853546997504,63.6,0.205,2.3333333333333335,159,14,False
54,0.9857195026100984,62.800000000000004,0.215,2.1974522292993632,157,14,False
55,0.9835224281037608,62.800000000000004,0.215,2.254777070063694,157,14,False
56,0.9809281673418061,62.800000000000004,0.215,2.2229299363057327,157,14,False
57,0.9622867585750126,62.800000000000004,0.215,2.2802547770700636,157,14,False
58,0.9662619117296154,62.0,0.225,2.1354838709677417,155,14,False
59,0.9673761697885329,61.6,0.23,2.0,154,14,False
60,0.9741832810534125,61.6,0.23,1.9610389610389611,154,14,False
61,0.9857829244656062,61.6,0.23,2.051948051948052,154,14,False
62,0.9888853099580583,61.2,0.235,1.9411764705882353,153,14,False
63,0.9862027474948388,60.800000000000004,0.24,1.7828947368421053,152,14,False
64,0.9890803022770585,60.800000000000004,0.24,1.7894736842105263,152,14,False
65,0.987887860877602,60.800000000000004,0.24,1.7763157894736843,152,14,False
66,0.9942339569022025,60.800000000000004,0.24,1.7894736842105263,152,14,False
67,0.9875502769089418,60.400000000000006,0.245,1.6688741721854305,151,14,False
68,0.9883501630508534,60.0,0.25,1.62,150,14,False
69,0.9883777480294369,59.6,0.255,1.6442953020134228,149,14,False
70,0.9865586290346542,59.6,0.255,1.563758389261745,149,14,False
71,0.9756105644063578,59.2,0.26,1.445945945945946,148,14,False
72,0.9699240282371154,58.800000000000004,0.265,1.3673469387755102,147,14,False
73,0.9743864600650978,58.800000000000004,0.265,1.4557823129251701,147,14,False
74,0.9756758631292862,58.800000000000004,0.265,1.4081632653061225,147,14,False
75,0.9674254517350239,58.800000000000004,0.265,1.4489795918367347,147,14,False
76,0.9774020225232898,58.800000000000004,0.265,1.4761904761904763,147,14,False
77,0.961501822884121,58.800000000000004,0.265,1.4965986394557824,147,14,False
78,0.9661340109282257,58.800000000000004,0.265,1.4489795918367347,147,14,False
79,0.9720948272371488,58.400000000000006,0.27,1.36986301369863,146,14,False
80,0.9637196981908245,58.400000000000006,0.27,1.3424657534246576,146,14,False
81,0.9633461803762533,58.400000000000006,0.27,1.4383561643835616,146,14,False
82,0.9607561528017602,58.400000000000006,0.27,1.3493150684931507,146,14,False
83,0.9585485985521215,58.400000000000006,0.27,1.3287671232876712,146,14,False
84,0.9682442851367933,58.400000000000006,0.27,1.3424657534246576,146,14,False
85,0.9762653131990172,58.400000000000006,0.27,1.3767123287671232,146,14,False
86,0.9707362467925064,58.400000000000006,0.27,1.4931506849315068,146,14,False
87,0.9741018004026534,58.0,0.275,1.3655172413793104,145,14,False
88,0.97369701698681,58.0,0.275,1.3379310344827586,145,14,False
89,0.9758352898969598,58.0,0.275,1.3172413793103448,145,14,False
90,0.973568530324702,58.0,0.275,1.3793103448275863,145,14,False
91,0.9741917051285579,58.0,0.275,1.3655172413793104,145,14,False
92,0.9745136607370429,58.0,0.275,1.3862068965517242,145,14,False
93,0.9726649957362726,58.0,0.275,1.296551724137931,145,14,False
94,0.9751608571150461,58.0,0.275,1.2689655172413794,145,14,False
95,0.9737549470418956,58.0,0.275,1.2275862068965517,145,14,False
96,0.9840863175986033,58.0,0.275,1.2620689655172415,145,14,False
97,0.9806736861763902,58.0,0.275,1.296551724137931,145,14,False
98,0.9846181674351192,58.0,0.275,1.3379310344827586,145,14,False
99,0.9820415851798489,58.0,0.275,1.282758620689655,145,14,False
100,0.9853794969297989,58.0,0.275,1.2551724137931035,145,14,False
101,0.9895314106137503,58.0,0.275,1.3310344827586207,145,14,False
102,0.9911673829122013,58.0,0.275,1.3724137931034484,145,14,False
103,0.982342558755663,58.0,0.275,1.2689655172413794,145,14,False
104,0.9820026479847425,58.0,0.275,1.3103448275862069,145,14,False
105,0.9853950083886797,58.0,0.275,1.289655172413793,145,14,False
106,0.9895249285893583,58.0,0.275,1.282758620689655,145,14,False
107,0.9883181438194729,58.0,0.275,1.2275862068965517,145,14,False
108,0.9811628774017875,58.0,0.275,1.1586206896551725,145,14,False
109,0.9617132407384065,58.0,0.275,1.1586206896551725,145,14,False
110,0.9597330869913844,58.0,0.275,1.186206896551724,145,14,False
111,0.9558264584292002,58.0,0.275,1.2137931034482758,145,14,False
112,0.9549457641230105,58.0,0.275,1.1655172413793105,145,14,False
113,0.9639956463156026,58.0,0.275,1.1517241379310346,145,14,False
114,0.9562902648001121,57.6,0.28,1.1597222222222223,144,14,False
115,0.9580387656863956,57.6,0.28,1.1805555555555556,144,14,False
116,0.9663223814067851,57.6,0.28,1.1041666666666667,144,14,False
117,0.973624726225234,57.6,0.28,1.1111111111111112,144,14,False
118,0.9745821434187509,57.6,0.28,1.1319444444444444,144,14,False
119,0.9686854743816147,57.6,0.28,1.1041666666666667,144,14,False
120,0.9644306677275666,57.6,0.28,1.1041666666666667,144,14,False
121,0.9664943151023652,57.6,0.28,1.0902777777777777,144,14,False
122,0.9490419014101195,57.6,0.28,1.0763888888888888,144,14,False
123,0.9525022310278483,57.2,0.285,1.020979020979021,143,14,False
124,0.9703566455633859,57.2,0.285,0.986013986013986,143,14,False
125,0.9690193269143123,57.2,0.285,0.986013986013986,143,14,False
126,0.9690370468296008,57.2,0.285,1.06993006993007,143,14,False
127,0.9740452308154408,57.2,0.285,1.020979020979021,143,14,False
128,0.9767403825338205,57.2,0.285,1.1538461538461537,143,14,False
129,0.9701797286049338,57.2,0.285,1.1538461538461537,143,14,False
130,0.9736214637891264,57.2,0.285,1.097902097902098,143,14,False
131,0.9769653094449332,57.2,0.285,1.0769230769230769,143,14,False
132,0.975398383450368,57.2,0.285,0.986013986013986,143,14,False
133,0.9811247718693947,57.2,0.285,0.9790209790209791,143,14,False
134,0.9665014265769741,57.2,0.285,0.9440559440559441,143,14,False
135,0.9631206135266038,57.2,0.285,0.972027972027972,143,14,False
136,0.9629292624356717,57.2,0.285,0.965034965034965,143,14,False
137,0.9629563743168915,57.2,0.285,0.9020979020979021,143,14,False
138,0.9575161928555495,57.2,0.285,0.9300699300699301,143,14,False
139,0.9580944451107413,57.2,0.285,0.916083916083916,143,14,False
140,0.9594293269867314,57.2,0.285,0.9440559440559441,143,14,False
141,0.9612375036783479,57.2,0.285,0.972027972027972,143,14,False
142,0.9631227353368651,57.2,0.285,0.951048951048951,143,14,False
143,0.9590670489958715,57.2,0.285,0.8741258741258742,143,14,False
144,0.9492938998530758,57.2,0.285,0.8181818181818182,143,14,False
145,0.9594716408361291,57.2,0.285,0.8951048951048951,143,14,False
146,0.9695671138587636,57.2,0.285,0.965034965034965,143,14,False
147,0.9686154760640167,57.2,0.285,0.9230769230769231,143,14,False
148,0.9779157772952071,57.2,0.285,0.986013986013986,143,14,False
149,0.9794585022302708,57.2,0.285,0.965034965034965,143,14,False
150,0.9831309043209087,57.2,0.285,0.9790209790209791,143,14,False
151,0.9786798853928358,57.2,0.285,0.916083916083916,143,14,False
152,0.9642252208543334,57.2,0.285,0.958041958041958,143,14,False
153,0.968349746974948,57.2,0.285,0.951048951048951,143,14,False
154,0.9700712602023942,57.2,0.285,0.951048951048951,143,14,False
155,0.9707120195894584,57.2,0.285,1.013986013986014,143,14,False
156,0.9827378701144173,57.2,0.285,1.0419580419580419,143,14,False
157,0.9811380151508063,57.2,0.285,1.06993006993007,143,14,False
158,0.9784758271313697,57.2,0.285,1.0,143,14,False
159,0.9821874161081237,57.2,0.285,1.006993006993007,143,14,False
160,0.9825728192359374,57.2,0.285,1.083916083916084,143,14,False
161,0.9773506424818245,57.2,0.285,1.0769230769230769,143,14,False
162,0.9726623051002317,57.2,0.285,1.1608391608391608,143,14,False
163,0.9720562829357658,57.2,0.285,1.1468531468531469,143,14,False
164,0.9655837258148798,56.800000000000004,0.29,1.0,142,14,False
165,0.9542209294680429,56.800000000000004,0.29,1.028169014084507,142,14,False
166,0.9608029570255875,56.800000000000004,0.29,0.9788732394366197,142,14,False
167,0.9672036113392343,56.800000000000004,0.29,0.9929577464788732,142,14,False
168,0.9651129997193448,56.800000000000004,0.29,1.0633802816901408,142,14,False
169,0.9782073034820151,56.800000000000004,0.29,1.0492957746478873,142,14,False
170,0.9814009145587501,56.800000000000004,0.29,1.091549295774648,142,14,False
171,0.9820566169682836,56.800000000000004,0.29,1.0422535211267605,142,14,False
172,0.9883723709992014,56.800000000000004,0.29,1.1267605633802817,142,14,False
173,0.9849840947707236,56.800000000000004,0.29,1.0704225352112675,142,14,False
174,0.9814672859563063,56.800000000000004,0.29,1.1901408450704225,142,14,False
175,0.9870093357936971,56.800000000000004,0.29,1.1338028169014085,142,14,False
176,0.9923252664512935,56.800000000000004,0.29,1.2816901408450705,142,14,False
177,0.9899432557703637,56.800000000000004,0.29,1.2253521126760563,142,14,False
178,0.97783440114241,56.800000000000004,0.29,1.295774647887324,142,14,False
179,0.9752333255759259,56.800000000000004,0.29,1.2394366197183098,142,14,False
180,0.9755057214744196,56.800000000000004,0.29,1.2887323943661972,142,14,False
181,0.9859701961852047,56.800000000000004,0.29,1.2605633802816902,142,14,False
182,0.9832571589496407,56.800000000000004,0.29,1.2253521126760563,142,14,False
183,0.9867085985323286,56.800000000000004,0.29,1.1971830985915493,142,14,False
184,0.9930852467698451,56.800000000000004,0.29,1.2394366197183098,142,14,False
185,0.983776835057514,56.800000000000004,0.29,1.2887323943661972,142,14,False
186,0.982905405981678,56.800000000000004,0.29,1.2887323943661972,142,14,False
187,0.9758127502459693,56.800000000000004,0.29,1.2535211267605635,142,14,False
188,0.9891248523261169,56.800000000000004,0.29,1.3028169014084507,142,14,False
189,0.9832886016879263,56.800000000000004,0.29,1.2887323943661972,142,14,False
190,0.9571336601109716,56.800000000000004,0.29,1.3098591549295775,142,14,False
191,0.967525524853563,56.800000000000004,0.29,1.3098591549295775,142,14,False
192,0.9676716940662433,56.800000000000004,0.29,1.2535211267605635,142,14,False
193,0.9716873403951776,56.400000000000006,0.295,1.198581560283688,141,14,False
194,0.9649756446857006,56.400000000000006,0.295,1.2127659574468086,141,14,False
195,0.9743524015400012,56.400000000000006,0.295,1.2269503546099292,141,14,False
196,0.9829074382526001,56.400000000000006,0.295,1.198581560283688,141,14,False
197,0.9745398094127143,56.400000000000006,0.295,1.2695035460992907,141,14,False
198,0.9790208726022566,56.400000000000006,0.295,1.1843971631205674,141,14,False
199,0.9870109860214634,56.400000000000006,0.295,1.2624113475177305,141,14,False
200,0.9836260075306613,56.400000000000006,0.295,1.2836879432624113,141,14,False
0,0.7329417867446084,80.0,0.0,0.0,200,15,False
1,0.8029731528313271,80.0,0.0,0.405,200,15,False
2,0.8730903125895172,80.0,0.0,0.75,200,15,False
3,0.9083003854076424,80.0,0.0,1.035,200,15,False
4,0.9424030140259437,80.0,0.0,1.245,200,15,False
5,0.9597766353077345,80.0,0.0,1.535,200,15,False
6,0.9681796412899725,80.0,0.0,1.69,200,15,False
7,0.9770266574164498,80.0,0.0,1.915,200,15,False
8,0.9819673418039132,80.0,0.0,2.115,200,15,False
9,0.982204984656166,80.0,0.0,2.425,200,15,False
10,0.9805990129060905,80.0,0.0,2.69,200,15,False
11,0.9804855059614417,80.0,0.0,2.925,200,15,False
12,0.9818603687979852,80.0,0.0,3.1,200,15,False
13,0.9740492167545857,80.0,0.0,3.24,200,15,False
14,0.9811973322690137,80.0,0.0,3.4,200,15,False
15,0.9839757353436949,80.0,0.0,3.62,200,15,False
16,0.9847988975046961,76.4,0.045,3.256544502617801,191,15,False
17,0.9914791617824517,76.4,0.045,3.445026178010471,191,15,False
18,0.9892761549837004,76.0,0.05,3.6157894736842104,190,15,False
19,0.9915809353809575,75.60000000000001,0.055,3.671957671957672,189,15,False
20,0.9890243014219183,75.2,0.06,3.7872340425531914,188,15,False
21,0.9862129941738226,75.2,0.06,3.856382978723404,188,15,False
22,0.9859101697907423,74.8,0.065,3.9037433155080214,187,15,False
23,0.9892845385286887,74.8,0.065,4.048128342245989,187,15,False
24,0.9918324301022247,73.60000000000001,0.08,4.0271739130434785,184,15,False
25,0.9829330535466793,73.60000000000001,0.08,4.021739130434782,184,15,False
26,0.9877271325050766,72.0,0.1,3.9277777777777776,180,15,False
27,0.9828616824216015,71.2,0.11,3.893258426966292,178,15,False
28,0.9799881671175651,70.8,0.115,3.8700564971751414,177,15,False
29,0.9779401372105315,69.60000000000001,0.13,3.8333333333333335,174,15,False
30,0.9588766828207255,68.0,0.15,3.488235294117647,170,15,False
31,0.9721239295442333,67.2,0.16,3.488095238095238,168,15,False
32,0.960337517267932,66.4,0.17,3.3313253012048194,166,15,False
33,0.9607723262105754,66.0,0.175,3.315151515151515,165,15,False
34,0.9662686766464933,65.2,0.185,3.184049079754601,163,15,False
35,0.9748412358476649,64.8,0.19,3.259259259259259,162,15,False
36,0.9820523427495746,64.0,0.2,3.2,160,15,False
37,0.9822342498411573,64.0,0.2,3.19375,160,15,False
38,0.9788812802946082,62.800000000000004,0.215,2.9936305732484074,157,15,False
39,0.9785006045535084,62.400000000000006,0.22,2.9038461538461537,156,15,False
40,0.9762145255301453,61.6,0.23,2.7662337662337664,154,15,False
41,0.974249828244974,61.2,0.235,2.7320261437908497,153,15,False
42,0.9677410603795491,61.2,0.235,2.803921568627451,153,15,False
43,0.9691620888898496,60.800000000000004,0.24,2.6907894736842106,152,15,False
44,0.9628578952658067,59.2,0.26,2.3986486486486487,148,15,False
45,0.9583895333566947,59.2,0.26,2.358108108108108,148,15,False
46,0.9510974869159393,58.800000000000004,0.265,2.3469387755102042,147,15,False
47,0.9555783581486325,58.400000000000006,0.27,2.3424657534246576,146,15,False
48,0.9484911091834853,58.0,0.275,2.213793103448276,145,15,False
49,0.9588398939643568,57.6,0.28,2.125,144,15,False
50,0.9704066316565572,57.2,0.285,1.937062937062937,143,15,False
51,0.9673824460140742,57.2,0.285,1.944055944055944,143,15,False
52,0.9748946551289088,56.800000000000004,0.29,1.9014084507042253,142,15,False
53,0.9713707327570709,56.400000000000006,0.295,1.7872340425531914,141,15,False
54,0.9695309674050243,55.6,0.305,1.6474820143884892,139,15,False
55,0.9663519726659598,55.6,0.305,1.669064748201439,139,15,False
56,0.9519461071491665,55.6,0.305,1.669064748201439,139,15,False
57,0.9470526067607248,55.6,0.305,1.683453237410072,139,15,False
58,0.9419717971496979,55.2,0.31,1.6304347826086956,138,15,False
59,0.9519725944736805,55.2,0.31,1.6666666666666667,138,15,False
60,0.9465762672633076,55.2,0.31,1.7753623188405796,138,15,False
61,0.9463293405034322,55.2,0.31,1.7391304347826086,138,15,False
62,0.944713532563519,55.2,0.31,1.6956521739130435,138,15,False
63,0.9510679936160279,54.800000000000004,0.315,1.6496350364963503,137,15,False
64,0.9482972068056403,54.800000000000004,0.315,1.6715328467153285,137,15,False
65,0.9414721373241721,54.800000000000004,0.315,1.7956204379562044,137,15,False
66,0.947505443937324,54.800000000000004,0.315,1.8467153284671534,137,15,False
67,0.9519963607412778,54.800000000000004,0.315,1.781021897810219,137,15,False
68,0.9524448568318763,54.400000000000006,0.32,1.7205882352941178,136,15,False
69,0.9532234579553136,53.6,0.33,1.4850746268656716,134,15,False
70,0.9518698737846601,53.2,0.335,1.4360902255639099,133,15,False
71,0.9537734164226502,53.2,0.335,1.5413533834586466,133,15,False
72,0.948938101714805,53.2,0.335,1.4360902255639099,133,15,False
73,0.9421447822575886,53.2,0.335,1.4661654135338347,133,15,False
74,0.9399359851878188,53.2,0.335,1.556390977443609,133,15,False
75,0.9362684981666958,53.2,0.335,1.5037593984962405,133,15,False
76,0.937373403368397,53.2,0.335,1.443609022556391,133,15,False
77,0.9376742575517526,53.2,0.335,1.5263157894736843,133,15,False
78,0.940334393831024,53.2,0.335,1.5488721804511278,133,15,False
79,0.9359903099199945,53.2,0.335,1.4962406015037595,133,15,False
80,0.9359335736177927,53.2,0.335,1.4887218045112782,133,15,False
81,0.9432455725482745,53.2,0.335,1.4887218045112782,133,15,False
82,0.9448485200246228,53.2,0.335,1.4736842105263157,133,15,False
83,0.9435079063884982,53.2,0.335,1.443609022556391,133,15,False
84,0.9473738409727672,53.2,0.335,1.4511278195488722,133,15,False
85,0.9536613372905135,53.2,0.335,1.5112781954887218,133,15,False
86,0.9565535161047982,53.2,0.335,1.413533834586466,133,15,False
87,0.9557408431874109,53.2,0.335,1.3759398496240602,133,15,False
88,0.9412275105185343,53.2,0.335,1.3609022556390977,133,15,False
89,0.9356375949571653,52.800000000000004,0.34,1.2803030303030303,132,15,False
90,0.937870424007362,52.800000000000004,0.34,1.1590909090909092,132,15,False
91,0.9438209839896834,52.800000000000004,0.34,1.2121212121212122,132,15,False
92,0.9479301581509593,52.800000000000004,0.34,1.2348484848484849,132,15,False
93,0.9440750635375285,52.800000000000004,0.34,1.2121212121212122,132,15,False
94,0.9447329018060252,52.800000000000004,0.34,1.2196969696969697,132,15,False
95,0.9436028943561536,52.800000000000004,0.34,1.2727272727272727,132,15,False
96,0.9376108932442637,52.800000000000004,0.34,1.2424242424242424,132,15,False
97,0.9341786769077381,52.800000000000004,0.34,1.25,132,15,False
98,0.9375842970265225,52.400000000000006,0.345,1.2442748091603053,131,15,False
99,0.9364635930960655,52.400000000000006,0.345,1.2290076335877862,131,15,False
100,0.9329634890092317,52.400000000000006,0.345,1.2213740458015268,131,15,False
101,0.9264794512901612,52.400000000000006,0.345,1.2061068702290076,131,15,False
102,0.9170748172291744,52.0,0.35,1.1,130,15,False
103,0.9177778038665234,52.0,0.35,1.0384615384615385,130,15,False
104,0.9259843972250721,52.0,0.35,1.1153846153846154,130,15,False
105,0.922447272707925,52.0,0.35,1.2,130,15,False
106,0.9217258129381708,51.6,0.355,1.1627906976744187,129,15,False
107,0.9096921353615437,51.6,0.355,1.1317829457364341,129,15,False
108,0.9122402102596676,51.6,0.355,1.1007751937984496,129,15,False
109,0.9091179360567894,51.6,0.355,1.0232558139534884,129,15,False
110,0.9284621842051004,51.6,0.355,1.0387596899224807,129,15,False
111,0.9317263882482464,51.6,0.355,1.054263565891473,129,15,False
112,0.9180515824587119,51.6,0.355,1.0310077519379846,129,15,False
113,0.9153667637458839,51.6,0.355,1.0077519379844961,129,15,False
114,0.908619746561696,51.6,0.355,1.0465116279069768,129,15,False
115,0.8877688481446341,51.6,0.355,0.9844961240310077,129,15,False
116,0.8975654596309797,51.6,0.355,0.9612403100775194,129,15,False
117,0.8955472536626331,51.2,0.36,0.875,128,15,False
118,0.8995425364078262,51.2,0.36,0.8984375,128,15,False
119,0.9044430692135087,51.2,0.36,0.9453125,128,15,False
120,0.9191639197542917,51.2,0.36,0.984375,128,15,False
121,0.9231911502806014,51.2,0.36,1.078125,128,15,False
122,0.922737501790113,51.2,0.36,0.9765625,128,15,False
123,0.9150568399397269,51.2,0.36,0.921875,128,15,False
124,0.9026362304009187,51.2,0.36,0.90625,128,15,False
125,0.9157949980794626,51.2,0.36,0.921875,128,15,False
126,0.9001808686371312,51.2,0.36,0.890625,128,15,False
127,0.9189045376989314,51.2,0.36,0.90625,128,15,False
128,0.9143114232866273,51.2,0.36,0.9140625,128,15,False
129,0.9081732718334994,51.2,0.36,0.921875,128,15,False
130,0.9172155825832726,51.2,0.36,0.96875,128,15,False
131,0.9167211907046862,51.2,0.36,1.0,128,15,False
132,0.9310770700405231,51.2,0.36,0.9453125,128,15,False
133,0.9313350360919277,50.800000000000004,0.365,0.937007874015748,127,15,False
134,0.9349639191490859,50.800000000000004,0.365,1.0078740157480315,127,15,False
135,0.9385965616190035,50.800000000000004,0.365,0.905511811023622,127,15,False
136,0.9359689713659289,50.800000000000004,0.365,0.9291338582677166,127,15,False
137,0.925422470959858,50.800000000000004,0.365,0.952755905511811,127,15,False
138,0.9258027112529064,50.800000000000004,0.365,0.952755905511811,127,15,False
139,0.937990055264116,50.800000000000004,0.365,1.047244094488189,127,15,False
140,0.9342102464485653,50.800000000000004,0.365,1.0078740157480315,127,15,False
141,0.9334391375728345,50.800000000000004,0.365,1.0236220472440944,127,15,False
142,0.9232923602484101,50.800000000000004,0.365,1.047244094488189,127,15,False
143,0.9284098628375079,50.800000000000004,0.365,1.141732283464567,127,15,False
144,0.9260335700859675,50.800000000000004,0.365,1.188976377952756,127,15,False
145,0.918088502937447,50.800000000000004,0.365,1.1181102362204725,127,15,False
146,0.9235367762685155,50.800000000000004,0.365,1.0078740157480315,127,15,False
147,0.9162518756777688,50.800000000000004,0.365,0.984251968503937,127,15,False
148,0.9248542359947106,50.800000000000004,0.365,1.0551181102362204,127,15,False
149,0.914112662994014,50.800000000000004,0.365,1.0,127,15,False
150,0.9263924751063022,50.800000000000004,0.365,1.0236220472440944,127,15,False
151,0.9294486837136351,50.800000000000004,0.365,1.015748031496063,127,15,False
152,0.9268411129953338,50.800000000000004,0.365,0.9763779527559056,127,15,False
153,0.9289543153985589,50.800000000000004,0.365,0.968503937007874,127,15,False
154,0.932857968717471,50.800000000000004,0.365,0.968503937007874,127,15,False
155,0.927676595874055,50.800000000000004,0.365,0.905511811023622,127,15,False
156,0.9317225247194291,50.800000000000004,0.365,0.952755905511811,127,15,False
157,0.9390480882054638,50.800000000000004,0.365,1.0078740157480315,127,15,False
158,0.9362270917738442,50.800000000000004,0.365,0.952755905511811,127,15,False
159,0.938834188441035,50.800000000000004,0.365,1.0708661417322836,127,15,False
160,0.9392954343692809,50.800000000000004,0.365,1.062992125984252,127,15,False
161,0.93190679076732,50.800000000000004,0.365,1.0551181102362204,127,15,False
162,0.9353645019062434,50.800000000000004,0.365,1.0393700787401574,127,15,False
163,0.9273404472758409,50.800000000000004,0.365,1.0708661417322836,127,15,False
164,0.9151721039174896,50.0,0.375,0.88,125,15,False
165,0.9165713601026114,50.0,0.375,0.864,125,15,False
166,0.9248287943107723,50.0,0.375,0.824,125,15,False
167,0.9164375820978355,50.0,0.375,0.856,125,15,False
168,0.9095584442795741,49.6,0.38,0.7661290322580645,124,15,False
169,0.9154173642238793,49.6,0.38,0.8951612903225806,124,15,False
170,0.9211079387521692,49.6,0.38,0.8629032258064516,124,15,False
171,0.9174733507101613,49.6,0.38,0.8629032258064516,124,15,False
172,0.9196489836121359,49.6,0.38,0.8387096774193549,124,15,False
173,0.9095917383416483,49.6,0.38,0.8467741935483871,124,15,False
174,0.9020456674735483,49.6,0.38,0.8306451612903226,124,15,False
175,0.9103232889556144,49.6,0.38,0.8790322580645161,124,15,False
176,0.9091776252076318,49.6,0.38,0.9354838709677419,124,15,False
177,0.9058995547398436,49.6,0.38,0.9112903225806451,124,15,False
178,0.9056473449146909,49.6,0.38,0.8790322580645161,124,15,False
179,0.9009932499491674,49.6,0.38,0.8387096774193549,124,15,False
180,0.907447580561823,49.6,0.38,0.9112903225806451,124,15,False
181,0.9116573961930069,49.6,0.38,0.9435483870967742,124,15,False
182,0.9194782868431731,49.6,0.38,1.0161290322580645,124,15,False
183,0.9140938172690094,49.6,0.38,1.096774193548387,124,15,False
184,0.9104944921644302,49.6,0.38,1.1209677419354838,124,15,False
185,0.9114747597004994,49.6,0.38,1.1209677419354838,124,15,False
186,0.9118832673605348,49.6,0.38,1.0887096774193548,124,15,False
187,0.9110819562709174,49.6,0.38,1.1935483870967742,124,15,False
188,0.9136404106529139,49.6,0.38,1.153225806451613,124,15,False
189,0.9188122881821429,49.6,0.38,1.1370967741935485,124,15,False
190,0.916339241669741,49.6,0.38,1.2258064516129032,124,15,False
191,0.9206174741310676,49.6,0.38,1.2338709677419355,124,15,False
192,0.9173748479157251,49.6,0.38,1.1290322580645162,124,15,False
193,0.9193060938341757,49.6,0.38,1.1290322580645162,124,15,False
194,0.924433214988867,49.6,0.38,1.1370967741935485,124,15,False
195,0.9225389559701502,49.6,0.38,1.1209677419354838,124,15,False
196,0.909372111870944,49.6,0.38,1.1370967741935485,124,15,False
197,0.9067889996611171,49.6,0.38,1.2338709677419355,124,15,False
198,0.9012433255797007,49.2,0.385,1.0975609756097562,123,15,False
199,0.9000404133140124,49.2,0.385,1.008130081300813,123,15,False
200,0.9013094389602964,49.2,0.385,1.008130081300813,123,15,False
0,0.7338912020080064,80.0,0.0,0.0,200,16,False
1,0.8237998998637152,80.0,0.0,0.455,200,16,False
2,0.8948944566620857,80.0,0.0,0.715,200,16,False
3,0.926582103970141,80.0,0.0,1.035,200,16,False
4,0.9555976623576358,80.0,0.0,1.36,200,16,False
5,0.9616564732048608,80.0,0.0,1.635,200,16,False
6,0.970381422613004,80.0,0.0,1.885,200,16,False
7,0.9783846629038682,80.0,0.0,2.115,200,16,False
8,0.9773210884005414,80.0,0.0,2.3,200,16,False
9,0.9865850567990482,80.0,0.0,2.54,200,16,False
10,0.9878084883930432,80.0,0.0,2.79,200,16,False
11,0.9919087367027697,80.0,0.0,3.1,200,16,False
12,0.9918067414362897,80.0,0.0,3.29,200,16,False
13,0.9928460781588607,80.0,0.0,3.48,200,16,False
14,0.9939434895386479,80.0,0.0,3.615,200,16,False
15,0.9920436625339565,80.0,0.0,3.9,200,16,False
16,0.9825987693305407,73.2,0.085,3.060109289617486,183,16,False
17,0.9839070762113502,73.2,0.085,3.2240437158469946,183,16,False
18,0.9781589529303836,72.8,0.09,3.1758241758241756,182,16,False
19,0.9784216099774622,72.8,0.09,3.3351648351648353,182,16,False
20,0.9725367270214249,72.4,0.095,3.25414364640884,181,16,False
21,0.9761691749551749,72.4,0.095,3.3922651933701657,181,16,False
22,0.9769479711733937,71.60000000000001,0.105,3.3798882681564244,179,16,False
23,0.9760043505344136,70.8,0.115,3.2768361581920904,177,16,False
24,0.9777074795623373,69.60000000000001,0.13,3.1206896551724137,174,16,False
25,0.9742520557716408,69.2,0.135,3.1271676300578033,173,16,False
26,0.9759880767427098,69.2,0.135,3.0578034682080926,173,16,False
27,0.9758699239141431,69.2,0.135,3.1098265895953756,173,16,False
28,0.9803087959877315,69.2,0.135,3.254335260115607,173,16,False
29,0.9766838817919521,69.2,0.135,3.300578034682081,173,16,False
30,0.9765111113074387,69.2,0.135,3.3699421965317917,173,16,False
31,0.9793822460373227,68.8,0.14,3.36046511627907,172,16,False
32,0.9745195158534757,68.0,0.15,3.2411764705882353,170,16,False
33,0.9727950990588329,67.2,0.16,3.2023809523809526,168,16,False
34,0.9707406175961054,66.0,0.175,3.090909090909091,165,16,False
35,0.9685538877529982,65.2,0.185,3.214723926380368,163,16,False
36,0.9682721860448199,64.4,0.195,3.186335403726708,161,16,False
37,0.9710357885722728,64.0,0.2,3.2375,160,16,False
38,0.9690245516920963,64.0,0.2,3.19375,160,16,False
39,0.9703880704665976,64.0,0.2,3.29375,160,16,False
40,0.9660396189260188,63.2,0.21,3.221518987341772,158,16,False
41,0.9652065957862381,62.800000000000004,0.215,3.2356687898089174,157,16,False
42,0.9647067914199143,62.400000000000006,0.22,3.1474358974358974,156,16,False
43,0.9661836796645084,62.400000000000006,0.22,3.198717948717949,156,16,False
44,0.959004531979146,61.6,0.23,3.090909090909091,154,16,False
45,0.9606049002152182,61.6,0.23,3.1363636363636362,154,16,False
46,0.9530175270480397,59.6,0.255,2.838926174496644,149,16,False
47,0.9504657553699586,59.2,0.26,2.7905405405405403,148,16,False
48,0.9444110196161211,58.400000000000006,0.27,2.719178082191781,146,16,False
49,0.9411708749914414,58.0,0.275,2.6620689655172414,145,16,False
50,0.9359576183565202,56.800000000000004,0.29,2.3309859154929575,142,16,False
51,0.9359576183562953,56.800000000000004,0.29,2.3309859154929575,142,16,False
52,0.9359576183565201,56.800000000000004,0.29,2.323943661971831,142,16,False
53,0.9359576183569664,56.800000000000004,0.29,2.3098591549295775,142,16,False
54,0.9322937149024102,56.400000000000006,0.295,2.2624113475177303,141,16,False
55,0.9284615319583949,56.0,0.3,2.192857142857143,140,16,False
56,0.9284615319583949,56.0,0.3,2.2857142857142856,140,16,False
57,0.926289923552163,55.2,0.31,2.036231884057971,138,16,False
58,0.926289923552163,55.2,0.31,2.028985507246377,138,16,False
59,0.922137909334526,54.800000000000004,0.315,2.0145985401459856,137,16,False
60,0.922137909334526,54.800000000000004,0.315,2.102189781021898,137,16,False
61,0.922137909334526,54.800000000000004,0.315,2.1386861313868613,137,16,False
62,0.9177931633311724,54.400000000000006,0.32,2.1029411764705883,136,16,False
63,0.9177931633311724,54.400000000000006,0.32,2.1029411764705883,136,16,False
64,0.919712485639631,54.0,0.325,2.0148148148148146,135,16,False
65,0.9152065502540838,53.6,0.33,2.0074626865671643,134,16,False
66,0.9152065502540838,53.6,0.33,2.029850746268657,134,16,False
67,0.910488752073419,53.2,0.335,1.8721804511278195,133,16,False
68,0.910488752073419,53.2,0.335,1.9022556390977443,133,16,False
69,0.910488752073419,53.2,0.335,1.894736842105263,133,16,False
70,0.910488752073419,53.2,0.335,1.9548872180451127,133,16,False
71,0.9055486543929651,52.800000000000004,0.34,1.803030303030303,132,16,False
72,0.9055486543929651,52.800000000000004,0.34,1.803030303030303,132,16,False
73,0.9055486543929651,52.800000000000004,0.34,1.8106060606060606,132,16,False
74,0.9055486543929651,52.800000000000004,0.34,1.803030303030303,132,16,False
75,0.9055486543929651,52.800000000000004,0.34,1.8409090909090908,132,16,False
76,0.8949562813691679,52.0,0.35,1.5923076923076922,130,16,False
77,0.8949562813691679,52.0,0.35,1.5923076923076922,130,16,False
78,0.8949562813691679,52.0,0.35,1.646153846153846,130,16,False
79,0.8949562813691679,52.0,0.35,1.6692307692307693,130,16,False
80,0.8949562813691679,52.0,0.35,1.7076923076923076,130,16,False
81,0.8949562813691679,52.0,0.35,1.7,130,16,False
82,0.8892794046325563,51.6,0.355,1.565891472868217,129,16,False
83,0.8892794046325563,51.6,0.355,1.5426356589147288,129,16,False
84,0.8892794046325563,51.6,0.355,1.573643410852713,129,16,False
85,0.8892794046325563,51.6,0.355,1.5968992248062015,129,16,False
86,0.8892794046325563,51.6,0.355,1.6124031007751938,129,16,False
87,0.8892794046325563,51.6,0.355,1.6124031007751938,129,16,False
88,0.8892794046325563,51.6,0.355,1.558139534883721,129,16,False
89,0.8833308765689106,51.2,0.36,1.453125,128,16,False
90,0.8833308765689106,51.2,0.36,1.5390625,128,16,False
91,0.8833308765689106,51.2,0.36,1.53125,128,16,False
92,0.8770960828752329,50.800000000000004,0.365,1.4094488188976377,127,16,False
93,0.8770960828752329,50.800000000000004,0.365,1.4881889763779528,127,16,False
94,0.870559314336641,50.400000000000006,0.37,1.4682539682539681,126,16,False
95,0.870559314336641,50.400000000000006,0.37,1.6031746031746033,126,16,False
96,0.8565108417646284,49.6,0.38,1.3951612903225807,124,16,False
97,0.8565108417646284,49.6,0.38,1.435483870967742,124,16,False
98,0.8565108417646284,49.6,0.38,1.5,124,16,False
99,0.848961137054089,49.2,0.385,1.3739837398373984,123,16,False
100,0.848961137054089,49.2,0.385,1.4390243902439024,123,16,False
101,0.8410331369429932,48.800000000000004,0.39,1.3934426229508197,122,16,False
102,0.8410331369429932,48.800000000000004,0.39,1.4754098360655739,122,16,False
103,0.8410331369429932,48.800000000000004,0.39,1.4754098360655739,122,16,False
104,0.8410331369429932,48.800000000000004,0.39,1.5081967213114753,122,16,False
105,0.8239471396205519,48.0,0.4,1.2416666666666667,120,16,False
106,0.8239471396205519,48.0,0.4,1.2166666666666666,120,16,False
107,0.8239471396205519,48.0,0.4,1.2333333333333334,120,16,False
108,0.8239471396205519,48.0,0.4,1.2166666666666666,120,16,False
109,0.8147361104901398,47.6,0.405,1.0588235294117647,119,16,False
110,0.8147361104901398,47.6,0.405,1.0336134453781514,119,16,False
111,0.8147361104901398,47.6,0.405,1.0168067226890756,119,16,False
112,0.8147361104901398,47.6,0.405,1.0672268907563025,119,16,False
113,0.8147361104901398,47.6,0.405,1.0168067226890756,119,16,False
114,0.8147361104901398,47.6,0.405,1.0756302521008403,119,16,False
115,0.8147361104901398,47.6,0.405,1.0084033613445378,119,16,False
116,0.8147361104901398,47.6,0.405,1.0336134453781514,119,16,False
117,0.8147361104901398,47.6,0.405,1.0924369747899159,119,16,False
118,0.8147361104901398,47.6,0.405,1.0588235294117647,119,16,False
119,0.8050401414940966,47.2,0.41,0.923728813559322,118,16,False
120,0.8050401414940966,47.2,0.41,0.8898305084745762,118,16,False
121,0.8050401414940966,47.2,0.41,0.9067796610169492,118,16,False
122,0.8050401414940966,47.2,0.41,0.8728813559322034,118,16,False
123,0.8050401414940966,47.2,0.41,0.8813559322033898,118,16,False
124,0.8075905511806989,46.800000000000004,0.415,0.7350427350427351,117,16,False
125,0.7974021434377362,46.400000000000006,0.42,0.646551724137931,116,16,False
126,0.7974021434377362,46.400000000000006,0.42,0.6896551724137931,116,16,False
127,0.7974021434377362,46.400000000000006,0.42,0.7413793103448276,116,16,False
128,0.7974021434377362,46.400000000000006,0.42,0.7068965517241379,116,16,False
129,0.7974021434377362,46.400000000000006,0.42,0.7586206896551724,116,16,False
130,0.7974021434377362,46.400000000000006,0.42,0.7672413793103449,116,16,False
131,0.7866562002016446,46.0,0.425,0.7130434782608696,115,16,False
132,0.7753115717187489,45.6,0.43,0.543859649122807,114,16,False
133,0.7753115717187489,45.6,0.43,0.543859649122807,114,16,False
134,0.7753115717187489,45.6,0.43,0.5175438596491229,114,16,False
135,0.7753115717187489,45.6,0.43,0.4649122807017544,114,16,False
136,0.7753115717187489,45.6,0.43,0.5175438596491229,114,16,False
137,0.7753115717187489,45.6,0.43,0.5964912280701754,114,16,False
138,0.7779561407375541,45.2,0.435,0.4690265486725664,113,16,False
139,0.7779561407375541,45.2,0.435,0.48672566371681414,113,16,False
140,0.7779561407375541,45.2,0.435,0.49557522123893805,113,16,False
141,0.7779561407375541,45.2,0.435,0.5575221238938053,113,16,False
142,0.7779561407375541,45.2,0.435,0.5486725663716814,113,16,False
143,0.7779561407375541,45.2,0.435,0.504424778761062,113,16,False
144,0.7779561407375541,45.2,0.435,0.504424778761062,113,16,False
145,0.7779561407375541,45.2,0.435,0.4778761061946903,113,16,False
146,0.7779561407375541,45.2,0.435,0.504424778761062,113,16,False
147,0.7779561407375541,45.2,0.435,0.5486725663716814,113,16,False
148,0.7779561407375541,45.2,0.435,0.5221238938053098,113,16,False
149,0.7779561407375541,45.2,0.435,0.48672566371681414,113,16,False
150,0.7779561407375541,45.2,0.435,0.46017699115044247,113,16,False
151,0.7779561407375541,45.2,0.435,0.5663716814159292,113,16,False
152,0.7779561407375541,45.2,0.435,0.5221238938053098,113,16,False
153,0.7779561407375541,45.2,0.435,0.5132743362831859,113,16,False
154,0.7779561407375541,45.2,0.435,0.49557522123893805,113,16,False
155,0.7779561407375541,45.2,0.435,0.5575221238938053,113,16,False
156,0.7779561407375541,45.2,0.435,0.6194690265486725,113,16,False
157,0.7779561407375541,45.2,0.435,0.5575221238938053,113,16,False
158,0.7779561407375541,45.2,0.435,0.5929203539823009,113,16,False
159,0.7659860924831146,44.800000000000004,0.44,0.49107142857142855,112,16,False
160,0.7659860924831146,44.800000000000004,0.44,0.4107142857142857,112,16,False
161,0.7659860924831146,44.800000000000004,0.44,0.4732142857142857,112,16,False
162,0.7659860924831146,44.800000000000004,0.44,0.5267857142857143,112,16,False
163,0.7659860924831146,44.800000000000004,0.44,0.625,112,16,False
164,0.7659860924831146,44.800000000000004,0.44,0.6607142857142857,112,16,False
165,0.7533169355087164,44.400000000000006,0.445,0.5045045045045045,111,16,False
166,0.7533169355087164,44.400000000000006,0.445,0.42342342342342343,111,16,False
167,0.7533169355087164,44.400000000000006,0.445,0.4774774774774775,111,16,False
168,0.7533169355087164,44.400000000000006,0.445,0.40540540540540543,111,16,False
169,0.7533169355087164,44.400000000000006,0.445,0.38738738738738737,111,16,False
170,0.7533169355087164,44.400000000000006,0.445,0.45045045045045046,111,16,False
171,0.7533169355087164,44.400000000000006,0.445,0.44144144144144143,111,16,False
172,0.7398905436136657,44.0,0.45,0.39090909090909093,110,16,False
173,0.7398905436136657,44.0,0.45,0.35454545454545455,110,16,False
174,0.7398905436136657,44.0,0.45,0.4727272727272727,110,16,False
175,0.7398905436136657,44.0,0.45,0.42727272727272725,110,16,False
176,0.7398905436136657,44.0,0.45,0.42727272727272725,110,16,False
177,0.7398905436136657,44.0,0.45,0.44545454545454544,110,16,False
178,0.7398905436136657,44.0,0.45,0.4636363636363636,110,16,False
179,0.7398905436136657,44.0,0.45,0.44545454545454544,110,16,False
180,0.7398905436136657,44.0,0.45,0.4090909090909091,110,16,False
181,0.7398905436136657,44.0,0.45,0.38181818181818183,110,16,False
182,0.7398905436136657,44.0,0.45,0.42727272727272725,110,16,False
183,0.7398905436136657,44.0,0.45,0.41818181818181815,110,16,False
184,0.7398905436136657,44.0,0.45,0.4636363636363636,110,16,False
185,0.7398905436136657,44.0,0.45,0.4727272727272727,110,16,False
186,0.7398905436136657,44.0,0.45,0.4,110,16,False
187,0.7398905436136657,44.0,0.45,0.4,110,16,False
188,0.7398905436136657,44.0,0.45,0.44545454545454544,110,16,False
189,0.7398905436136657,44.0,0.45,0.4636363636363636,110,16,False
190,0.7398905436136657,44.0,0.45,0.44545454545454544,110,16,False
191,0.7398905436136657,44.0,0.45,0.4,110,16,False
192,0.7398905436136657,44.0,0.45,0.42727272727272725,110,16,False
193,0.7398905436136657,44.0,0.45,0.4090909090909091,110,16,False
194,0.7398905436136657,44.0,0.45,0.4090909090909091,110,16,False
195,0.7398905436136657,44.0,0.45,0.4727272727272727,110,16,False
196,0.7398905436136657,44.0,0.45,0.4727272727272727,110,16,False
197,0.7398905436136657,44.0,0.45,0.5,110,16,False
198,0.7398905436136657,44.0,0.45,0.45454545454545453,110,16,False
199,0.7398905436136657,44.0,0.45,0.42727272727272725,110,16,False
200,0.7398905436136657,44.0,0.45,0.44545454545454544,110,16,False
0,0.7141108072764498,80.0,0.0,0.0,200,17,False
1,0.7818126970611944,80.0,0.0,0.41,200,17,False
2,0.8491162808478836,80.0,0.0,0.685,200,17,False
3,0.905126852129178,80.0,0.0,0.92,200,17,False
4,0.943549038254257,80.0,0.0,1.12,200,17,False
5,0.9653396984180943,80.0,0.0,1.365,200,17,False
6,0.9770993116075521,80.0,0.0,1.58,200,17,False
7,0.9828592656521759,80.0,0.0,1.82,200,17,False
8,0.9904300026205641,80.0,0.0,2.025,200,17,False
9,0.9896951187335855,80.0,0.0,2.255,200,17,False
10,0.994119711809528,80.0,0.0,2.46,200,17,False
11,0.9976787457978573,80.0,0.0,2.545,200,17,False
12,0.9947596754888637,80.0,0.0,2.75,200,17,False
13,0.9982834074473503,80.0,0.0,2.955,200,17,False
14,0.9995004540017208,80.0,0.0,3.14,200,17,False
15,0.9995497537898398,80.0,0.0,3.325,200,17,False
16,0.9994905892742304,75.2,0.06,2.728723404255319,188,17,False
17,0.9970027008572457,75.2,0.06,2.856382978723404,188,17,False
18,0.9990133307396777,74.4,0.07,2.78494623655914,186,17,False
19,0.9997286867143089,74.4,0.07,2.903225806451613,186,17,False
20,0.9998684105066372,74.0,0.075,2.843243243243243,185,17,False
21,0.9973976551133942,74.0,0.075,2.9783783783783786,185,17,False
22,0.9989997159537016,73.60000000000001,0.08,2.989130434782609,184,17,False
23,0.9997231806825984,73.60000000000001,0.08,3.1032608695652173,184,17,False
24,0.9972064160899464,72.8,0.09,2.9725274725274726,182,17,False
25,0.9990695539173043,72.4,0.095,2.9392265193370166,181,17,False
26,0.9998948819926115,72.0,0.1,2.922222222222222,180,17,False
27,0.999849557849412,71.2,0.11,2.8876404494382024,178,17,False
28,0.9930031043860297,71.2,0.11,2.955056179775281,178,17,False
29,0.9934772794070538,70.8,0.115,2.9887005649717513,177,17,False
30,0.9960241729200308,70.8,0.115,2.9548022598870056,177,17,False
31,0.9969706337732267,70.8,0.115,3.0282485875706215,177,17,False
32,0.9987349224554363,70.4,0.12,3.022727272727273,176,17,False
33,0.996976245668616,70.0,0.125,2.96,175,17,False
34,0.9981646830692273,69.60000000000001,0.13,2.8908045977011496,174,17,False
35,0.9991367258369883,68.8,0.14,2.895348837209302,172,17,False
36,0.9972801050030285,67.60000000000001,0.155,2.7514792899408285,169,17,False
37,0.9928348871152693,67.2,0.16,2.755952380952381,168,17,False
38,0.9963267706120006,66.0,0.175,2.5272727272727273,165,17,False
39,0.9964296020729754,65.60000000000001,0.18,2.5609756097560976,164,17,False
40,0.9929398822678366,65.2,0.185,2.4294478527607364,163,17,False
41,0.9884640317513284,65.2,0.185,2.4539877300613497,163,17,False
42,0.9891990432797362,65.2,0.185,2.5092024539877302,163,17,False
43,0.9913372927603153,65.2,0.185,2.5644171779141103,163,17,False
44,0.9935782218714564,64.8,0.19,2.493827160493827,162,17,False
45,0.9946627782416329,64.4,0.195,2.391304347826087,161,17,False
46,0.9915791825628424,63.6,0.205,2.3270440251572326,159,17,False
47,0.9938224885431003,63.2,0.21,2.2468354430379747,158,17,False
48,0.9948127751453776,63.2,0.21,2.3417721518987342,158,17,False
49,0.9940546422568751,62.800000000000004,0.215,2.2929936305732483,157,17,False
50,0.9964262963174979,62.800000000000004,0.215,2.356687898089172,157,17,False
51,0.9974993967943864,62.400000000000006,0.22,2.269230769230769,156,17,False
52,0.9959143951714056,62.400000000000006,0.22,2.282051282051282,156,17,False
53,0.9959745628662154,62.400000000000006,0.22,2.16025641025641,156,17,False
54,0.9918709421471037,61.6,0.23,2.168831168831169,154,17,False
55,0.9887817306995771,61.6,0.23,2.2337662337662336,154,17,False
56,0.9920383081934977,61.2,0.235,2.1633986928104574,153,17,False
57,0.9947134616478478,61.2,0.235,2.1437908496732025,153,17,False
58,0.9971827669987948,60.800000000000004,0.24,2.1315789473684212,152,17,False
59,0.9937461174460334,60.800000000000004,0.24,2.210526315789474,152,17,False
60,0.9937875407634129,60.800000000000004,0.24,2.2434210526315788,152,17,False
61,0.9933084133367763,60.400000000000006,0.245,2.119205298013245,151,17,False
62,0.9888761783208223,59.6,0.255,1.8859060402684564,149,17,False
63,0.9937331571727295,59.2,0.26,1.8918918918918919,148,17,False
64,0.9935533185654992,59.2,0.26,1.885135135135135,148,17,False
65,0.9966952501697988,58.400000000000006,0.27,1.7191780821917808,146,17,False
66,0.9980250477064598,58.0,0.275,1.6482758620689655,145,17,False
67,0.9952462511511497,58.0,0.275,1.6344827586206896,145,17,False
68,0.9971812000698167,58.0,0.275,1.7310344827586206,145,17,False
69,0.9980239893152927,58.0,0.275,1.793103448275862,145,17,False
70,0.9918924576886098,58.0,0.275,1.813793103448276,145,17,False
71,0.9952320184083746,58.0,0.275,1.7448275862068965,145,17,False
72,0.9978690844970582,58.0,0.275,1.793103448275862,145,17,False
73,0.9980174133078409,58.0,0.275,1.8689655172413793,145,17,False
74,0.9980146759743979,58.0,0.275,1.8551724137931034,145,17,False
75,0.9946684801632486,58.0,0.275,1.793103448275862,145,17,False
76,0.9906710368489432,57.6,0.28,1.6597222222222223,144,17,False
77,0.9957749398197493,57.6,0.28,1.6180555555555556,144,17,False
78,0.9981497236002596,57.6,0.28,1.6527777777777777,144,17,False
79,0.9978387189667924,57.6,0.28,1.6180555555555556,144,17,False
80,0.9981916222523578,57.6,0.28,1.5972222222222223,144,17,False
81,0.9951733707992975,57.2,0.285,1.5874125874125875,143,17,False
82,0.9971150399019418,57.2,0.285,1.6293706293706294,143,17,False
83,0.9974693766956735,56.800000000000004,0.29,1.5492957746478873,142,17,False
84,0.9940307508133667,56.800000000000004,0.29,1.5845070422535212,142,17,False
85,0.9891128496663883,56.800000000000004,0.29,1.6056338028169015,142,17,False
86,0.9934363809846775,56.800000000000004,0.29,1.6690140845070423,142,17,False
87,0.9909606288748936,56.800000000000004,0.29,1.6408450704225352,142,17,False
88,0.992010357917082,56.800000000000004,0.29,1.6549295774647887,142,17,False
89,0.9939080300358436,56.800000000000004,0.29,1.6126760563380282,142,17,False
90,0.9921672211375305,56.400000000000006,0.295,1.5957446808510638,141,17,False
91,0.99151524593033,56.400000000000006,0.295,1.6099290780141844,141,17,False
92,0.9907643037771039,56.0,0.3,1.5071428571428571,140,17,False
93,0.9851697478591475,56.0,0.3,1.5285714285714285,140,17,False
94,0.9885707262552746,56.0,0.3,1.5642857142857143,140,17,False
95,0.9896099283758357,56.0,0.3,1.4857142857142858,140,17,False
96,0.9918660654772883,56.0,0.3,1.4,140,17,False
97,0.9956273285722052,56.0,0.3,1.4285714285714286,140,17,False
98,0.988445852917078,56.0,0.3,1.292857142857143,140,17,False
99,0.9862542859472874,55.6,0.305,1.2661870503597121,139,17,False
100,0.9840597242206645,55.6,0.305,1.2733812949640289,139,17,False
101,0.9804456151590822,55.6,0.305,1.2805755395683454,139,17,False
102,0.9863012469461343,55.6,0.305,1.3381294964028776,139,17,False
103,0.9814695039962605,55.2,0.31,1.2681159420289856,138,17,False
104,0.9839818757596593,55.2,0.31,1.2826086956521738,138,17,False
105,0.9850035824548882,55.2,0.31,1.3333333333333333,138,17,False
106,0.9856707177148256,55.2,0.31,1.318840579710145,138,17,False
107,0.9899826828357894,55.2,0.31,1.3405797101449275,138,17,False
108,0.9903258484866704,54.800000000000004,0.315,1.2846715328467153,137,17,False
109,0.9809254786247109,54.800000000000004,0.315,1.27007299270073,137,17,False
110,0.9755610692607863,54.400000000000006,0.32,1.1470588235294117,136,17,False
111,0.9716648900271815,54.400000000000006,0.32,1.161764705882353,136,17,False
112,0.9771360453869404,54.400000000000006,0.32,1.1544117647058822,136,17,False
113,0.9740702378582822,54.400000000000006,0.32,1.1544117647058822,136,17,False
114,0.9784537279846046,54.400000000000006,0.32,1.1176470588235294,136,17,False
115,0.9812988086938764,54.400000000000006,0.32,1.125,136,17,False
116,0.9837597570589531,54.400000000000006,0.32,1.1544117647058822,136,17,False
117,0.9910093672364941,54.400000000000006,0.32,1.1470588235294117,136,17,False
118,0.9917023094426499,54.400000000000006,0.32,1.1838235294117647,136,17,False
119,0.9930586602165161,54.400000000000006,0.32,1.2279411764705883,136,17,False
120,0.9964429151371645,54.400000000000006,0.32,1.286764705882353,136,17,False
121,0.9974748366131653,54.0,0.325,1.2148148148148148,135,17,False
122,0.9977365659997623,54.0,0.325,1.2222222222222223,135,17,False
123,0.9977690928908906,54.0,0.325,1.1481481481481481,135,17,False
124,0.9904383388109496,54.0,0.325,1.037037037037037,135,17,False
125,0.9928122493058724,54.0,0.325,1.0814814814814815,135,17,False
126,0.9938900491716965,54.0,0.325,1.0148148148148148,135,17,False
127,0.9916517649533544,54.0,0.325,1.037037037037037,135,17,False
128,0.9906395952359193,54.0,0.325,1.125925925925926,135,17,False
129,0.9907250384185221,54.0,0.325,1.1925925925925926,135,17,False
130,0.9924362406138244,54.0,0.325,1.237037037037037,135,17,False
131,0.9926793974622157,54.0,0.325,1.288888888888889,135,17,False
132,0.9942240503156922,54.0,0.325,1.2074074074074075,135,17,False
133,0.9960251497555853,54.0,0.325,1.2666666666666666,135,17,False
134,0.9934977643785143,54.0,0.325,1.2222222222222223,135,17,False
135,0.9895465228720489,54.0,0.325,1.2592592592592593,135,17,False
136,0.9929571461915899,54.0,0.325,1.2074074074074075,135,17,False
137,0.9956386490104611,54.0,0.325,1.2222222222222223,135,17,False
138,0.993673595391984,54.0,0.325,1.2444444444444445,135,17,False
139,0.9901203715873699,54.0,0.325,1.1851851851851851,135,17,False
140,0.9892881119620337,54.0,0.325,1.1703703703703703,135,17,False
141,0.9929735473028504,54.0,0.325,1.1333333333333333,135,17,False
142,0.9903817162962665,54.0,0.325,1.1407407407407408,135,17,False
143,0.9938816275975274,54.0,0.325,1.0814814814814815,135,17,False
144,0.9899013498729058,54.0,0.325,1.162962962962963,135,17,False
145,0.995164100176244,54.0,0.325,1.1333333333333333,135,17,False
146,0.9942902945149251,54.0,0.325,1.0814814814814815,135,17,False
147,0.9952961060334341,54.0,0.325,1.1407407407407408,135,17,False
148,0.9968196372652263,54.0,0.325,1.2444444444444445,135,17,False
149,0.9937111770197016,54.0,0.325,1.325925925925926,135,17,False
150,0.9954941835438494,54.0,0.325,1.348148148148148,135,17,False
151,0.9948605731846634,54.0,0.325,1.3555555555555556,135,17,False
152,0.9911982176300304,54.0,0.325,1.2222222222222223,135,17,False
153,0.9906340115007534,54.0,0.325,1.237037037037037,135,17,False
154,0.991362913125453,54.0,0.325,1.2444444444444445,135,17,False
155,0.9954440809642064,54.0,0.325,1.237037037037037,135,17,False
156,0.9934483858049499,54.0,0.325,1.3333333333333333,135,17,False
157,0.9924690457786177,54.0,0.325,1.325925925925926,135,17,False
158,0.9915069713060928,54.0,0.325,1.288888888888889,135,17,False
159,0.995382850293732,54.0,0.325,1.2740740740740741,135,17,False
160,0.99735832068169,54.0,0.325,1.2,135,17,False
161,0.9977709941397032,54.0,0.325,1.237037037037037,135,17,False
162,0.9921693633123095,53.6,0.33,1.0895522388059702,134,17,False
163,0.9881307678265595,53.6,0.33,1.0895522388059702,134,17,False
164,0.9920305742242101,53.6,0.33,1.044776119402985,134,17,False
165,0.9918621513033697,53.6,0.33,1.171641791044776,134,17,False
166,0.9901673117963911,53.6,0.33,1.164179104477612,134,17,False
167,0.9905296206760836,53.6,0.33,1.1791044776119404,134,17,False
168,0.9948599821494677,53.2,0.335,1.0601503759398496,133,17,False
169,0.9932887655443382,53.2,0.335,1.150375939849624,133,17,False
170,0.9916997500343867,53.2,0.335,1.1428571428571428,133,17,False
171,0.9839861921014276,53.2,0.335,1.218045112781955,133,17,False
172,0.980675442304064,53.2,0.335,1.1278195488721805,133,17,False
173,0.9815763380356022,53.2,0.335,1.1654135338345866,133,17,False
174,0.9812914288071182,53.2,0.335,1.1879699248120301,133,17,False
175,0.9839695331519375,53.2,0.335,1.2255639097744362,133,17,False
176,0.9874947254568273,53.2,0.335,1.1954887218045114,133,17,False
177,0.9875087604851757,53.2,0.335,1.2481203007518797,133,17,False
178,0.9936692895863899,53.2,0.335,1.2857142857142858,133,17,False
179,0.9960123200172182,53.2,0.335,1.2706766917293233,133,17,False
180,0.9905720690090234,53.2,0.335,1.300751879699248,133,17,False
181,0.9896695380806703,53.2,0.335,1.2857142857142858,133,17,False
182,0.9861385658531308,53.2,0.335,1.2932330827067668,133,17,False
183,0.9899546934903243,53.2,0.335,1.3383458646616542,133,17,False
184,0.9946049642226779,53.2,0.335,1.406015037593985,133,17,False
185,0.9913324467752264,53.2,0.335,1.2781954887218046,133,17,False
186,0.9932957731743592,53.2,0.335,1.300751879699248,133,17,False
187,0.9949752001249581,53.2,0.335,1.300751879699248,133,17,False
188,0.9958569123748028,52.800000000000004,0.34,1.2651515151515151,132,17,False
189,0.9958584341874884,52.800000000000004,0.34,1.2045454545454546,132,17,False
190,0.9864677754726228,52.800000000000004,0.34,1.1590909090909092,132,17,False
191,0.9909391652443994,52.800000000000004,0.34,1.2045454545454546,132,17,False
192,0.9957482876921333,52.800000000000004,0.34,1.1818181818181819,132,17,False
193,0.9927839263177565,52.800000000000004,0.34,1.1742424242424243,132,17,False
194,0.9947114986230164,52.800000000000004,0.34,1.2196969696969697,132,17,False
195,0.9958037226796951,52.800000000000004,0.34,1.25,132,17,False
196,0.9958575636043518,52.800000000000004,0.34,1.3409090909090908,132,17,False
197,0.9837467891173087,52.800000000000004,0.34,1.2651515151515151,132,17,False
198,0.9853531460935117,52.800000000000004,0.34,1.2348484848484849,132,17,False
199,0.9861284180538255,52.800000000000004,0.34,1.2575757575757576,132,17,False
200,0.9890890550385517,52.800000000000004,0.34,1.2121212121212122,132,17,False
0,0.6993139884404966,80.0,0.0,0.0,200,18,False
1,0.7804572767583778,80.0,0.0,0.46,200,18,False
2,0.8369325268743237,80.0,0.0,0.74,200,18,False
3,0.8796542730062604,80.0,0.0,0.965,200,18,False
4,0.9324738663136587,80.0,0.0,1.24,200,18,False
5,0.9521215269509868,80.0,0.0,1.495,200,18,False
6,0.9691948519560154,80.0,0.0,1.74,200,18,False
7,0.9848716607830379,80.0,0.0,2.03,200,18,False
8,0.9870725536723961,80.0,0.0,2.17,200,18,False
9,0.988898534184394,80.0,0.0,2.415,200,18,False
10,0.9914889046923357,80.0,0.0,2.69,200,18,False
11,0.991938540557455,80.0,0.0,2.98,200,18,False
12,0.993154579119635,80.0,0.0,3.215,200,18,False
13,0.9925869383121522,80.0,0.0,3.515,200,18,False
14,0.9855181614941654,80.0,0.0,3.635,200,18,False
15,0.9902999746496319,80.0,0.0,3.81,200,18,False
16,0.9923174697892944,76.0,0.05,3.336842105263158,190,18,False
17,0.9936017056762265,75.60000000000001,0.055,3.3915343915343916,189,18,False
18,0.9912143906172246,75.2,0.06,3.4680851063829787,188,18,False
19,0.9930302064421743,75.2,0.06,3.654255319148936,188,18,False
20,0.994519901923141,75.2,0.06,3.723404255319149,188,18,False
21,0.9955649862949433,74.8,0.065,3.8663101604278074,187,18,False
22,0.9916489346111682,74.0,0.075,3.8378378378378377,185,18,False
23,0.9959907021752192,73.60000000000001,0.08,3.869565217391304,184,18,False
24,0.9917736355646926,72.8,0.09,3.923076923076923,182,18,False
25,0.9930665311494483,72.0,0.1,3.9611111111111112,180,18,False
26,0.9878894503931277,71.60000000000001,0.105,3.9497206703910615,179,18,False
27,0.9897140835165584,71.2,0.11,3.9719101123595504,178,18,False
28,0.9848376253238218,70.4,0.12,3.965909090909091,176,18,False
29,0.9931979174589025,70.0,0.125,4.011428571428572,175,18,False
30,0.9922422247657828,68.8,0.14,3.7906976744186047,172,18,False
31,0.9905572972222788,68.8,0.14,3.9302325581395348,172,18,False
32,0.9911141751657782,67.60000000000001,0.155,3.8224852071005917,169,18,False
33,0.9936212408367039,67.60000000000001,0.155,3.911242603550296,169,18,False
34,0.9943344721343884,66.8,0.165,3.8622754491017965,167,18,False
35,0.9962693390627145,66.8,0.165,3.9880239520958085,167,18,False
36,0.9967587782689158,66.8,0.165,4.023952095808383,167,18,False
37,0.9934103578971336,66.0,0.175,3.9575757575757575,165,18,False
38,0.993408312563136,64.4,0.195,3.701863354037267,161,18,False
39,0.9974406645438301,64.0,0.2,3.6875,160,18,False
40,0.9908958447726371,61.6,0.23,3.331168831168831,154,18,False
41,0.9906305590386209,61.2,0.235,3.3137254901960786,153,18,False
42,0.9925669310625193,60.800000000000004,0.24,3.3223684210526314,152,18,False
43,0.9967851176120782,60.0,0.25,3.2866666666666666,150,18,False
44,0.9943510831116701,59.2,0.26,3.195945945945946,148,18,False
45,0.9957879318486519,59.2,0.26,3.168918918918919,148,18,False
46,0.9924428017908407,58.800000000000004,0.265,3.1564625850340136,147,18,False
47,0.9912865691790222,58.400000000000006,0.27,3.047945205479452,146,18,False
48,0.9901100385562076,58.0,0.275,2.924137931034483,145,18,False
49,0.9894957346116765,58.0,0.275,2.910344827586207,145,18,False
50,0.992198074426741,57.2,0.285,2.797202797202797,143,18,False
51,0.9949810921003506,57.2,0.285,2.8811188811188813,143,18,False
52,0.9924562484942078,57.2,0.285,2.923076923076923,143,18,False
53,0.9896434639889684,57.2,0.285,2.972027972027972,143,18,False
54,0.99233750513231,56.400000000000006,0.295,2.7943262411347516,141,18,False
55,0.989815021357869,56.0,0.3,2.807142857142857,140,18,False
56,0.9839267514242391,54.800000000000004,0.315,2.4963503649635035,137,18,False
57,0.9864712325766933,54.800000000000004,0.315,2.5255474452554743,137,18,False
58,0.9870941094587987,54.800000000000004,0.315,2.5182481751824817,137,18,False
59,0.9847410790175423,54.400000000000006,0.32,2.389705882352941,136,18,False
60,0.9837411216376692,54.0,0.325,2.2962962962962963,135,18,False
61,0.9850101591227974,54.0,0.325,2.3555555555555556,135,18,False
62,0.9814440998336249,53.6,0.33,2.291044776119403,134,18,False
63,0.9822882546629428,52.800000000000004,0.34,2.0757575757575757,132,18,False
64,0.9776337480764972,52.400000000000006,0.345,1.9541984732824427,131,18,False
65,0.9750882693252924,52.400000000000006,0.345,2.053435114503817,131,18,False
66,0.975338702668293,52.0,0.35,2.0384615384615383,130,18,False
67,0.9781867392991862,52.0,0.35,1.8846153846153846,130,18,False
68,0.9745876839681895,51.6,0.355,1.821705426356589,129,18,False
69,0.9780851730550316,51.2,0.36,1.78125,128,18,False
70,0.9789602941861625,51.2,0.36,1.671875,128,18,False
71,0.9769941238196024,50.800000000000004,0.365,1.5748031496062993,127,18,False
72,0.9746803978195177,50.800000000000004,0.365,1.5984251968503937,127,18,False
73,0.9715091740250207,50.800000000000004,0.365,1.6141732283464567,127,18,False
74,0.9748552249128275,50.800000000000004,0.365,1.6062992125984252,127,18,False
75,0.9760442098172574,50.800000000000004,0.365,1.5826771653543308,127,18,False
76,0.972773581556163,50.400000000000006,0.37,1.5634920634920635,126,18,False
77,0.976753999713101,50.0,0.375,1.472,125,18,False
78,0.973818393631095,50.0,0.375,1.512,125,18,False
79,0.9700839824831015,50.0,0.375,1.488,125,18,False
80,0.9678624918849061,50.0,0.375,1.456,125,18,False
81,0.9644710667015653,50.0,0.375,1.32,125,18,False
82,0.9652024746382679,50.0,0.375,1.376,125,18,False
83,0.9699494031690203,49.6,0.38,1.3225806451612903,124,18,False
84,0.966886927686273,49.6,0.38,1.3629032258064515,124,18,False
85,0.9685742518095204,49.6,0.38,1.3629032258064515,124,18,False
86,0.972611186338518,49.6,0.38,1.3306451612903225,124,18,False
87,0.9705684805121324,49.6,0.38,1.314516129032258,124,18,False
88,0.9717743799555805,49.6,0.38,1.4516129032258065,124,18,False
89,0.9739749690866654,49.6,0.38,1.3629032258064515,124,18,False
90,0.9734992925631069,49.6,0.38,1.3306451612903225,124,18,False
91,0.9757782148615217,49.6,0.38,1.2903225806451613,124,18,False
92,0.9747722544971185,49.6,0.38,1.3951612903225807,124,18,False
93,0.9758667439822615,49.6,0.38,1.4193548387096775,124,18,False
94,0.9774350318753615,49.6,0.38,1.5080645161290323,124,18,False
95,0.9777171865698406,49.6,0.38,1.4112903225806452,124,18,False
96,0.9730806159330351,49.2,0.385,1.3739837398373984,123,18,False
97,0.9747086107783851,49.2,0.385,1.3658536585365855,123,18,False
98,0.9686266877001434,49.2,0.385,1.2845528455284554,123,18,False
99,0.9627434104149137,49.2,0.385,1.2601626016260163,123,18,False
100,0.9689507762178966,49.2,0.385,1.2195121951219512,123,18,False
101,0.9671737429154159,49.2,0.385,1.2113821138211383,123,18,False
102,0.9709644725587666,49.2,0.385,1.1788617886178863,123,18,False
103,0.9714996510050444,49.2,0.385,1.2601626016260163,123,18,False
104,0.9738210010096001,49.2,0.385,1.2764227642276422,123,18,False
105,0.9741354550034601,49.2,0.385,1.1788617886178863,123,18,False
106,0.9745565266534908,49.2,0.385,1.2520325203252032,123,18,False
107,0.9751557632904325,49.2,0.385,1.2520325203252032,123,18,False
108,0.9728819570855008,49.2,0.385,1.2113821138211383,123,18,False
109,0.9745681607085591,49.2,0.385,1.2357723577235773,123,18,False
110,0.9731016855370929,49.2,0.385,1.2926829268292683,123,18,False
111,0.9747454038823572,49.2,0.385,1.2682926829268293,123,18,False
112,0.9755609987990438,49.2,0.385,1.2601626016260163,123,18,False
113,0.9756060970088783,49.2,0.385,1.3414634146341464,123,18,False
114,0.9731027223714598,49.2,0.385,1.3983739837398375,123,18,False
115,0.9747330858799169,49.2,0.385,1.4715447154471544,123,18,False
116,0.9696368286854856,48.800000000000004,0.39,1.3032786885245902,122,18,False
117,0.9686699913929225,48.400000000000006,0.395,1.1818181818181819,121,18,False
118,0.9664895204419572,48.0,0.4,1.2,120,18,False
119,0.9653600382003217,47.6,0.405,1.1260504201680672,119,18,False
120,0.9654720057093752,47.6,0.405,1.1512605042016806,119,18,False
121,0.9630967362476621,47.6,0.405,1.0588235294117647,119,18,False
122,0.9646134736321414,47.6,0.405,1.0924369747899159,119,18,False
123,0.9631230956537242,47.6,0.405,1.1260504201680672,119,18,False
124,0.9603121480465989,47.2,0.41,1.0254237288135593,118,18,False
125,0.9622113600183755,47.2,0.41,0.9745762711864406,118,18,False
126,0.9623363070035726,47.2,0.41,1.0508474576271187,118,18,False
127,0.9625231066814572,47.2,0.41,1.0423728813559323,118,18,False
128,0.9601857802867925,47.2,0.41,1.0932203389830508,118,18,False
129,0.9616710360068138,47.2,0.41,1.1779661016949152,118,18,False
130,0.9624798341037081,47.2,0.41,1.2118644067796611,118,18,False
131,0.962526722279137,47.2,0.41,1.2118644067796611,118,18,False
132,0.9570948846543487,46.800000000000004,0.415,1.1282051282051282,117,18,False
133,0.9585480427248912,46.800000000000004,0.415,1.1111111111111112,117,18,False
134,0.9593527657309582,46.800000000000004,0.415,1.0256410256410255,117,18,False
135,0.9570908233640697,46.800000000000004,0.415,1.0341880341880343,117,18,False
136,0.9570178756943031,46.800000000000004,0.415,0.9572649572649573,117,18,False
137,0.9572169270766583,46.800000000000004,0.415,0.9914529914529915,117,18,False
138,0.9560717486214707,46.800000000000004,0.415,1.0427350427350428,117,18,False
139,0.9584034056282705,46.800000000000004,0.415,0.9743589743589743,117,18,False
140,0.959233282481262,46.800000000000004,0.415,0.9914529914529915,117,18,False
141,0.9560724273310898,46.400000000000006,0.42,0.8706896551724138,116,18,False
142,0.9458346301254014,46.400000000000006,0.42,0.8103448275862069,116,18,False
143,0.948235911592167,46.400000000000006,0.42,0.7844827586206896,116,18,False
144,0.9473911512653631,46.400000000000006,0.42,0.8275862068965517,116,18,False
145,0.9502380229634673,46.400000000000006,0.42,0.7586206896551724,116,18,False
146,0.9498443392874184,46.400000000000006,0.42,0.7068965517241379,116,18,False
147,0.9527398247588474,46.400000000000006,0.42,0.7327586206896551,116,18,False
148,0.9548516627572353,46.400000000000006,0.42,0.7758620689655172,116,18,False
149,0.9546198049181577,46.400000000000006,0.42,0.7672413793103449,116,18,False
150,0.9549136710822735,46.400000000000006,0.42,0.8017241379310345,116,18,False
151,0.9536570533322302,46.400000000000006,0.42,0.853448275862069,116,18,False
152,0.9503901017969109,46.400000000000006,0.42,0.8362068965517241,116,18,False
153,0.949167733476063,46.400000000000006,0.42,0.8793103448275862,116,18,False
154,0.943883212809373,46.400000000000006,0.42,0.8793103448275862,116,18,False
155,0.939447133595265,46.400000000000006,0.42,0.8448275862068966,116,18,False
156,0.9430515849318309,46.0,0.425,0.7913043478260869,115,18,False
157,0.9378928028584104,45.6,0.43,0.7280701754385965,114,18,False
158,0.9405260420549961,45.6,0.43,0.8157894736842105,114,18,False
159,0.9380268775252588,45.6,0.43,0.7894736842105263,114,18,False
160,0.94255371024917,45.6,0.43,0.7631578947368421,114,18,False
161,0.9422345921725783,45.6,0.43,0.7368421052631579,114,18,False
162,0.9437557658108712,45.6,0.43,0.7894736842105263,114,18,False
163,0.9420513768379835,45.6,0.43,0.7280701754385965,114,18,False
164,0.9430497762193014,45.6,0.43,0.6929824561403509,114,18,False
165,0.9389738608667009,45.6,0.43,0.7105263157894737,114,18,False
166,0.941314464726554,45.6,0.43,0.7543859649122807,114,18,False
167,0.9456897177017203,45.6,0.43,0.7456140350877193,114,18,False
168,0.9479899401371364,45.6,0.43,0.8157894736842105,114,18,False
169,0.9479627419950296,45.6,0.43,0.7982456140350878,114,18,False
170,0.9446670455559975,45.2,0.435,0.6548672566371682,113,18,False
171,0.9426392000114083,45.2,0.435,0.6902654867256637,113,18,False
172,0.9406770698205238,45.2,0.435,0.6637168141592921,113,18,False
173,0.9458218409046706,45.2,0.435,0.7256637168141593,113,18,False
174,0.9416258000987313,45.2,0.435,0.6902654867256637,113,18,False
175,0.947341811491833,45.2,0.435,0.6991150442477876,113,18,False
176,0.9505245469633565,45.2,0.435,0.7522123893805309,113,18,False
177,0.9445804295575176,45.2,0.435,0.7433628318584071,113,18,False
178,0.9414386406120726,44.800000000000004,0.44,0.6696428571428571,112,18,False
179,0.9374613741264622,44.800000000000004,0.44,0.6339285714285714,112,18,False
180,0.9412540846938253,44.800000000000004,0.44,0.6071428571428571,112,18,False
181,0.9431350291754983,44.800000000000004,0.44,0.6696428571428571,112,18,False
182,0.942916755016685,44.800000000000004,0.44,0.6339285714285714,112,18,False
183,0.944816283151825,44.400000000000006,0.445,0.5225225225225225,111,18,False
184,0.9473024618032135,44.400000000000006,0.445,0.5765765765765766,111,18,False
185,0.9484842413571634,44.400000000000006,0.445,0.5765765765765766,111,18,False
186,0.9461540040242651,44.400000000000006,0.445,0.5315315315315315,111,18,False
187,0.9487869984935956,44.400000000000006,0.445,0.6036036036036037,111,18,False
188,0.9466823067217001,44.400000000000006,0.445,0.5945945945945946,111,18,False
189,0.9479057954823926,44.400000000000006,0.445,0.6126126126126126,111,18,False
190,0.9446759995935279,44.400000000000006,0.445,0.6036036036036037,111,18,False
191,0.9435425885646499,44.400000000000006,0.445,0.5315315315315315,111,18,False
192,0.947158195818063,44.400000000000006,0.445,0.5315315315315315,111,18,False
193,0.9483858247815958,44.400000000000006,0.445,0.4864864864864865,111,18,False
194,0.9463831303151456,44.400000000000006,0.445,0.46846846846846846,111,18,False
195,0.947795398910541,44.400000000000006,0.445,0.5675675675675675,111,18,False
196,0.9488028400586213,44.400000000000006,0.445,0.5045045045045045,111,18,False
197,0.9489717574342578,44.400000000000006,0.445,0.5315315315315315,111,18,False
198,0.9467339188724269,44.400000000000006,0.445,0.5045045045045045,111,18,False
199,0.9481222796682305,44.400000000000006,0.445,0.4774774774774775,111,18,False
200,0.9489356367947578,44.400000000000006,0.445,0.4864864864864865,111,18,False
0,0.7259693446527926,80.0,0.0,0.0,200,19,False
1,0.8115751990451787,80.0,0.0,0.49,200,19,False
2,0.8825581755186,80.0,0.0,0.84,200,19,False
3,0.910664469855306,80.0,0.0,1.125,200,19,False
4,0.9380731397499612,80.0,0.0,1.43,200,19,False
5,0.9586908469623581,80.0,0.0,1.765,200,19,False
6,0.9613280593851401,80.0,0.0,1.98,200,19,False
7,0.971670448207031,80.0,0.0,2.165,200,19,False
8,0.9708682815188867,80.0,0.0,2.395,200,19,False
9,0.9799468363949609,80.0,0.0,2.69,200,19,False
10,0.9762410728263355,80.0,0.0,2.9,200,19,False
11,0.9767554680794677,80.0,0.0,3.16,200,19,False
12,0.9770545802538938,80.0,0.0,3.355,200,19,False
13,0.980702617059227,80.0,0.0,3.57,200,19,False
14,0.9840746420532157,80.0,0.0,3.82,200,19,False
15,0.9888676421376918,80.0,0.0,4.075,200,19,False
16,0.9879251405349024,75.2,0.06,3.632978723404255,188,19,False
17,0.9878559969915294,74.8,0.065,3.6844919786096257,187,19,False
18,0.9882326811055098,74.4,0.07,3.806451612903226,186,19,False
19,0.9857962772541828,74.4,0.07,3.8548387096774195,186,19,False
20,0.9870621184766196,73.60000000000001,0.08,3.760869565217391,184,19,False
21,0.9892190046388136,73.60000000000001,0.08,3.858695652173913,184,19,False
22,0.9928831722967757,72.8,0.09,3.8351648351648353,182,19,False
23,0.9879932312817514,71.2,0.11,3.6797752808988764,178,19,False
24,0.9883712002807795,70.4,0.12,3.539772727272727,176,19,False
25,0.9887200288378875,70.4,0.12,3.5625,176,19,False
26,0.9893455114137911,69.60000000000001,0.13,3.5114942528735633,174,19,False
27,0.9847915574459504,69.2,0.135,3.6416184971098264,173,19,False
28,0.9760874093914494,67.2,0.16,3.369047619047619,168,19,False
29,0.9853824423637045,66.8,0.165,3.4910179640718564,167,19,False
30,0.9824087252127778,66.0,0.175,3.3454545454545452,165,19,False
31,0.9831938033319557,65.60000000000001,0.18,3.4451219512195124,164,19,False
32,0.9788073011738858,65.2,0.185,3.496932515337423,163,19,False
33,0.9808448510606287,65.2,0.185,3.5521472392638036,163,19,False
34,0.9749676290443049,64.8,0.19,3.567901234567901,162,19,False
35,0.9758475592496685,64.4,0.195,3.577639751552795,161,19,False
36,0.9743024961820291,63.2,0.21,3.4430379746835444,158,19,False
37,0.9781865494158096,63.2,0.21,3.329113924050633,158,19,False
38,0.9713803278206268,62.400000000000006,0.22,3.3076923076923075,156,19,False
39,0.9751080844067002,62.0,0.225,3.2580645161290325,155,19,False
40,0.9821232193025679,61.2,0.235,3.2287581699346406,153,19,False
41,0.9821016420130312,60.800000000000004,0.24,3.125,152,19,False
42,0.9821451973741163,59.6,0.255,2.825503355704698,149,19,False
43,0.9816419780762731,59.6,0.255,2.738255033557047,149,19,False
44,0.9865061863304635,58.800000000000004,0.265,2.7210884353741496,147,19,False
45,0.9883018548126672,58.800000000000004,0.265,2.795918367346939,147,19,False
46,0.991647013789645,58.400000000000006,0.27,2.8424657534246576,146,19,False
47,0.9923168844175907,58.400000000000006,0.27,2.9657534246575343,146,19,False
48,0.9921563677750517,57.6,0.28,2.7708333333333335,144,19,False
49,0.9860972393812173,57.2,0.285,2.6713286713286712,143,19,False
50,0.9852477860895049,56.0,0.3,2.3214285714285716,140,19,False
51,0.9885590990284777,56.0,0.3,2.25,140,19,False
52,0.9890415183812717,55.6,0.305,2.194244604316547,139,19,False
53,0.9851556206523228,55.6,0.305,2.1654676258992804,139,19,False
54,0.9875672335308524,55.6,0.305,2.194244604316547,139,19,False
55,0.9934375918114061,55.6,0.305,2.143884892086331,139,19,False
56,0.995438420793127,55.6,0.305,2.0071942446043165,139,19,False
57,0.9955612122335937,55.6,0.305,1.935251798561151,139,19,False
58,0.9882093088787617,55.6,0.305,1.9928057553956835,139,19,False
59,0.9866041758289863,55.6,0.305,1.9568345323741008,139,19,False
60,0.9884037325228529,55.6,0.305,1.9640287769784173,139,19,False
61,0.9864822557726599,55.2,0.31,1.8043478260869565,138,19,False
62,0.9832308640454742,55.2,0.31,1.7971014492753623,138,19,False
63,0.9788939199105867,55.2,0.31,1.8695652173913044,138,19,False
64,0.981377309739346,55.2,0.31,1.8695652173913044,138,19,False
65,0.9868372084166854,55.2,0.31,1.9565217391304348,138,19,False
66,0.9860327935843819,55.2,0.31,1.9855072463768115,138,19,False
67,0.9849050484230193,55.2,0.31,2.079710144927536,138,19,False
68,0.9874342917992954,55.2,0.31,2.210144927536232,138,19,False
69,0.9873824060719725,54.800000000000004,0.315,2.0072992700729926,137,19,False
70,0.9844300222550753,54.800000000000004,0.315,2.0072992700729926,137,19,False
71,0.9895506918218785,54.800000000000004,0.315,2.072992700729927,137,19,False
72,0.9879126779886886,54.400000000000006,0.32,1.963235294117647,136,19,False
73,0.9870852367468339,54.400000000000006,0.32,1.9779411764705883,136,19,False
74,0.9835972104084695,54.400000000000006,0.32,1.9779411764705883,136,19,False
75,0.9882105428947862,54.400000000000006,0.32,1.9926470588235294,136,19,False
76,0.9876325158392897,54.400000000000006,0.32,2.125,136,19,False
77,0.9831720309243421,54.400000000000006,0.32,2.0661764705882355,136,19,False
78,0.9904690167289222,54.400000000000006,0.32,2.0808823529411766,136,19,False
79,0.9856002083687077,54.400000000000006,0.32,2.1176470588235294,136,19,False
80,0.9852931377786187,54.0,0.325,2.0592592592592593,135,19,False
81,0.9853295552098376,54.0,0.325,2.1259259259259258,135,19,False
82,0.9827929786832102,54.0,0.325,2.0296296296296297,135,19,False
83,0.9822808707995654,53.6,0.33,1.9253731343283582,134,19,False
84,0.981438107600823,53.6,0.33,1.962686567164179,134,19,False
85,0.9840274716273872,53.6,0.33,2.014925373134328,134,19,False
86,0.9846376280227797,53.6,0.33,1.9179104477611941,134,19,False
87,0.9823805879748153,53.2,0.335,1.9022556390977443,133,19,False
88,0.9877636877824227,53.2,0.335,1.9924812030075187,133,19,False
89,0.9897013639507257,53.2,0.335,1.9699248120300752,133,19,False
90,0.9938230643302058,53.2,0.335,1.9849624060150375,133,19,False
91,0.9894050751628932,52.400000000000006,0.345,1.7786259541984732,131,19,False
92,0.9875300072763593,52.400000000000006,0.345,1.8091603053435115,131,19,False
93,0.9896522633474105,52.400000000000006,0.345,1.9236641221374047,131,19,False
94,0.990742707499595,52.400000000000006,0.345,1.8854961832061068,131,19,False
95,0.9878488484615304,52.0,0.35,1.7846153846153847,130,19,False
96,0.9865865286922755,52.0,0.35,1.8,130,19,False
97,0.9885384415002216,52.0,0.35,1.8384615384615384,130,19,False
98,0.9905990434989446,52.0,0.35,1.7846153846153847,130,19,False
99,0.9884107121043986,52.0,0.35,1.8307692307692307,130,19,False
100,0.9849377316425822,52.0,0.35,1.7153846153846153,130,19,False
101,0.9887260939480809,52.0,0.35,1.676923076923077,130,19,False
102,0.9893271763843922,52.0,0.35,1.6076923076923078,130,19,False
103,0.9838316849032718,52.0,0.35,1.6,130,19,False
104,0.9865354709347124,52.0,0.35,1.6153846153846154,130,19,False
105,0.9904588555099805,52.0,0.35,1.7,130,19,False
106,0.9847785438989206,52.0,0.35,1.7230769230769232,130,19,False
107,0.9785703488876375,52.0,0.35,1.7307692307692308,130,19,False
108,0.9751215224034737,52.0,0.35,1.7692307692307692,130,19,False
109,0.9798988036385297,52.0,0.35,1.7384615384615385,130,19,False
110,0.9839357207452002,52.0,0.35,1.7769230769230768,130,19,False
111,0.989843695659595,52.0,0.35,1.8923076923076922,130,19,False
112,0.9905091002787137,51.6,0.355,1.7596899224806202,129,19,False
113,0.9899801316847884,51.6,0.355,1.7751937984496124,129,19,False
114,0.9934622482326653,51.6,0.355,1.744186046511628,129,19,False
115,0.9918486834939608,51.6,0.355,1.8449612403100775,129,19,False
116,0.9934910676902188,51.2,0.36,1.7109375,128,19,False
117,0.9915530778457821,50.800000000000004,0.365,1.68503937007874,127,19,False
118,0.9928566315804865,50.800000000000004,0.365,1.6220472440944882,127,19,False
119,0.988943353776236,50.800000000000004,0.365,1.6220472440944882,127,19,False
120,0.9914093723350711,50.800000000000004,0.365,1.6535433070866141,127,19,False
121,0.983049049037612,50.800000000000004,0.365,1.7007874015748032,127,19,False
122,0.9789003975444833,50.800000000000004,0.365,1.7165354330708662,127,19,False
123,0.9746811687716737,50.400000000000006,0.37,1.6031746031746033,126,19,False
124,0.9805211632735779,50.0,0.375,1.608,125,19,False
125,0.9876882138470414,50.0,0.375,1.592,125,19,False
126,0.9938764866717757,50.0,0.375,1.616,125,19,False
127,0.9914300918500395,50.0,0.375,1.632,125,19,False
128,0.9829295237729483,50.0,0.375,1.648,125,19,False
129,0.9842033813464195,49.6,0.38,1.5161290322580645,124,19,False
130,0.972478394243739,49.6,0.38,1.6048387096774193,124,19,False
131,0.9795774439729195,49.6,0.38,1.6290322580645162,124,19,False
132,0.9781113343354211,49.6,0.38,1.5887096774193548,124,19,False
133,0.9766073856292542,49.6,0.38,1.6129032258064515,124,19,False
134,0.9694818051936815,49.6,0.38,1.5483870967741935,124,19,False
135,0.9644433698029711,49.6,0.38,1.5483870967741935,124,19,False
136,0.9709465706589765,49.6,0.38,1.596774193548387,124,19,False
137,0.9727323253068332,49.6,0.38,1.5483870967741935,124,19,False
138,0.9795525209105916,49.6,0.38,1.596774193548387,124,19,False
139,0.9833360933646657,49.6,0.38,1.7258064516129032,124,19,False
140,0.9809195615585067,49.6,0.38,1.75,124,19,False
141,0.9865186002555356,49.6,0.38,1.8064516129032258,124,19,False
142,0.9892228634137994,49.6,0.38,1.7419354838709677,124,19,False
143,0.9862059932166979,49.6,0.38,1.6290322580645162,124,19,False
144,0.9873281596846553,49.6,0.38,1.5403225806451613,124,19,False
145,0.9788781231453721,49.6,0.38,1.5080645161290323,124,19,False
146,0.9793524134885826,49.6,0.38,1.5564516129032258,124,19,False
147,0.9867258750021591,49.6,0.38,1.5403225806451613,124,19,False
148,0.9849930327499856,49.6,0.38,1.532258064516129,124,19,False
149,0.9842463960300099,49.6,0.38,1.467741935483871,124,19,False
150,0.9839462948785921,49.6,0.38,1.4435483870967742,124,19,False
151,0.9888705982806514,49.6,0.38,1.4919354838709677,124,19,False
152,0.9911914246363434,49.6,0.38,1.4919354838709677,124,19,False
153,0.9854556456132894,49.6,0.38,1.5,124,19,False
154,0.9727413845464874,49.6,0.38,1.5241935483870968,124,19,False
155,0.9788373539930431,49.6,0.38,1.596774193548387,124,19,False
156,0.984024468788184,49.6,0.38,1.5887096774193548,124,19,False
157,0.9898227303003605,49.6,0.38,1.4919354838709677,124,19,False
158,0.984931539550559,49.2,0.385,1.3414634146341464,123,19,False
159,0.9864566299252995,49.2,0.385,1.3658536585365855,123,19,False
160,0.9881757481794691,49.2,0.385,1.3577235772357723,123,19,False
161,0.9868613451701411,49.2,0.385,1.3983739837398375,123,19,False
162,0.9904023086463735,49.2,0.385,1.5365853658536586,123,19,False
163,0.9826880538105455,49.2,0.385,1.5691056910569106,123,19,False
164,0.984127107332686,49.2,0.385,1.5447154471544715,123,19,False
165,0.9753143867531334,48.800000000000004,0.39,1.4836065573770492,122,19,False
166,0.9723671396782477,48.800000000000004,0.39,1.4180327868852458,122,19,False
167,0.9814881985808491,48.800000000000004,0.39,1.4918032786885247,122,19,False
168,0.978304969904562,48.800000000000004,0.39,1.540983606557377,122,19,False
169,0.9835634149479587,48.800000000000004,0.39,1.6147540983606556,122,19,False
170,0.9832101856720106,48.800000000000004,0.39,1.4426229508196722,122,19,False
171,0.9853374788266818,48.800000000000004,0.39,1.4344262295081966,122,19,False
172,0.9811414357973673,48.400000000000006,0.395,1.3636363636363635,121,19,False
173,0.9877429712407012,48.400000000000006,0.395,1.322314049586777,121,19,False
174,0.9918029798621781,48.400000000000006,0.395,1.4545454545454546,121,19,False
175,0.9915230331526599,48.400000000000006,0.395,1.487603305785124,121,19,False
176,0.9870541704806449,48.0,0.4,1.35,120,19,False
177,0.9867683821200063,48.0,0.4,1.3916666666666666,120,19,False
178,0.9899914597201604,48.0,0.4,1.3916666666666666,120,19,False
179,0.9872900704469719,48.0,0.4,1.3833333333333333,120,19,False
180,0.9901175603914145,48.0,0.4,1.3333333333333333,120,19,False
181,0.9882568809530198,48.0,0.4,1.3,120,19,False
182,0.9818183915608408,48.0,0.4,1.3166666666666667,120,19,False
183,0.9824696971200652,48.0,0.4,1.3166666666666667,120,19,False
184,0.981280008286985,48.0,0.4,1.3083333333333333,120,19,False
185,0.9860729646162828,48.0,0.4,1.2916666666666667,120,19,False
186,0.9813243729095189,48.0,0.4,1.25,120,19,False
187,0.9796527828917029,47.6,0.405,1.1092436974789917,119,19,False
188,0.9747034056272196,47.6,0.405,1.1512605042016806,119,19,False
189,0.9804322928574748,47.6,0.405,1.1176470588235294,119,19,False
190,0.9823425686693177,47.6,0.405,1.084033613445378,119,19,False
191,0.9806017451582135,47.6,0.405,1.1092436974789917,119,19,False
192,0.9767679300659683,47.6,0.405,1.1764705882352942,119,19,False
193,0.9670188964898573,47.6,0.405,1.2436974789915967,119,19,False
194,0.9720961876895398,47.6,0.405,1.218487394957983,119,19,False
195,0.9702432729091639,47.6,0.405,1.1764705882352942,119,19,False
196,0.9609283897392945,47.6,0.405,1.1764705882352942,119,19,False
197,0.962958357228135,47.6,0.405,1.1176470588235294,119,19,False
198,0.9656960165658759,47.6,0.405,1.1428571428571428,119,19,False
199,0.9706539141710755,47.2,0.41,1.0423728813559323,118,19,False
200,0.9765318890727732,47.2,0.41,1.0847457627118644,118,19,False
0,0.7175565698786015,80.0,0.0,0.0,200,20,False
1,0.8194147005977719,80.0,0.0,0.485,200,20,False
2,0.8855561712787064,80.0,0.0,0.79,200,20,False
3,0.9347284946530023,80.0,0.0,1.14,200,20,False
4,0.9558480980023428,80.0,0.0,1.455,200,20,False
5,0.9745984699036983,80.0,0.0,1.74,200,20,False
6,0.9821751847962967,80.0,0.0,1.995,200,20,False
7,0.9876408108362662,80.0,0.0,2.26,200,20,False
8,0.9902644189488657,80.0,0.0,2.585,200,20,False
9,0.9904245718951191,80.0,0.0,2.855,200,20,False
10,0.9895186243503364,80.0,0.0,3.19,200,20,False
11,0.9930293757690823,80.0,0.0,3.435,200,20,False
12,0.9956042022822891,80.0,0.0,3.815,200,20,False
13,0.9947580293024398,80.0,0.0,4.09,200,20,False
14,0.9931317178704397,80.0,0.0,4.315,200,20,False
15,0.994447376913434,80.0,0.0,4.585,200,20,False
16,0.9895880450722242,73.2,0.085,3.7923497267759565,183,20,False
17,0.9864469485262122,72.8,0.09,3.8351648351648353,182,20,False
18,0.9796030887684002,70.8,0.115,3.6836158192090394,177,20,False
19,0.9777628678659164,70.0,0.125,3.7257142857142855,175,20,False
20,0.9815045213270969,69.60000000000001,0.13,3.735632183908046,174,20,False
21,0.980958733290694,69.2,0.135,3.6820809248554913,173,20,False
22,0.9744846297026011,68.8,0.14,3.616279069767442,172,20,False
23,0.9703166986909391,68.4,0.145,3.818713450292398,171,20,False
24,0.9722673736121799,67.2,0.16,3.619047619047619,168,20,False
25,0.9739298812297535,67.2,0.16,3.625,168,20,False
26,0.9668345289805225,66.0,0.175,3.56969696969697,165,20,False
27,0.9660194368959621,65.60000000000001,0.18,3.6158536585365852,164,20,False
28,0.9628590969547421,65.2,0.185,3.6993865030674846,163,20,False
29,0.9636654537533804,65.2,0.185,3.803680981595092,163,20,False
30,0.9612759710561138,64.0,0.2,3.70625,160,20,False
31,0.9566794377784854,63.2,0.21,3.6012658227848102,158,20,False
32,0.9514820384177016,62.400000000000006,0.22,3.4551282051282053,156,20,False
33,0.9471234931141341,62.0,0.225,3.425806451612903,155,20,False
34,0.9345664391717673,60.400000000000006,0.245,3.251655629139073,151,20,False
35,0.9342451841799879,60.0,0.25,3.1866666666666665,150,20,False
36,0.9343273889419628,59.6,0.255,3.174496644295302,149,20,False
37,0.9324622034458581,59.6,0.255,3.3087248322147653,149,20,False
38,0.9327773490873804,58.800000000000004,0.265,3.2857142857142856,147,20,False
39,0.9169979651065993,57.6,0.28,3.0069444444444446,144,20,False
40,0.9225685442226456,57.2,0.285,2.986013986013986,143,20,False
41,0.9190482996527953,57.2,0.285,2.972027972027972,143,20,False
42,0.91301176368168,56.400000000000006,0.295,2.8652482269503547,141,20,False
43,0.9065985251387239,56.0,0.3,2.8857142857142857,140,20,False
44,0.90307764555079,55.6,0.305,2.7553956834532376,139,20,False
45,0.904190990548292,55.6,0.305,2.79136690647482,139,20,False
46,0.9011166566536031,54.800000000000004,0.315,2.6423357664233578,137,20,False
47,0.9018727402535492,54.800000000000004,0.315,2.6715328467153285,137,20,False
48,0.8973107459956621,54.400000000000006,0.32,2.6029411764705883,136,20,False
49,0.8864497650720967,53.6,0.33,2.5223880597014925,134,20,False
50,0.8886181025122738,53.2,0.335,2.4661654135338344,133,20,False
51,0.8828276501497053,52.800000000000004,0.34,2.4166666666666665,132,20,False
52,0.8767666519549521,52.400000000000006,0.345,2.351145038167939,131,20,False
53,0.8704212405905601,52.0,0.35,2.3076923076923075,130,20,False
54,0.86377601718961,51.6,0.355,2.364341085271318,129,20,False
55,0.8568143669283406,51.2,0.36,2.296875,128,20,False
56,0.8590980596524915,50.800000000000004,0.365,2.1653543307086616,127,20,False
57,0.8590980596523913,50.800000000000004,0.365,2.204724409448819,127,20,False
58,0.8590980596524217,50.800000000000004,0.365,2.2125984251968505,127,20,False
59,0.8590980596524088,50.800000000000004,0.365,2.236220472440945,127,20,False
60,0.8518354199997494,50.400000000000006,0.37,2.1666666666666665,126,20,False
61,0.8442179813293382,50.0,0.375,2.048,125,20,False
62,0.8362246062459893,49.6,0.38,1.8951612903225807,124,20,False
63,0.8190161309373418,48.800000000000004,0.39,1.6311475409836065,122,20,False
64,0.8190161309374081,48.800000000000004,0.39,1.639344262295082,122,20,False
65,0.8190161309373902,48.800000000000004,0.39,1.5819672131147542,122,20,False
66,0.8190161309374274,48.800000000000004,0.39,1.6475409836065573,122,20,False
67,0.819016130937447,48.800000000000004,0.39,1.7131147540983607,122,20,False
68,0.8097486753001961,48.400000000000006,0.395,1.5950413223140496,121,20,False
69,0.7897371512249135,47.6,0.405,1.3361344537815125,119,20,False
70,0.7897371512249227,47.6,0.405,1.3865546218487395,119,20,False
71,0.7897371512249227,47.6,0.405,1.4621848739495797,119,20,False
72,0.7897371512249227,47.6,0.405,1.4369747899159664,119,20,False
73,0.7897371512249227,47.6,0.405,1.546218487394958,119,20,False
74,0.7897371512249227,47.6,0.405,1.5378151260504203,119,20,False
75,0.7897371512249227,47.6,0.405,1.596638655462185,119,20,False
76,0.778923748683123,47.2,0.41,1.6016949152542372,118,20,False
77,0.778923748683123,47.2,0.41,1.5593220338983051,118,20,False
78,0.7814789367974329,46.800000000000004,0.415,1.435897435897436,117,20,False
79,0.7814789367974329,46.800000000000004,0.415,1.5128205128205128,117,20,False
80,0.7814789367974329,46.800000000000004,0.415,1.5042735042735043,117,20,False
81,0.7814789367974329,46.800000000000004,0.415,1.4700854700854702,117,20,False
82,0.7700934977285274,46.400000000000006,0.42,1.293103448275862,116,20,False
83,0.7700934977285274,46.400000000000006,0.42,1.2155172413793103,116,20,False
84,0.7700934977285274,46.400000000000006,0.42,1.2413793103448276,116,20,False
85,0.758069381485335,46.0,0.425,1.1391304347826088,115,20,False
86,0.758069381485335,46.0,0.425,1.1043478260869566,115,20,False
87,0.758069381485335,46.0,0.425,1.191304347826087,115,20,False
88,0.758069381485335,46.0,0.425,1.2173913043478262,115,20,False
89,0.758069381485335,46.0,0.425,1.1478260869565218,115,20,False
90,0.758069381485335,46.0,0.425,1.2173913043478262,115,20,False
91,0.758069381485335,46.0,0.425,1.2434782608695651,115,20,False
92,0.758069381485335,46.0,0.425,1.3217391304347825,115,20,False
93,0.758069381485335,46.0,0.425,1.3304347826086957,115,20,False
94,0.758069381485335,46.0,0.425,1.373913043478261,115,20,False
95,0.758069381485335,46.0,0.425,1.373913043478261,115,20,False
96,0.758069381485335,46.0,0.425,1.382608695652174,115,20,False
97,0.7453559924999307,45.6,0.43,1.263157894736842,114,20,False
98,0.7318963939162955,45.2,0.435,1.1504424778761062,113,20,False
99,0.7176261177646466,44.800000000000004,0.44,1.0089285714285714,112,20,False
100,0.7176261177646466,44.800000000000004,0.44,1.0089285714285714,112,20,False
101,0.7176261177646466,44.800000000000004,0.44,1.0535714285714286,112,20,False
102,0.7176261177646466,44.800000000000004,0.44,1.0357142857142858,112,20,False
103,0.7176261177646466,44.800000000000004,0.44,0.9464285714285714,112,20,False
104,0.7176261177646466,44.800000000000004,0.44,0.8303571428571429,112,20,False
105,0.7176261177646466,44.800000000000004,0.44,0.8125,112,20,False
106,0.7176261177646466,44.800000000000004,0.44,0.8035714285714286,112,20,False
107,0.7176261177646466,44.800000000000004,0.44,0.8303571428571429,112,20,False
108,0.7176261177646466,44.800000000000004,0.44,0.75,112,20,False
109,0.7176261177646466,44.800000000000004,0.44,0.7142857142857143,112,20,False
110,0.7176261177646466,44.800000000000004,0.44,0.6875,112,20,False
111,0.7176261177646466,44.800000000000004,0.44,0.6785714285714286,112,20,False
112,0.7176261177646466,44.800000000000004,0.44,0.7410714285714286,112,20,False
113,0.7176261177646466,44.800000000000004,0.44,0.8035714285714286,112,20,False
114,0.7176261177646466,44.800000000000004,0.44,0.7857142857142857,112,20,False
115,0.7176261177646466,44.800000000000004,0.44,0.8125,112,20,False
116,0.7176261177646466,44.800000000000004,0.44,0.7678571428571429,112,20,False
117,0.7176261177646466,44.800000000000004,0.44,0.7857142857142857,112,20,False
118,0.7176261177646466,44.800000000000004,0.44,0.75,112,20,False
119,0.7176261177646466,44.800000000000004,0.44,0.8035714285714286,112,20,False
120,0.7176261177646466,44.800000000000004,0.44,0.8303571428571429,112,20,False
121,0.7176261177646466,44.800000000000004,0.44,0.7946428571428571,112,20,False
122,0.7176261177646466,44.800000000000004,0.44,0.8035714285714286,112,20,False
123,0.7176261177646466,44.800000000000004,0.44,0.8392857142857143,112,20,False
124,0.7176261177646466,44.800000000000004,0.44,0.8571428571428571,112,20,False
125,0.7176261177646466,44.800000000000004,0.44,0.8303571428571429,112,20,False
126,0.7176261177646466,44.800000000000004,0.44,0.9196428571428571,112,20,False
127,0.7176261177646466,44.800000000000004,0.44,1.0089285714285714,112,20,False
128,0.7176261177646466,44.800000000000004,0.44,1.0267857142857142,112,20,False
129,0.7176261177646466,44.800000000000004,0.44,1.0535714285714286,112,20,False
130,0.7176261177646466,44.800000000000004,0.44,1.0446428571428572,112,20,False
131,0.7176261177646466,44.800000000000004,0.44,1.0,112,20,False
132,0.7176261177646466,44.800000000000004,0.44,1.0,112,20,False
133,0.7176261177646466,44.800000000000004,0.44,1.0267857142857142,112,20,False
134,0.7176261177646466,44.800000000000004,0.44,1.0178571428571428,112,20,False
135,0.7024716644907358,44.400000000000006,0.445,0.9459459459459459,111,20,False
136,0.7024716644907358,44.400000000000006,0.445,0.954954954954955,111,20,False
137,0.7024716644907358,44.400000000000006,0.445,0.9459459459459459,111,20,False
138,0.7024716644907358,44.400000000000006,0.445,0.954954954954955,111,20,False
139,0.6863485850246134,44.0,0.45,0.9,110,20,False
140,0.6863485850246134,44.0,0.45,0.8363636363636363,110,20,False
141,0.6863485850246134,44.0,0.45,0.8272727272727273,110,20,False
142,0.6863485850246134,44.0,0.45,0.8363636363636363,110,20,False
143,0.6863485850246134,44.0,0.45,0.8727272727272727,110,20,False
144,0.6863485850246134,44.0,0.45,0.9545454545454546,110,20,False
145,0.6863485850246134,44.0,0.45,0.9636363636363636,110,20,False
146,0.6863485850246134,44.0,0.45,0.9727272727272728,110,20,False
147,0.6863485850246134,44.0,0.45,1.009090909090909,110,20,False
148,0.6863485850246134,44.0,0.45,1.0,110,20,False
149,0.6863485850246134,44.0,0.45,1.0,110,20,False
150,0.6691589918829527,43.6,0.455,0.908256880733945,109,20,False
151,0.6691589918829527,43.6,0.455,0.8990825688073395,109,20,False
152,0.6691589918829527,43.6,0.455,0.926605504587156,109,20,False
153,0.6691589918829527,43.6,0.455,0.9174311926605505,109,20,False
154,0.6691589918829527,43.6,0.455,0.963302752293578,109,20,False
155,0.6691589918829527,43.6,0.455,0.9908256880733946,109,20,False
156,0.6691589918829527,43.6,0.455,0.981651376146789,109,20,False
157,0.6691589918829527,43.6,0.455,1.0091743119266054,109,20,False
158,0.6691589918829527,43.6,0.455,1.0091743119266054,109,20,False
159,0.6691589918829527,43.6,0.455,1.018348623853211,109,20,False
160,0.6691589918829527,43.6,0.455,1.0,109,20,False
161,0.6691589918829527,43.6,0.455,0.908256880733945,109,20,False
162,0.6691589918829527,43.6,0.455,0.963302752293578,109,20,False
163,0.6691589918829527,43.6,0.455,1.0275229357798166,109,20,False
164,0.6691589918829527,43.6,0.455,0.944954128440367,109,20,False
165,0.6691589918829527,43.6,0.455,1.0,109,20,False
166,0.6691589918829527,43.6,0.455,1.0,109,20,False
167,0.6691589918829527,43.6,0.455,0.963302752293578,109,20,False
168,0.6507882737335393,43.2,0.46,0.8148148148148148,108,20,False
169,0.6507882737335393,43.2,0.46,0.8055555555555556,108,20,False
170,0.6507882737335393,43.2,0.46,0.8518518518518519,108,20,False
171,0.6507882737335393,43.2,0.46,0.8333333333333334,108,20,False
172,0.6507882737335393,43.2,0.46,0.8611111111111112,108,20,False
173,0.6507882737335393,43.2,0.46,0.8611111111111112,108,20,False
174,0.6507882737335393,43.2,0.46,0.8518518518518519,108,20,False
175,0.6507882737335393,43.2,0.46,0.8611111111111112,108,20,False
176,0.6507882737335393,43.2,0.46,0.8611111111111112,108,20,False
177,0.6507882737335393,43.2,0.46,0.8611111111111112,108,20,False
178,0.6507882737335393,43.2,0.46,0.7962962962962963,108,20,False
179,0.6507882737335393,43.2,0.46,0.8425925925925926,108,20,False
180,0.6507882737335393,43.2,0.46,0.8703703703703703,108,20,False
181,0.6507882737335393,43.2,0.46,0.8888888888888888,108,20,False
182,0.6507882737335393,43.2,0.46,0.9074074074074074,108,20,False
183,0.6507882737335393,43.2,0.46,0.9166666666666666,108,20,False
184,0.6507882737335393,43.2,0.46,0.9351851851851852,108,20,False
185,0.6507882737335393,43.2,0.46,0.9074074074074074,108,20,False
186,0.6507882737335393,43.2,0.46,0.9444444444444444,108,20,False
187,0.6507882737335393,43.2,0.46,0.9537037037037037,108,20,False
188,0.6507882737335393,43.2,0.46,0.9537037037037037,108,20,False
189,0.6507882737335393,43.2,0.46,0.9166666666666666,108,20,False
190,0.6507882737335393,43.2,0.46,0.9074074074074074,108,20,False
191,0.6507882737335393,43.2,0.46,0.9351851851851852,108,20,False
192,0.6507882737335393,43.2,0.46,0.8703703703703703,108,20,False
193,0.6507882737335393,43.2,0.46,0.8703703703703703,108,20,False
194,0.6507882737335393,43.2,0.46,0.9166666666666666,108,20,False
195,0.6507882737335393,43.2,0.46,0.8888888888888888,108,20,False
196,0.6507882737335393,43.2,0.46,0.9351851851851852,108,20,False
197,0.6099332028394197,42.400000000000006,0.47,0.6509433962264151,106,20,False
198,0.6099332028394197,42.400000000000006,0.47,0.6226415094339622,106,20,False
199,0.6099332028394197,42.400000000000006,0.47,0.5943396226415094,106,20,False
200,0.6099332028394197,42.400000000000006,0.47,0.6132075471698113,106,20,False
0,0.7360987612135617,80.0,0.0,0.0,200,21,False
1,0.8082601087769231,80.0,0.0,0.39,200,21,False
2,0.8787900361971388,80.0,0.0,0.685,200,21,False
3,0.9077498955099946,80.0,0.0,0.945,200,21,False
4,0.9437352818328728,80.0,0.0,1.265,200,21,False
5,0.948114284654322,80.0,0.0,1.44,200,21,False
6,0.9619002921659857,80.0,0.0,1.665,200,21,False
7,0.9747727544794214,80.0,0.0,1.995,200,21,False
8,0.977616298996948,80.0,0.0,2.175,200,21,False
9,0.9784345462926495,80.0,0.0,2.365,200,21,False
10,0.9853425333419339,80.0,0.0,2.51,200,21,False
11,0.9774901959811724,80.0,0.0,2.765,200,21,False
12,0.9849489054447557,80.0,0.0,2.86,200,21,False
13,0.9864913021629537,80.0,0.0,3.06,200,21,False
14,0.9768370837280883,80.0,0.0,3.25,200,21,False
15,0.9703003193815296,80.0,0.0,3.465,200,21,False
16,0.9694093376227515,76.0,0.05,2.8789473684210525,190,21,False
17,0.9718336046591277,75.60000000000001,0.055,2.888888888888889,189,21,False
18,0.9766843231558204,75.2,0.06,2.893617021276596,188,21,False
19,0.9786407951740337,75.2,0.06,2.99468085106383,188,21,False
20,0.9756993922001611,75.2,0.06,3.101063829787234,188,21,False
21,0.9721986055922971,75.2,0.06,3.25531914893617,188,21,False
22,0.9834871307577085,74.0,0.075,3.2378378378378376,185,21,False
23,0.9895390209356889,74.0,0.075,3.32972972972973,185,21,False
24,0.9716585624074764,74.0,0.075,3.4108108108108106,185,21,False
25,0.9770570075347086,73.60000000000001,0.08,3.505434782608696,184,21,False
26,0.9777896988481766,73.60000000000001,0.08,3.6793478260869565,184,21,False
27,0.9698820601921092,72.8,0.09,3.565934065934066,182,21,False
28,0.9769247729540104,72.4,0.095,3.613259668508287,181,21,False
29,0.9805899758655123,71.60000000000001,0.105,3.6201117318435756,179,21,False
30,0.9813580583575113,70.8,0.115,3.621468926553672,177,21,False
31,0.984089526748282,70.4,0.12,3.625,176,21,False
32,0.9823894324860183,68.4,0.145,3.4035087719298245,171,21,False
33,0.9864273557546478,68.4,0.145,3.5146198830409356,171,21,False
34,0.9902533060831823,66.8,0.165,3.2754491017964074,167,21,False
35,0.9896969347032425,66.4,0.17,3.2289156626506026,166,21,False
36,0.9821467126562763,65.60000000000001,0.18,3.073170731707317,164,21,False
37,0.9791815582445893,64.8,0.19,3.0123456790123457,162,21,False
38,0.9763236133027952,64.8,0.19,2.9876543209876543,162,21,False
39,0.9774445776920306,64.8,0.19,2.95679012345679,162,21,False
40,0.9778100054318187,64.4,0.195,2.9440993788819876,161,21,False
41,0.9572119246450882,64.4,0.195,2.888198757763975,161,21,False
42,0.9669536320563902,64.4,0.195,2.919254658385093,161,21,False
43,0.9766211266322845,64.0,0.2,2.91875,160,21,False
44,0.9857240301738436,64.0,0.2,2.925,160,21,False
45,0.9800710545355575,63.6,0.205,2.849056603773585,159,21,False
46,0.981260157643915,63.6,0.205,2.9559748427672954,159,21,False
47,0.9725893704586317,63.2,0.21,2.9683544303797467,158,21,False
48,0.9774667318365223,63.2,0.21,2.8164556962025316,158,21,False
49,0.9757852174391429,62.800000000000004,0.215,2.745222929936306,157,21,False
50,0.9818659534622645,61.6,0.23,2.6103896103896105,154,21,False
51,0.976273066185563,60.800000000000004,0.24,2.460526315789474,152,21,False
52,0.9789719065300212,60.0,0.25,2.26,150,21,False
53,0.9794037715499843,60.0,0.25,2.2333333333333334,150,21,False
54,0.9809220011232094,60.0,0.25,2.2066666666666666,150,21,False
55,0.9771693931420248,60.0,0.25,2.24,150,21,False
56,0.9660093236672933,59.6,0.255,2.1140939597315436,149,21,False
57,0.9660524169637827,59.6,0.255,2.140939597315436,149,21,False
58,0.9620201885730685,59.6,0.255,2.0201342281879193,149,21,False
59,0.9549377572367038,59.6,0.255,2.1140939597315436,149,21,False
60,0.9535855583488192,59.6,0.255,2.1476510067114094,149,21,False
61,0.9647364216328409,59.2,0.26,2.0675675675675675,148,21,False
62,0.9749310884890933,59.2,0.26,2.1283783783783785,148,21,False
63,0.9771095577170059,59.2,0.26,2.135135135135135,148,21,False
64,0.97661532195411,59.2,0.26,2.2364864864864864,148,21,False
65,0.9762142344376179,59.2,0.26,2.2094594594594597,148,21,False
66,0.9806820568439238,59.2,0.26,2.141891891891892,148,21,False
67,0.9732300663903458,58.800000000000004,0.265,2.074829931972789,147,21,False
68,0.9815564856064839,58.400000000000006,0.27,1.9657534246575343,146,21,False
69,0.9800682704316367,58.400000000000006,0.27,2.095890410958904,146,21,False
70,0.9790053125668358,58.400000000000006,0.27,2.1506849315068495,146,21,False
71,0.9776380778977768,58.400000000000006,0.27,2.171232876712329,146,21,False
72,0.9734744537903729,58.400000000000006,0.27,2.095890410958904,146,21,False
73,0.969510311748035,58.0,0.275,2.0689655172413794,145,21,False
74,0.9688152873438812,58.0,0.275,2.1448275862068966,145,21,False
75,0.9746840461519316,58.0,0.275,2.1724137931034484,145,21,False
76,0.9809880715263649,57.6,0.28,2.1041666666666665,144,21,False
77,0.9879581177150683,57.2,0.285,1.944055944055944,143,21,False
78,0.9852352542504831,57.2,0.285,1.937062937062937,143,21,False
79,0.9887379454700135,57.2,0.285,1.9090909090909092,143,21,False
80,0.9790757934295576,57.2,0.285,1.9580419580419581,143,21,False
81,0.9785027597012804,57.2,0.285,1.993006993006993,143,21,False
82,0.9747699989873176,57.2,0.285,2.090909090909091,143,21,False
83,0.9717671411869454,57.2,0.285,2.055944055944056,143,21,False
84,0.9715239159067199,56.800000000000004,0.29,1.9225352112676057,142,21,False
85,0.9693189866931344,56.800000000000004,0.29,1.9225352112676057,142,21,False
86,0.9556456364320475,56.800000000000004,0.29,1.908450704225352,142,21,False
87,0.9583344296508756,56.800000000000004,0.29,1.880281690140845,142,21,False
88,0.9654786506574414,56.800000000000004,0.29,1.8169014084507042,142,21,False
89,0.9688579474915667,56.800000000000004,0.29,1.8873239436619718,142,21,False
90,0.9708807432708585,56.800000000000004,0.29,1.8943661971830985,142,21,False
91,0.9585407167848924,56.800000000000004,0.29,1.9366197183098592,142,21,False
92,0.966978536721434,56.400000000000006,0.295,1.8652482269503545,141,21,False
93,0.963388851574071,56.400000000000006,0.295,1.9432624113475176,141,21,False
94,0.9699132091678416,56.400000000000006,0.295,1.9148936170212767,141,21,False
95,0.9735329711157001,56.0,0.3,1.8357142857142856,140,21,False
96,0.9780767791291078,55.6,0.305,1.6330935251798562,139,21,False
97,0.9838556490267234,55.6,0.305,1.6474820143884892,139,21,False
98,0.9814376464582183,55.6,0.305,1.5755395683453237,139,21,False
99,0.9848085543171288,55.6,0.305,1.6402877697841727,139,21,False
100,0.9694949555468102,55.2,0.31,1.6014492753623188,138,21,False
101,0.9777746639170447,55.2,0.31,1.5869565217391304,138,21,False
102,0.983341793369246,55.2,0.31,1.6159420289855073,138,21,False
103,0.9749826522971002,55.2,0.31,1.5797101449275361,138,21,False
104,0.9775298556781531,54.800000000000004,0.315,1.5693430656934306,137,21,False
105,0.9749248561322529,54.800000000000004,0.315,1.6204379562043796,137,21,False
106,0.9786558372609884,54.800000000000004,0.315,1.6423357664233578,137,21,False
107,0.9676732934410116,54.800000000000004,0.315,1.6131386861313868,137,21,False
108,0.9750634968349381,54.800000000000004,0.315,1.5985401459854014,137,21,False
109,0.9722744937001017,54.800000000000004,0.315,1.6277372262773722,137,21,False
110,0.9623218996457896,54.800000000000004,0.315,1.5766423357664234,137,21,False
111,0.9553300051223169,54.800000000000004,0.315,1.583941605839416,137,21,False
112,0.956369850425962,54.800000000000004,0.315,1.6496350364963503,137,21,False
113,0.9645152775388295,54.400000000000006,0.32,1.5147058823529411,136,21,False
114,0.9785895105494585,54.400000000000006,0.32,1.5,136,21,False
115,0.9672635302298281,54.400000000000006,0.32,1.536764705882353,136,21,False
116,0.9710785439447448,54.400000000000006,0.32,1.4779411764705883,136,21,False
117,0.9725465919046887,54.400000000000006,0.32,1.5294117647058822,136,21,False
118,0.9605418533711884,54.400000000000006,0.32,1.5588235294117647,136,21,False
119,0.9624755288598367,54.400000000000006,0.32,1.6470588235294117,136,21,False
120,0.9641792602037372,54.400000000000006,0.32,1.6838235294117647,136,21,False
121,0.9663823397881777,54.0,0.325,1.4666666666666666,135,21,False
122,0.9591050318299928,54.0,0.325,1.488888888888889,135,21,False
123,0.9574905351455951,54.0,0.325,1.4962962962962962,135,21,False
124,0.9527727079613281,54.0,0.325,1.4666666666666666,135,21,False
125,0.9675710199120607,54.0,0.325,1.4962962962962962,135,21,False
126,0.9711755308722089,54.0,0.325,1.5629629629629629,135,21,False
127,0.9799484224110244,54.0,0.325,1.5925925925925926,135,21,False
128,0.9792270366716255,54.0,0.325,1.6296296296296295,135,21,False
129,0.962408414431757,54.0,0.325,1.474074074074074,135,21,False
130,0.9535297821426659,54.0,0.325,1.451851851851852,135,21,False
131,0.9585657141730862,54.0,0.325,1.5407407407407407,135,21,False
132,0.9608562809006066,54.0,0.325,1.5407407407407407,135,21,False
133,0.9597162750507975,53.6,0.33,1.3805970149253732,134,21,False
134,0.9585151757901031,53.6,0.33,1.2537313432835822,134,21,False
135,0.954202793940306,53.6,0.33,1.2238805970149254,134,21,False
136,0.9545680995457192,53.6,0.33,1.2313432835820894,134,21,False
137,0.9512900705064435,53.6,0.33,1.2462686567164178,134,21,False
138,0.9604021446953858,53.6,0.33,1.328358208955224,134,21,False
139,0.9643704515555203,53.6,0.33,1.3059701492537314,134,21,False
140,0.961460718232168,53.6,0.33,1.3059701492537314,134,21,False
141,0.9524076350876888,53.6,0.33,1.328358208955224,134,21,False
142,0.9597871235206363,53.6,0.33,1.3880597014925373,134,21,False
143,0.9537794419705564,53.6,0.33,1.3955223880597014,134,21,False
144,0.9506606295655453,53.2,0.335,1.300751879699248,133,21,False
145,0.9480326143929604,53.2,0.335,1.2857142857142858,133,21,False
146,0.9580262565100834,53.2,0.335,1.300751879699248,133,21,False
147,0.9583635527768698,53.2,0.335,1.3157894736842106,133,21,False
148,0.9593868236894406,52.800000000000004,0.34,1.1893939393939394,132,21,False
149,0.9607286988848908,52.800000000000004,0.34,1.2424242424242424,132,21,False
150,0.9471604718884362,52.800000000000004,0.34,1.3409090909090908,132,21,False
151,0.9525227147488977,52.800000000000004,0.34,1.2575757575757576,132,21,False
152,0.9213935090193262,52.800000000000004,0.34,1.2727272727272727,132,21,False
153,0.9283188913197206,52.800000000000004,0.34,1.2878787878787878,132,21,False
154,0.9570173633088902,52.800000000000004,0.34,1.3333333333333333,132,21,False
155,0.9570700093562055,52.400000000000006,0.345,1.251908396946565,131,21,False
156,0.9551968626814942,52.400000000000006,0.345,1.3206106870229009,131,21,False
157,0.9642913987823888,52.400000000000006,0.345,1.3893129770992367,131,21,False
158,0.9496210003638595,52.400000000000006,0.345,1.4198473282442747,131,21,False
159,0.9611222778978682,52.400000000000006,0.345,1.4961832061068703,131,21,False
160,0.9521271049331037,52.400000000000006,0.345,1.465648854961832,131,21,False
161,0.9610643652029958,52.0,0.35,1.3692307692307693,130,21,False
162,0.9569065548866988,52.0,0.35,1.3692307692307693,130,21,False
163,0.9574551983360453,51.6,0.355,1.255813953488372,129,21,False
164,0.95970882117502,51.6,0.355,1.193798449612403,129,21,False
165,0.9535305272520694,51.6,0.355,1.1162790697674418,129,21,False
166,0.958694003535461,51.2,0.36,1.0,128,21,False
167,0.9578563123986643,51.2,0.36,1.0546875,128,21,False
168,0.9601497594298203,51.2,0.36,1.09375,128,21,False
169,0.9620395413652991,51.2,0.36,1.0703125,128,21,False
170,0.9712300416060389,51.2,0.36,1.09375,128,21,False
171,0.9690559394830222,51.2,0.36,1.140625,128,21,False
172,0.9659600464066904,51.2,0.36,1.0859375,128,21,False
173,0.9628565680077946,51.2,0.36,1.125,128,21,False
174,0.9707333700726322,51.2,0.36,1.0703125,128,21,False
175,0.9768750353718771,51.2,0.36,1.0234375,128,21,False
176,0.9826057726981416,51.2,0.36,0.9765625,128,21,False
177,0.9696360606257464,51.2,0.36,0.9765625,128,21,False
178,0.9724782581317511,51.2,0.36,1.0859375,128,21,False
179,0.9560037873206791,51.2,0.36,1.0546875,128,21,False
180,0.9668028635454632,51.2,0.36,1.1640625,128,21,False
181,0.9624769077600553,51.2,0.36,1.2578125,128,21,False
182,0.9440063374545503,51.2,0.36,1.25,128,21,False
183,0.9514538517074509,51.2,0.36,1.2578125,128,21,False
184,0.958793050685789,50.800000000000004,0.365,1.0708661417322836,127,21,False
185,0.9736914422641193,50.400000000000006,0.37,1.0476190476190477,126,21,False
186,0.9677841384259245,50.400000000000006,0.37,1.0158730158730158,126,21,False
187,0.968108087166575,50.400000000000006,0.37,0.9841269841269841,126,21,False
188,0.9760810391895992,50.400000000000006,0.37,1.0158730158730158,126,21,False
189,0.9641179591486478,50.400000000000006,0.37,1.0,126,21,False
190,0.9613351177294515,50.400000000000006,0.37,1.0238095238095237,126,21,False
191,0.9611432040964394,50.400000000000006,0.37,1.0317460317460319,126,21,False
192,0.9608223897195364,50.400000000000006,0.37,0.8253968253968254,126,21,False
193,0.9562731174648035,50.400000000000006,0.37,0.8888888888888888,126,21,False
194,0.9570953469377883,50.400000000000006,0.37,0.9126984126984127,126,21,False
195,0.9675201001413302,50.400000000000006,0.37,0.9841269841269841,126,21,False
196,0.9655435289268386,50.400000000000006,0.37,0.9920634920634921,126,21,False
197,0.9581202041666096,50.400000000000006,0.37,0.9444444444444444,126,21,False
198,0.9514246494060892,50.400000000000006,0.37,0.9761904761904762,126,21,False
199,0.9468723050880911,50.400000000000006,0.37,1.0317460317460319,126,21,False
200,0.9546426061948055,50.400000000000006,0.37,0.9761904761904762,126,21,False
0,0.7161306245625496,80.0,0.0,0.0,200,22,False
1,0.8189113005424117,80.0,0.0,0.485,200,22,False
2,0.9002347056507392,80.0,0.0,0.795,200,22,False
3,0.9268396057141698,80.0,0.0,1.02,200,22,False
4,0.9460012804600939,80.0,0.0,1.305,200,22,False
5,0.9584203560515233,80.0,0.0,1.605,200,22,False
6,0.9716893708976392,80.0,0.0,1.825,200,22,False
7,0.9830429442766474,80.0,0.0,2.065,200,22,False
8,0.9837415150303787,80.0,0.0,2.24,200,22,False
9,0.988789579434336,80.0,0.0,2.475,200,22,False
10,0.9945779363072962,80.0,0.0,2.67,200,22,False
11,0.9933683867432083,80.0,0.0,2.98,200,22,False
12,0.9940436951605698,80.0,0.0,3.23,200,22,False
13,0.9962097938081727,80.0,0.0,3.475,200,22,False
14,0.9936512797647243,80.0,0.0,3.785,200,22,False
15,0.9958315133417477,80.0,0.0,3.94,200,22,False
16,0.9906825797637333,74.4,0.07,3.2580645161290325,186,22,False
17,0.9924114217195384,73.60000000000001,0.08,3.2282608695652173,184,22,False
18,0.9899784006521725,73.2,0.085,3.2950819672131146,183,22,False
19,0.9902573401979018,72.8,0.09,3.3461538461538463,182,22,False
20,0.9896665670272,72.0,0.1,3.261111111111111,180,22,False
21,0.990298864201005,72.0,0.1,3.3777777777777778,180,22,False
22,0.989961990397542,71.60000000000001,0.105,3.3240223463687153,179,22,False
23,0.9852209217566682,71.60000000000001,0.105,3.3798882681564244,179,22,False
24,0.9843500138106154,71.2,0.11,3.3876404494382024,178,22,False
25,0.9858530297050446,70.8,0.115,3.4971751412429377,177,22,False
26,0.9860783633427164,69.60000000000001,0.13,3.3620689655172415,174,22,False
27,0.9843386374972665,69.60000000000001,0.13,3.413793103448276,174,22,False
28,0.9814623943486779,68.8,0.14,3.36046511627907,172,22,False
29,0.9820396143788959,68.8,0.14,3.3430232558139537,172,22,False
30,0.9860188489076883,67.60000000000001,0.155,3.3491124260355027,169,22,False
31,0.9848557862347124,67.2,0.16,3.2797619047619047,168,22,False
32,0.9896924862023249,66.4,0.17,3.246987951807229,166,22,False
33,0.9889913878342725,65.60000000000001,0.18,3.158536585365854,164,22,False
34,0.9899913598014313,65.2,0.185,3.0,163,22,False
35,0.9875215769349893,64.8,0.19,3.0185185185185186,162,22,False
36,0.987557558297675,64.4,0.195,3.062111801242236,161,22,False
37,0.9845923480000923,64.0,0.2,2.9875,160,22,False
38,0.9823651232220721,63.2,0.21,2.8987341772151898,158,22,False
39,0.9838423844183394,63.2,0.21,2.930379746835443,158,22,False
40,0.9801429233016429,62.400000000000006,0.22,2.8333333333333335,156,22,False
41,0.98217748311733,62.400000000000006,0.22,2.9038461538461537,156,22,False
42,0.9830544162685564,62.0,0.225,2.8645161290322583,155,22,False
43,0.9834768328302257,62.0,0.225,2.935483870967742,155,22,False
44,0.9808442821696193,60.800000000000004,0.24,2.736842105263158,152,22,False
45,0.9799117966524871,60.400000000000006,0.245,2.7682119205298013,151,22,False
46,0.9824786092401339,60.0,0.25,2.6866666666666665,150,22,False
47,0.9797228672508107,59.6,0.255,2.6711409395973154,149,22,False
48,0.9731232003183711,58.800000000000004,0.265,2.557823129251701,147,22,False
49,0.9697020707105859,58.0,0.275,2.3448275862068964,145,22,False
50,0.9699657574463647,57.6,0.28,2.3055555555555554,144,22,False
51,0.9725767276333903,57.6,0.28,2.3194444444444446,144,22,False
52,0.9742965722538781,57.6,0.28,2.2291666666666665,144,22,False
53,0.9778351192152451,57.6,0.28,2.2569444444444446,144,22,False
54,0.9828722002231403,57.6,0.28,2.2152777777777777,144,22,False
55,0.9835448123942961,57.6,0.28,2.173611111111111,144,22,False
56,0.9835151375915856,57.6,0.28,2.2152777777777777,144,22,False
57,0.9719600883326395,57.2,0.285,2.111888111888112,143,22,False
58,0.9790750160390251,56.800000000000004,0.29,2.1338028169014085,142,22,False
59,0.9781421115117848,56.0,0.3,1.8357142857142856,140,22,False
60,0.9744774328368365,56.0,0.3,1.8642857142857143,140,22,False
61,0.9762430230716593,56.0,0.3,1.8357142857142856,140,22,False
62,0.9778031166837129,56.0,0.3,1.8214285714285714,140,22,False
63,0.9728134155821974,56.0,0.3,1.8214285714285714,140,22,False
64,0.9723940380633816,55.6,0.305,1.8057553956834533,139,22,False
65,0.9748692244412623,55.6,0.305,1.8992805755395683,139,22,False
66,0.9791982346646672,55.6,0.305,1.8920863309352518,139,22,False
67,0.9751507243324828,55.6,0.305,1.9064748201438848,139,22,False
68,0.977688319266275,55.2,0.31,1.7681159420289856,138,22,False
69,0.9680666734671516,55.2,0.31,1.7028985507246377,138,22,False
70,0.9742086811907253,55.2,0.31,1.7681159420289856,138,22,False
71,0.9772360916627256,55.2,0.31,1.8840579710144927,138,22,False
72,0.9761364205521466,54.800000000000004,0.315,1.8248175182481752,137,22,False
73,0.9747090947021179,54.800000000000004,0.315,2.0,137,22,False
74,0.974285929906027,54.400000000000006,0.32,1.8308823529411764,136,22,False
75,0.9742746620078243,54.400000000000006,0.32,1.8602941176470589,136,22,False
76,0.9750233220020029,54.400000000000006,0.32,1.911764705882353,136,22,False
77,0.9727757385423462,54.400000000000006,0.32,1.9044117647058822,136,22,False
78,0.974613157391133,54.400000000000006,0.32,1.911764705882353,136,22,False
79,0.9751773919534543,54.400000000000006,0.32,1.9558823529411764,136,22,False
80,0.9750115911436942,54.400000000000006,0.32,1.963235294117647,136,22,False
81,0.9750122419144396,54.400000000000006,0.32,2.0661764705882355,136,22,False
82,0.972945338641221,54.400000000000006,0.32,2.073529411764706,136,22,False
83,0.9714469720895368,54.400000000000006,0.32,2.1029411764705883,136,22,False
84,0.9724904429701478,54.0,0.325,1.8888888888888888,135,22,False
85,0.9715931730764502,54.0,0.325,1.8148148148148149,135,22,False
86,0.9691221184163896,53.6,0.33,1.7537313432835822,134,22,False
87,0.9701870580518992,53.6,0.33,1.962686567164179,134,22,False
88,0.9647354370487078,53.2,0.335,1.849624060150376,133,22,False
89,0.9661663009237225,53.2,0.335,1.962406015037594,133,22,False
90,0.962153778983,53.2,0.335,1.9473684210526316,133,22,False
91,0.9648833531990064,53.2,0.335,1.962406015037594,133,22,False
92,0.9654735234669987,52.800000000000004,0.34,1.8409090909090908,132,22,False
93,0.9657819323648396,52.800000000000004,0.34,1.8636363636363635,132,22,False
94,0.9672259132965267,52.800000000000004,0.34,1.8636363636363635,132,22,False
95,0.9635516902892375,52.800000000000004,0.34,1.9393939393939394,132,22,False
96,0.9663111358439224,52.800000000000004,0.34,2.015151515151515,132,22,False
97,0.9646654920327192,52.800000000000004,0.34,1.9621212121212122,132,22,False
98,0.9642072855048548,52.400000000000006,0.345,1.8778625954198473,131,22,False
99,0.9630127748787555,52.400000000000006,0.345,1.900763358778626,131,22,False
100,0.9600847364054188,52.0,0.35,1.8153846153846154,130,22,False
101,0.9541366836458127,52.0,0.35,1.8153846153846154,130,22,False
102,0.9548448971271956,52.0,0.35,1.8846153846153846,130,22,False
103,0.958932546207972,52.0,0.35,1.8307692307692307,130,22,False
104,0.9627445888895132,52.0,0.35,1.8846153846153846,130,22,False
105,0.9628836446851177,52.0,0.35,1.8076923076923077,130,22,False
106,0.9629904352008762,52.0,0.35,1.8615384615384616,130,22,False
107,0.9589113230201706,52.0,0.35,1.7615384615384615,130,22,False
108,0.9664029605898654,52.0,0.35,1.8076923076923077,130,22,False
109,0.9566182302939035,51.6,0.355,1.550387596899225,129,22,False
110,0.9575285402479216,51.2,0.36,1.4609375,128,22,False
111,0.9632289605172811,51.2,0.36,1.4375,128,22,False
112,0.9559269753358502,51.2,0.36,1.3359375,128,22,False
113,0.9442512166921083,51.2,0.36,1.296875,128,22,False
114,0.9365065127428599,51.2,0.36,1.265625,128,22,False
115,0.9364595435077956,50.800000000000004,0.365,1.1574803149606299,127,22,False
116,0.9384949781363747,50.800000000000004,0.365,1.125984251968504,127,22,False
117,0.9447904197212404,50.800000000000004,0.365,1.1023622047244095,127,22,False
118,0.9441256140544452,50.800000000000004,0.365,1.2440944881889764,127,22,False
119,0.9482331141839879,50.800000000000004,0.365,1.2677165354330708,127,22,False
120,0.9492182641418714,50.400000000000006,0.37,1.2380952380952381,126,22,False
121,0.9462362463958975,50.400000000000006,0.37,1.2936507936507937,126,22,False
122,0.9492126243502121,50.400000000000006,0.37,1.2380952380952381,126,22,False
123,0.9489008663832316,50.400000000000006,0.37,1.3650793650793651,126,22,False
124,0.9500414155692162,50.0,0.375,1.264,125,22,False
125,0.9514324379273535,50.0,0.375,1.24,125,22,False
126,0.9542733001026381,50.0,0.375,1.28,125,22,False
127,0.9550230928019624,50.0,0.375,1.24,125,22,False
128,0.9530117075716578,50.0,0.375,1.232,125,22,False
129,0.9544491627265378,50.0,0.375,1.296,125,22,False
130,0.9531275359222812,50.0,0.375,1.232,125,22,False
131,0.9495607530050241,50.0,0.375,1.256,125,22,False
132,0.9493172094465042,49.6,0.38,1.0887096774193548,124,22,False
133,0.9425046067682947,49.6,0.38,1.0241935483870968,124,22,False
134,0.944350975102029,49.6,0.38,1.0161290322580645,124,22,False
135,0.9454299348587581,49.6,0.38,1.0403225806451613,124,22,False
136,0.9445213549153089,49.6,0.38,1.032258064516129,124,22,False
137,0.9459710225396881,49.6,0.38,1.0806451612903225,124,22,False
138,0.9423211969663305,49.6,0.38,1.1612903225806452,124,22,False
139,0.9350364059307463,49.2,0.385,1.0,123,22,False
140,0.9321329312588684,49.2,0.385,0.943089430894309,123,22,False
141,0.9307407134084292,48.800000000000004,0.39,0.8032786885245902,122,22,False
142,0.9306820650299205,48.800000000000004,0.39,0.860655737704918,122,22,False
143,0.9290230896152596,48.800000000000004,0.39,0.9426229508196722,122,22,False
144,0.9325599285362282,48.800000000000004,0.39,0.9344262295081968,122,22,False
145,0.9341551301747348,48.800000000000004,0.39,1.0245901639344261,122,22,False
146,0.93968696670589,48.800000000000004,0.39,0.9262295081967213,122,22,False
147,0.9410374745106849,48.800000000000004,0.39,1.040983606557377,122,22,False
148,0.9437834797065976,48.800000000000004,0.39,0.9754098360655737,122,22,False
149,0.9378262882373688,48.400000000000006,0.395,0.8264462809917356,121,22,False
150,0.9338509257722593,48.400000000000006,0.395,0.8099173553719008,121,22,False
151,0.9300748125401384,48.400000000000006,0.395,0.9008264462809917,121,22,False
152,0.932797498831853,48.400000000000006,0.395,0.9586776859504132,121,22,False
153,0.9217714682912652,48.400000000000006,0.395,0.9421487603305785,121,22,False
154,0.9176720169539574,48.400000000000006,0.395,1.0495867768595042,121,22,False
155,0.9192896521813118,48.400000000000006,0.395,1.0661157024793388,121,22,False
156,0.9144343798067415,48.400000000000006,0.395,0.9669421487603306,121,22,False
157,0.9184472417155308,48.0,0.4,0.9166666666666666,120,22,False
158,0.9248574824671705,48.0,0.4,1.0,120,22,False
159,0.9298157023149018,48.0,0.4,0.9416666666666667,120,22,False
160,0.9308501075297339,48.0,0.4,0.9416666666666667,120,22,False
161,0.9253509399985891,48.0,0.4,0.9166666666666666,120,22,False
162,0.9308470529534663,48.0,0.4,0.95,120,22,False
163,0.932338447225944,48.0,0.4,0.8916666666666667,120,22,False
164,0.9356779545945135,48.0,0.4,0.825,120,22,False
165,0.9367453664904305,48.0,0.4,0.8,120,22,False
166,0.9322969816277491,48.0,0.4,0.7833333333333333,120,22,False
167,0.9304329870172368,48.0,0.4,0.825,120,22,False
168,0.9292468260494835,48.0,0.4,0.775,120,22,False
169,0.9209819115183632,48.0,0.4,0.8083333333333333,120,22,False
170,0.9137387753192623,48.0,0.4,0.7666666666666667,120,22,False
171,0.9232110906347087,48.0,0.4,0.7583333333333333,120,22,False
172,0.9277505739042956,48.0,0.4,0.8,120,22,False
173,0.9261383305113826,48.0,0.4,0.8416666666666667,120,22,False
174,0.9261450650480825,48.0,0.4,0.8416666666666667,120,22,False
175,0.9307072772058018,48.0,0.4,0.875,120,22,False
176,0.9275936187186306,48.0,0.4,0.825,120,22,False
177,0.9332018899748594,48.0,0.4,0.8333333333333334,120,22,False
178,0.9383784814171067,48.0,0.4,0.8166666666666667,120,22,False
179,0.934283007257345,48.0,0.4,0.7583333333333333,120,22,False
180,0.9357099694009336,48.0,0.4,0.7583333333333333,120,22,False
181,0.9269791087475254,48.0,0.4,0.725,120,22,False
182,0.924228439996903,48.0,0.4,0.7916666666666666,120,22,False
183,0.9370365101205175,48.0,0.4,0.7666666666666667,120,22,False
184,0.9342200743490935,48.0,0.4,0.75,120,22,False
185,0.9314444111667204,47.6,0.405,0.6134453781512605,119,22,False
186,0.9234461181040817,47.6,0.405,0.7058823529411765,119,22,False
187,0.9263674786126949,47.6,0.405,0.7226890756302521,119,22,False
188,0.9269335538560457,47.6,0.405,0.6554621848739496,119,22,False
189,0.9300354334735312,47.6,0.405,0.6470588235294118,119,22,False
190,0.9227256873237345,47.6,0.405,0.6722689075630253,119,22,False
191,0.9216200636730784,47.6,0.405,0.6470588235294118,119,22,False
192,0.9289484673752264,47.6,0.405,0.7058823529411765,119,22,False
193,0.9297609028011344,47.6,0.405,0.7226890756302521,119,22,False
194,0.9249086526762712,47.6,0.405,0.7142857142857143,119,22,False
195,0.9139848692062128,47.6,0.405,0.7563025210084033,119,22,False
196,0.91187924050591,47.6,0.405,0.7310924369747899,119,22,False
197,0.91058929910841,47.6,0.405,0.7899159663865546,119,22,False
198,0.9106622715063148,47.6,0.405,0.8487394957983193,119,22,False
199,0.9070013874560561,47.6,0.405,0.8403361344537815,119,22,False
200,0.897056123124267,47.6,0.405,0.7899159663865546,119,22,False
0,0.7200160391431027,80.0,0.0,0.0,200,23,False
1,0.8031589804304409,80.0,0.0,0.47,200,23,False
2,0.8588211489371976,80.0,0.0,0.67,200,23,False
3,0.9130733006341968,80.0,0.0,0.955,200,23,False
4,0.9453553654323156,80.0,0.0,1.205,200,23,False
5,0.9641741473464395,80.0,0.0,1.435,200,23,False
6,0.9818942024026747,80.0,0.0,1.705,200,23,False
7,0.9892486892617397,80.0,0.0,1.945,200,23,False
8,0.9951729946833682,80.0,0.0,2.23,200,23,False
9,0.9969751366775041,80.0,0.0,2.535,200,23,False
10,0.9941952707503944,80.0,0.0,2.69,200,23,False
11,0.9924365349440536,80.0,0.0,2.905,200,23,False
12,0.9928877510539836,80.0,0.0,3.205,200,23,False
13,0.9939819747642394,80.0,0.0,3.415,200,23,False
14,0.9958659438910806,80.0,0.0,3.605,200,23,False
15,0.9970512583995227,80.0,0.0,3.905,200,23,False
16,0.994048684516177,73.60000000000001,0.08,2.9565217391304346,184,23,False
17,0.9933935798908053,73.2,0.085,2.907103825136612,183,23,False
18,0.9906441559355688,72.8,0.09,2.9395604395604398,182,23,False
19,0.9906667078642423,72.8,0.09,2.9945054945054945,182,23,False
20,0.991464670636627,72.4,0.095,3.016574585635359,181,23,False
21,0.9916830246782734,72.4,0.095,3.1049723756906076,181,23,False
22,0.99291214899566,71.60000000000001,0.105,3.016759776536313,179,23,False
23,0.9929847880232682,71.60000000000001,0.105,3.122905027932961,179,23,False
24,0.9928994110207326,70.8,0.115,3.073446327683616,177,23,False
25,0.992119610433176,70.4,0.12,3.1420454545454546,176,23,False
26,0.9911229010067888,69.2,0.135,3.0173410404624277,173,23,False
27,0.9917860515652741,68.8,0.14,3.0232558139534884,172,23,False
28,0.989984446322489,68.0,0.15,2.9941176470588236,170,23,False
29,0.9892340603051826,67.2,0.16,2.9166666666666665,168,23,False
30,0.9872810631354103,66.8,0.165,2.9161676646706587,167,23,False
31,0.9898568257557095,66.8,0.165,2.910179640718563,167,23,False
32,0.9894195606183961,66.4,0.17,2.8493975903614457,166,23,False
33,0.9884545944288987,66.0,0.175,2.787878787878788,165,23,False
34,0.9899947363747019,65.2,0.185,2.5950920245398774,163,23,False
35,0.9867966097252248,64.8,0.19,2.6296296296296298,162,23,False
36,0.9870082674655936,64.8,0.19,2.574074074074074,162,23,False
37,0.9854348625200045,64.4,0.195,2.559006211180124,161,23,False
38,0.9860536876805376,64.0,0.2,2.55,160,23,False
39,0.9879289918974093,64.0,0.2,2.55,160,23,False
40,0.9886616051684834,64.0,0.2,2.575,160,23,False
41,0.9872150095737722,63.6,0.205,2.5283018867924527,159,23,False
42,0.9876389462776761,63.2,0.21,2.3544303797468356,158,23,False
43,0.9883563343223838,63.2,0.21,2.5063291139240507,158,23,False
44,0.9843975488941353,62.400000000000006,0.22,2.3205128205128207,156,23,False
45,0.9838484675489706,61.6,0.23,2.155844155844156,154,23,False
46,0.98644642796756,61.6,0.23,2.116883116883117,154,23,False
47,0.9862696479532488,61.2,0.235,2.1241830065359477,153,23,False
48,0.9827260400546715,60.800000000000004,0.24,1.986842105263158,152,23,False
49,0.9842018961929555,60.400000000000006,0.245,1.8741721854304636,151,23,False
50,0.9804731712642918,60.400000000000006,0.245,1.9205298013245033,151,23,False
51,0.9801667226811466,60.400000000000006,0.245,1.9602649006622517,151,23,False
52,0.9822392550227921,60.0,0.25,1.9866666666666666,150,23,False
53,0.9813927434616821,59.6,0.255,1.9530201342281879,149,23,False
54,0.9836599222464117,59.6,0.255,1.8993288590604027,149,23,False
55,0.9854712624746769,59.6,0.255,1.8993288590604027,149,23,False
56,0.9835353616918507,59.6,0.255,1.8657718120805369,149,23,False
57,0.9850542484192591,59.6,0.255,1.9463087248322148,149,23,False
58,0.9844049890537179,59.2,0.26,1.8445945945945945,148,23,False
59,0.984447996061956,59.2,0.26,1.8108108108108107,148,23,False
60,0.9844480976091656,59.2,0.26,1.8445945945945945,148,23,False
61,0.984448097573951,59.2,0.26,1.7364864864864864,148,23,False
62,0.9854323243940735,58.800000000000004,0.265,1.7006802721088434,147,23,False
63,0.9854323243866983,58.800000000000004,0.265,1.7346938775510203,147,23,False
64,0.9831337662835808,58.800000000000004,0.265,1.7142857142857142,147,23,False
65,0.9846584825755367,58.800000000000004,0.265,1.6938775510204083,147,23,False
66,0.9853490789904725,58.800000000000004,0.265,1.7346938775510203,147,23,False
67,0.9853904921836649,58.800000000000004,0.265,1.748299319727891,147,23,False
68,0.986396037829313,58.400000000000006,0.27,1.643835616438356,146,23,False
69,0.9873395954650878,58.0,0.275,1.5862068965517242,145,23,False
70,0.9873395954854227,58.0,0.275,1.6137931034482758,145,23,False
71,0.9860132971832696,57.6,0.28,1.6388888888888888,144,23,False
72,0.9860132971832696,57.6,0.28,1.5972222222222223,144,23,False
73,0.9836519501948261,57.6,0.28,1.6180555555555556,144,23,False
74,0.9822776673783665,57.6,0.28,1.6180555555555556,144,23,False
75,0.9810862892565754,57.2,0.285,1.5174825174825175,143,23,False
76,0.9726689787593619,57.2,0.285,1.5174825174825175,143,23,False
77,0.9722442743278259,57.2,0.285,1.5244755244755244,143,23,False
78,0.9738063435963882,56.800000000000004,0.29,1.4647887323943662,142,23,False
79,0.9739710760931202,56.800000000000004,0.29,1.4647887323943662,142,23,False
80,0.973509906435758,56.400000000000006,0.295,1.3546099290780143,141,23,False
81,0.970747532526412,56.400000000000006,0.295,1.3546099290780143,141,23,False
82,0.9709139932289002,56.400000000000006,0.295,1.4539007092198581,141,23,False
83,0.9759248017276341,56.400000000000006,0.295,1.553191489361702,141,23,False
84,0.9792235605063724,56.400000000000006,0.295,1.624113475177305,141,23,False
85,0.9801955364592152,56.400000000000006,0.295,1.7375886524822695,141,23,False
86,0.9808109706016733,56.0,0.3,1.65,140,23,False
87,0.9788815105283541,55.6,0.305,1.474820143884892,139,23,False
88,0.9750210672365178,55.6,0.305,1.5035971223021583,139,23,False
89,0.9751441470343584,55.6,0.305,1.525179856115108,139,23,False
90,0.9759855620295904,55.6,0.305,1.5323741007194245,139,23,False
91,0.9781595187632685,55.6,0.305,1.6474820143884892,139,23,False
92,0.9762359201104341,55.2,0.31,1.5869565217391304,138,23,False
93,0.9763018729735261,55.2,0.31,1.5434782608695652,138,23,False
94,0.9782624001998684,55.2,0.31,1.5942028985507246,138,23,False
95,0.9766215968023543,54.800000000000004,0.315,1.4452554744525548,137,23,False
96,0.9751249322278815,54.400000000000006,0.32,1.3235294117647058,136,23,False
97,0.9753453681872322,54.400000000000006,0.32,1.2279411764705883,136,23,False
98,0.9753639181011416,54.400000000000006,0.32,1.286764705882353,136,23,False
99,0.9753669995274048,54.400000000000006,0.32,1.3088235294117647,136,23,False
100,0.9753670170479164,54.400000000000006,0.32,1.3676470588235294,136,23,False
101,0.9753670168311389,54.400000000000006,0.32,1.2941176470588236,136,23,False
102,0.9753670228155498,54.400000000000006,0.32,1.2352941176470589,136,23,False
103,0.9753670228082153,54.400000000000006,0.32,1.2205882352941178,136,23,False
104,0.9753670232287339,54.400000000000006,0.32,1.2352941176470589,136,23,False
105,0.9731102112388714,54.400000000000006,0.32,1.2279411764705883,136,23,False
106,0.972492059897233,54.0,0.325,1.1185185185185185,135,23,False
107,0.9731504777860432,54.0,0.325,1.1037037037037036,135,23,False
108,0.9731504096983289,54.0,0.325,1.162962962962963,135,23,False
109,0.9731088704121256,54.0,0.325,1.1407407407407408,135,23,False
110,0.9745310433782517,53.6,0.33,1.0298507462686568,134,23,False
111,0.9699622615478476,52.800000000000004,0.34,0.8712121212121212,132,23,False
112,0.9701271858291691,52.800000000000004,0.34,0.8939393939393939,132,23,False
113,0.9677501146556298,52.400000000000006,0.345,0.8778625954198473,131,23,False
114,0.9677498290708098,52.400000000000006,0.345,0.8702290076335878,131,23,False
115,0.967750330834816,52.400000000000006,0.345,0.9389312977099237,131,23,False
116,0.9677510833072533,52.400000000000006,0.345,0.916030534351145,131,23,False
117,0.9677510834106319,52.400000000000006,0.345,0.8625954198473282,131,23,False
118,0.967751083446869,52.400000000000006,0.345,0.9389312977099237,131,23,False
119,0.9651930548528068,52.0,0.35,0.8615384615384616,130,23,False
120,0.9651930548528068,52.0,0.35,0.8769230769230769,130,23,False
121,0.9651930548528068,52.0,0.35,0.9153846153846154,130,23,False
122,0.9651930548528068,52.0,0.35,0.8615384615384616,130,23,False
123,0.9651930548528068,52.0,0.35,0.8846153846153846,130,23,False
124,0.962489810553101,51.6,0.355,0.8217054263565892,129,23,False
125,0.962489810553101,51.6,0.355,0.8294573643410853,129,23,False
126,0.962489810553101,51.6,0.355,0.8217054263565892,129,23,False
127,0.962489810553101,51.6,0.355,0.8217054263565892,129,23,False
128,0.9596345332990055,51.2,0.36,0.7421875,128,23,False
129,0.9596345332990055,51.2,0.36,0.6796875,128,23,False
130,0.9596345332990055,51.2,0.36,0.6640625,128,23,False
131,0.9596345332990055,51.2,0.36,0.6875,128,23,False
132,0.9596345332990055,51.2,0.36,0.640625,128,23,False
133,0.9596345332990055,51.2,0.36,0.671875,128,23,False
134,0.9596345332990055,51.2,0.36,0.6640625,128,23,False
135,0.9596345332990055,51.2,0.36,0.6328125,128,23,False
136,0.9596345332990055,51.2,0.36,0.6484375,128,23,False
137,0.9596345332990055,51.2,0.36,0.671875,128,23,False
138,0.9596345332990055,51.2,0.36,0.640625,128,23,False
139,0.9596345332990055,51.2,0.36,0.59375,128,23,False
140,0.9596345332990055,51.2,0.36,0.6015625,128,23,False
141,0.9566200030543277,50.800000000000004,0.365,0.4881889763779528,127,23,False
142,0.9566200030543277,50.800000000000004,0.365,0.5826771653543307,127,23,False
143,0.9566200030543277,50.800000000000004,0.365,0.6062992125984252,127,23,False
144,0.9566200030543277,50.800000000000004,0.365,0.6062992125984252,127,23,False
145,0.9566200030543277,50.800000000000004,0.365,0.6377952755905512,127,23,False
146,0.9566200030543277,50.800000000000004,0.365,0.6299212598425197,127,23,False
147,0.9566200030543277,50.800000000000004,0.365,0.6377952755905512,127,23,False
148,0.9566200030543277,50.800000000000004,0.365,0.6535433070866141,127,23,False
149,0.9566200030543277,50.800000000000004,0.365,0.6456692913385826,127,23,False
150,0.9566200030543277,50.800000000000004,0.365,0.7559055118110236,127,23,False
151,0.9566200030543277,50.800000000000004,0.365,0.7086614173228346,127,23,False
152,0.9583148474999089,50.400000000000006,0.37,0.5396825396825397,126,23,False
153,0.9583148474999089,50.400000000000006,0.37,0.5,126,23,False
154,0.9583148474999089,50.400000000000006,0.37,0.47619047619047616,126,23,False
155,0.9583148474999089,50.400000000000006,0.37,0.5476190476190477,126,23,False
156,0.9583148474999089,50.400000000000006,0.37,0.5873015873015873,126,23,False
157,0.9583148474999089,50.400000000000006,0.37,0.5793650793650794,126,23,False
158,0.9583148474999089,50.400000000000006,0.37,0.5793650793650794,126,23,False
159,0.9583148474999089,50.400000000000006,0.37,0.5793650793650794,126,23,False
160,0.9583148474999089,50.400000000000006,0.37,0.6349206349206349,126,23,False
161,0.9583148474999089,50.400000000000006,0.37,0.5952380952380952,126,23,False
162,0.9583148474999089,50.400000000000006,0.37,0.6428571428571429,126,23,False
163,0.9583148474999089,50.400000000000006,0.37,0.6666666666666666,126,23,False
164,0.9583148474999089,50.400000000000006,0.37,0.6666666666666666,126,23,False
165,0.9583148474999089,50.400000000000006,0.37,0.6666666666666666,126,23,False
166,0.9583148474999089,50.400000000000006,0.37,0.6587301587301587,126,23,False
167,0.9583148474999089,50.400000000000006,0.37,0.6904761904761905,126,23,False
168,0.9583148474999089,50.400000000000006,0.37,0.6984126984126984,126,23,False
169,0.9583148474999089,50.400000000000006,0.37,0.6587301587301587,126,23,False
170,0.9583148474999089,50.400000000000006,0.37,0.5873015873015873,126,23,False
171,0.9583148474999089,50.400000000000006,0.37,0.6904761904761905,126,23,False
172,0.9583148474999089,50.400000000000006,0.37,0.753968253968254,126,23,False
173,0.9583148474999089,50.400000000000006,0.37,0.7301587301587301,126,23,False
174,0.9583148474999089,50.400000000000006,0.37,0.6825396825396826,126,23,False
175,0.9583148474999089,50.400000000000006,0.37,0.6587301587301587,126,23,False
176,0.9583148474999089,50.400000000000006,0.37,0.6984126984126984,126,23,False
177,0.9583148474999089,50.400000000000006,0.37,0.7222222222222222,126,23,False
178,0.9583148474999089,50.400000000000006,0.37,0.7380952380952381,126,23,False
179,0.9583148474999089,50.400000000000006,0.37,0.6825396825396826,126,23,False
180,0.9583148474999089,50.400000000000006,0.37,0.6904761904761905,126,23,False
181,0.9583148474999089,50.400000000000006,0.37,0.6984126984126984,126,23,False
182,0.9583148474999089,50.400000000000006,0.37,0.7222222222222222,126,23,False
183,0.9583148474999089,50.400000000000006,0.37,0.6825396825396826,126,23,False
184,0.9583148474999089,50.400000000000006,0.37,0.6587301587301587,126,23,False
185,0.9583148474999089,50.400000000000006,0.37,0.6507936507936508,126,23,False
186,0.9583148474999089,50.400000000000006,0.37,0.6031746031746031,126,23,False
187,0.9583148474999089,50.400000000000006,0.37,0.6349206349206349,126,23,False
188,0.9583148474999089,50.400000000000006,0.37,0.6666666666666666,126,23,False
189,0.9583148474999089,50.400000000000006,0.37,0.626984126984127,126,23,False
190,0.9583148474999089,50.400000000000006,0.37,0.5634920634920635,126,23,False
191,0.9583148474999089,50.400000000000006,0.37,0.5793650793650794,126,23,False
192,0.9583148474999089,50.400000000000006,0.37,0.6507936507936508,126,23,False
193,0.9583148474999089,50.400000000000006,0.37,0.6904761904761905,126,23,False
194,0.9583148474999089,50.400000000000006,0.37,0.6428571428571429,126,23,False
195,0.9583148474999089,50.400000000000006,0.37,0.6349206349206349,126,23,False
196,0.9583148474999089,50.400000000000006,0.37,0.6587301587301587,126,23,False
197,0.9583148474999089,50.400000000000006,0.37,0.626984126984127,126,23,False
198,0.9583148474999089,50.400000000000006,0.37,0.6111111111111112,126,23,False
199,0.9583148474999089,50.400000000000006,0.37,0.5634920634920635,126,23,False
200,0.9583148474999089,50.400000000000006,0.37,0.5793650793650794,126,23,False
0,0.7058073303688457,80.0,0.0,0.0,200,24,False
1,0.7648926454878614,80.0,0.0,0.335,200,24,False
2,0.8235202685777356,80.0,0.0,0.575,200,24,False
3,0.8807143961395411,80.0,0.0,0.85,200,24,False
4,0.9210842581696662,80.0,0.0,0.985,200,24,False
5,0.9396526924818184,80.0,0.0,1.215,200,24,False
6,0.9617701149296057,80.0,0.0,1.515,200,24,False
7,0.9717175079776695,80.0,0.0,1.675,200,24,False
8,0.9772605764785184,80.0,0.0,1.92,200,24,False
9,0.9827884646429063,80.0,0.0,2.1,200,24,False
10,0.9909723836459938,80.0,0.0,2.47,200,24,False
11,0.9940865389298124,80.0,0.0,2.715,200,24,False
12,0.9951709789270464,80.0,0.0,2.905,200,24,False
13,0.9925587502761589,80.0,0.0,3.07,200,24,False
14,0.9958113228870641,80.0,0.0,3.295,200,24,False
15,0.9991139318361756,80.0,0.0,3.525,200,24,False
16,0.999592390344238,76.4,0.045,3.0575916230366493,191,24,False
17,0.9995465990391459,75.60000000000001,0.055,3.1904761904761907,189,24,False
18,0.9973288384178223,74.4,0.07,2.9838709677419355,186,24,False
19,0.9966122683069103,74.4,0.07,3.2311827956989245,186,24,False
20,0.9973624161066253,74.4,0.07,3.39247311827957,186,24,False
21,0.9966074639482216,74.4,0.07,3.4301075268817205,186,24,False
22,0.9973912055364409,74.4,0.07,3.5161290322580645,186,24,False
23,0.9987370415404064,74.4,0.07,3.639784946236559,186,24,False
24,0.9987711822976119,73.2,0.085,3.568306010928962,183,24,False
25,0.995974551510119,72.8,0.09,3.6538461538461537,182,24,False
26,0.9974714357653743,72.4,0.095,3.5801104972375692,181,24,False
27,0.996556847747631,70.8,0.115,3.440677966101695,177,24,False
28,0.9963323826355263,70.4,0.12,3.346590909090909,176,24,False
29,0.9969370678972532,70.0,0.125,3.3714285714285714,175,24,False
30,0.998184957732947,69.60000000000001,0.13,3.425287356321839,174,24,False
31,0.9988838028000402,69.60000000000001,0.13,3.545977011494253,174,24,False
32,0.9974193408436612,68.0,0.15,3.4235294117647057,170,24,False
33,0.995559572879109,67.2,0.16,3.369047619047619,168,24,False
34,0.9944338587297399,66.8,0.165,3.437125748502994,167,24,False
35,0.9951427410882322,66.8,0.165,3.4491017964071857,167,24,False
36,0.9941302505927836,66.0,0.175,3.3636363636363638,165,24,False
37,0.9945246988860563,65.60000000000001,0.18,3.3536585365853657,164,24,False
38,0.9942913967521868,64.8,0.19,3.3395061728395063,162,24,False
39,0.9931642807839102,64.8,0.19,3.3580246913580245,162,24,False
40,0.9949053886991059,63.6,0.205,3.1949685534591197,159,24,False
41,0.9923770752702555,62.0,0.225,2.9161290322580644,155,24,False
42,0.9888957047546997,61.6,0.23,2.831168831168831,154,24,False
43,0.9852523223559667,61.2,0.235,2.7712418300653594,153,24,False
44,0.9862536079109615,61.2,0.235,2.823529411764706,153,24,False
45,0.9899287276088768,60.400000000000006,0.245,2.6357615894039736,151,24,False
46,0.9863523660348363,60.0,0.25,2.526666666666667,150,24,False
47,0.989161814338323,60.0,0.25,2.6466666666666665,150,24,False
48,0.9921013462891196,59.6,0.255,2.6308724832214767,149,24,False
49,0.9943846998977728,58.800000000000004,0.265,2.4625850340136055,147,24,False
50,0.9946967377406388,58.800000000000004,0.265,2.442176870748299,147,24,False
51,0.9921045923291913,58.800000000000004,0.265,2.4081632653061225,147,24,False
52,0.9942182949252596,58.800000000000004,0.265,2.442176870748299,147,24,False
53,0.9939381442170735,58.400000000000006,0.27,2.3219178082191783,146,24,False
54,0.9930738451955141,58.0,0.275,2.2551724137931033,145,24,False
55,0.9929009544489396,57.2,0.285,2.0489510489510487,143,24,False
56,0.9891072448702547,56.800000000000004,0.29,1.9295774647887325,142,24,False
57,0.9849474920489372,56.800000000000004,0.29,2.035211267605634,142,24,False
58,0.9871225458983581,56.400000000000006,0.295,2.0141843971631204,141,24,False
59,0.9885527447583804,56.400000000000006,0.295,2.1134751773049647,141,24,False
60,0.9866489855109472,56.400000000000006,0.295,2.0425531914893615,141,24,False
61,0.988255589605214,56.400000000000006,0.295,1.9858156028368794,141,24,False
62,0.9888215568858004,56.400000000000006,0.295,1.9716312056737588,141,24,False
63,0.9888466476777436,56.400000000000006,0.295,1.9929078014184398,141,24,False
64,0.9888466887076988,56.400000000000006,0.295,1.9858156028368794,141,24,False
65,0.9897433186094933,56.0,0.3,1.9071428571428573,140,24,False
66,0.9865100328933151,55.6,0.305,1.7338129496402879,139,24,False
67,0.9860075994303166,55.6,0.305,1.841726618705036,139,24,False
68,0.9889706788743728,55.2,0.31,1.8695652173913044,138,24,False
69,0.9868795986516912,55.2,0.31,1.789855072463768,138,24,False
70,0.9861511769279216,54.800000000000004,0.315,1.7664233576642336,137,24,False
71,0.9886777124871412,54.400000000000006,0.32,1.7205882352941178,136,24,False
72,0.9867522054203788,54.400000000000006,0.32,1.6764705882352942,136,24,False
73,0.9877911855042752,54.400000000000006,0.32,1.7279411764705883,136,24,False
74,0.9876739245939004,54.0,0.325,1.6814814814814816,135,24,False
75,0.9876037725613745,54.0,0.325,1.6296296296296295,135,24,False
76,0.9877908120132369,54.0,0.325,1.6074074074074074,135,24,False
77,0.9877901906198386,54.0,0.325,1.6074074074074074,135,24,False
78,0.9864264396682075,53.6,0.33,1.537313432835821,134,24,False
79,0.9843800119630917,53.6,0.33,1.664179104477612,134,24,False
80,0.9859794514899829,53.6,0.33,1.6417910447761195,134,24,False
81,0.984919983642414,53.2,0.335,1.5714285714285714,133,24,False
82,0.9849336961261932,53.2,0.335,1.5112781954887218,133,24,False
83,0.9833321660356239,52.800000000000004,0.34,1.4166666666666667,132,24,False
84,0.9833321660356333,52.800000000000004,0.34,1.5227272727272727,132,24,False
85,0.9816212156139542,52.400000000000006,0.345,1.4122137404580153,131,24,False
86,0.9797958971132711,52.0,0.35,1.2923076923076924,130,24,False
87,0.9777934153148742,52.0,0.35,1.2692307692307692,130,24,False
88,0.9774838432168136,52.0,0.35,1.2153846153846153,130,24,False
89,0.9799964221291755,52.0,0.35,1.2230769230769232,130,24,False
90,0.9648163597075764,52.0,0.35,1.2153846153846153,130,24,False
91,0.9724650598589594,52.0,0.35,1.2692307692307692,130,24,False
92,0.971230203295625,52.0,0.35,1.2692307692307692,130,24,False
93,0.9760413597655392,52.0,0.35,1.176923076923077,130,24,False
94,0.973128991955501,52.0,0.35,1.2384615384615385,130,24,False
95,0.9759217109365403,52.0,0.35,1.176923076923077,130,24,False
96,0.9751606048410021,52.0,0.35,1.2076923076923076,130,24,False
97,0.977976733639775,52.0,0.35,1.2307692307692308,130,24,False
98,0.9792080291273054,52.0,0.35,1.146153846153846,130,24,False
99,0.9777140126519969,52.0,0.35,1.1923076923076923,130,24,False
100,0.9788994982462484,52.0,0.35,1.123076923076923,130,24,False
101,0.9745630191215477,52.0,0.35,1.1076923076923078,130,24,False
102,0.9684979290845408,52.0,0.35,1.1076923076923078,130,24,False
103,0.9566867523661393,51.6,0.355,1.0232558139534884,129,24,False
104,0.9616246142654817,51.6,0.355,0.9767441860465116,129,24,False
105,0.9620490731414274,51.6,0.355,1.0310077519379846,129,24,False
106,0.9626004248123642,51.6,0.355,1.069767441860465,129,24,False
107,0.9666541274176644,51.6,0.355,1.054263565891473,129,24,False
108,0.9629167572357842,51.6,0.355,1.069767441860465,129,24,False
109,0.9670273570070184,51.6,0.355,1.186046511627907,129,24,False
110,0.9696134766554979,51.6,0.355,1.1705426356589148,129,24,False
111,0.9758228810285934,51.2,0.36,1.0078125,128,24,False
112,0.9729937364284872,51.2,0.36,1.0078125,128,24,False
113,0.9727301510870364,51.2,0.36,0.921875,128,24,False
114,0.971818169489959,50.800000000000004,0.365,0.8740157480314961,127,24,False
115,0.9733701469704908,50.800000000000004,0.365,0.9606299212598425,127,24,False
116,0.9735727016056009,50.800000000000004,0.365,0.905511811023622,127,24,False
117,0.9735796667477442,50.800000000000004,0.365,0.8976377952755905,127,24,False
118,0.9735799106100737,50.800000000000004,0.365,0.937007874015748,127,24,False
119,0.9735799163618467,50.800000000000004,0.365,0.8976377952755905,127,24,False
120,0.9735799200817196,50.800000000000004,0.365,0.8976377952755905,127,24,False
121,0.9735799291817372,50.800000000000004,0.365,0.8267716535433071,127,24,False
122,0.9716171941910448,50.800000000000004,0.365,0.8503937007874016,127,24,False
123,0.9723190849179503,50.800000000000004,0.365,0.905511811023622,127,24,False
124,0.9735447277356091,50.800000000000004,0.365,0.8661417322834646,127,24,False
125,0.9735798074228675,50.800000000000004,0.365,0.8740157480314961,127,24,False
126,0.9735796998750463,50.800000000000004,0.365,0.905511811023622,127,24,False
127,0.9735793426642834,50.800000000000004,0.365,0.8031496062992126,127,24,False
128,0.97161655231224,50.800000000000004,0.365,0.9212598425196851,127,24,False
129,0.9731362724077443,50.800000000000004,0.365,0.889763779527559,127,24,False
130,0.9713554250873909,50.800000000000004,0.365,0.8740157480314961,127,24,False
131,0.9690519446788091,50.400000000000006,0.37,0.8015873015873016,126,24,False
132,0.9654784038190921,50.400000000000006,0.37,0.7857142857142857,126,24,False
133,0.9665017281951674,50.400000000000006,0.37,0.7857142857142857,126,24,False
134,0.9640631013340542,50.400000000000006,0.37,0.8095238095238095,126,24,False
135,0.9647395910448644,50.400000000000006,0.37,0.8174603174603174,126,24,False
136,0.963036523852666,50.400000000000006,0.37,0.873015873015873,126,24,False
137,0.9596342070194169,50.400000000000006,0.37,0.8174603174603174,126,24,False
138,0.960008753167953,50.400000000000006,0.37,0.9047619047619048,126,24,False
139,0.9605337570868534,50.400000000000006,0.37,0.9285714285714286,126,24,False
140,0.9666639122945068,50.400000000000006,0.37,0.9761904761904762,126,24,False
141,0.9602485647668603,49.6,0.38,0.7016129032258065,124,24,False
142,0.9619805306247082,49.6,0.38,0.7338709677419355,124,24,False
143,0.959967706105504,49.6,0.38,0.7419354838709677,124,24,False
144,0.959114710332196,49.6,0.38,0.6209677419354839,124,24,False
145,0.9625975801373556,49.6,0.38,0.7580645161290323,124,24,False
146,0.9626536197878627,49.6,0.38,0.7580645161290323,124,24,False
147,0.9645620220118133,49.6,0.38,0.8225806451612904,124,24,False
148,0.9626122207434097,49.6,0.38,0.8306451612903226,124,24,False
149,0.9640391016026175,49.6,0.38,0.8306451612903226,124,24,False
150,0.9643984652496554,49.6,0.38,0.8225806451612904,124,24,False
151,0.9640255826963645,49.6,0.38,0.7580645161290323,124,24,False
152,0.9642422411591429,49.6,0.38,0.7741935483870968,124,24,False
153,0.9625978671145302,49.6,0.38,0.7096774193548387,124,24,False
154,0.9638639208158039,49.6,0.38,0.7741935483870968,124,24,False
155,0.9642701123660539,49.6,0.38,0.8387096774193549,124,24,False
156,0.9653675251335037,49.6,0.38,0.9032258064516129,124,24,False
157,0.9655848659169384,49.6,0.38,0.8790322580645161,124,24,False
158,0.9655481031672459,49.6,0.38,0.9435483870967742,124,24,False
159,0.9651233829860278,49.6,0.38,0.9435483870967742,124,24,False
160,0.965655649219361,49.6,0.38,0.8629032258064516,124,24,False
161,0.9655209504548562,49.6,0.38,0.8790322580645161,124,24,False
162,0.9635520593776996,49.6,0.38,0.9354838709677419,124,24,False
163,0.9634149758907421,49.6,0.38,0.8951612903225806,124,24,False
164,0.9633762542459353,49.6,0.38,0.8387096774193549,124,24,False
165,0.9648652285636157,49.6,0.38,0.8951612903225806,124,24,False
166,0.9632838930334185,49.6,0.38,0.8951612903225806,124,24,False
167,0.9645486042979864,49.6,0.38,0.8145161290322581,124,24,False
168,0.965710977801717,49.6,0.38,0.7741935483870968,124,24,False
169,0.9640458448342097,49.6,0.38,0.7741935483870968,124,24,False
170,0.9640772444502183,49.6,0.38,0.717741935483871,124,24,False
171,0.9641535743768125,49.6,0.38,0.8064516129032258,124,24,False
172,0.9648790315318393,49.6,0.38,0.7903225806451613,124,24,False
173,0.9648000557557073,49.6,0.38,0.8225806451612904,124,24,False
174,0.9655863722247495,49.6,0.38,0.7741935483870968,124,24,False
175,0.9640299990074495,49.6,0.38,0.782258064516129,124,24,False
176,0.9651489106165061,49.6,0.38,0.8145161290322581,124,24,False
177,0.9646638924644645,49.6,0.38,0.8064516129032258,124,24,False
178,0.9651072757701145,49.6,0.38,0.8064516129032258,124,24,False
179,0.9658834849003239,49.6,0.38,0.7661290322580645,124,24,False
180,0.9638559577377054,49.6,0.38,0.8064516129032258,124,24,False
181,0.9651849156662559,49.6,0.38,0.8064516129032258,124,24,False
182,0.9655757155579769,49.6,0.38,0.8629032258064516,124,24,False
183,0.9601448493940744,49.6,0.38,0.8629032258064516,124,24,False
184,0.9635462473025778,49.6,0.38,0.8951612903225806,124,24,False
185,0.9611631693596562,49.6,0.38,0.8709677419354839,124,24,False
186,0.961749974840137,49.6,0.38,0.8225806451612904,124,24,False
187,0.9626397550922828,49.6,0.38,0.7903225806451613,124,24,False
188,0.9622431401098772,49.6,0.38,0.8387096774193549,124,24,False
189,0.9598748229161616,49.6,0.38,0.8870967741935484,124,24,False
190,0.9628039075112056,49.6,0.38,0.967741935483871,124,24,False
191,0.955646242455629,49.6,0.38,0.8951612903225806,124,24,False
192,0.9539150503613568,49.6,0.38,0.8790322580645161,124,24,False
193,0.9576625388881755,49.6,0.38,0.9354838709677419,124,24,False
194,0.9592545604280559,49.6,0.38,0.8306451612903226,124,24,False
195,0.9610860025126541,49.6,0.38,0.8387096774193549,124,24,False
196,0.9638165937317724,49.6,0.38,0.7741935483870968,124,24,False
197,0.9654053629040178,49.6,0.38,0.8387096774193549,124,24,False
198,0.9636988596504635,49.6,0.38,0.8064516129032258,124,24,False
199,0.9651978877184435,49.6,0.38,0.7983870967741935,124,24,False
200,0.9659077111246137,49.6,0.38,0.8387096774193549,124,24,False
0,0.710811308827368,80.0,0.0,0.0,200,25,False
1,0.7912646574335154,80.0,0.0,0.43,200,25,False
2,0.8561776024671481,80.0,0.0,0.665,200,25,False
3,0.8897866029261826,80.0,0.0,0.96,200,25,False
4,0.9338869349615017,80.0,0.0,1.26,200,25,False
5,0.9571823847550873,80.0,0.0,1.545,200,25,False
6,0.966954729671717,80.0,0.0,1.79,200,25,False
7,0.9791477778037859,80.0,0.0,2.075,200,25,False
8,0.97386476769861,80.0,0.0,2.26,200,25,False
9,0.9805279192184783,80.0,0.0,2.505,200,25,False
10,0.9859974370930585,80.0,0.0,2.845,200,25,False
11,0.9774678993290389,80.0,0.0,3.05,200,25,False
12,0.9816276354187069,80.0,0.0,3.3,200,25,False
13,0.9844675429185693,80.0,0.0,3.575,200,25,False
14,0.9803158504554343,80.0,0.0,3.725,200,25,False
15,0.9847241968773629,80.0,0.0,3.975,200,25,False
16,0.97543644374304,74.8,0.065,3.3101604278074865,187,25,False
17,0.9826324512130294,74.4,0.07,3.4086021505376345,186,25,False
18,0.9848619721480533,72.8,0.09,3.318681318681319,182,25,False
19,0.9904735518093153,72.4,0.095,3.425414364640884,181,25,False
20,0.9862417033299788,71.60000000000001,0.105,3.4078212290502794,179,25,False
21,0.9884764622136802,71.60000000000001,0.105,3.5810055865921786,179,25,False
22,0.988916669015308,70.0,0.125,3.4971428571428573,175,25,False
23,0.987519650750175,70.0,0.125,3.56,175,25,False
24,0.9866704766077973,69.2,0.135,3.485549132947977,173,25,False
25,0.9820702277009962,68.8,0.14,3.5348837209302326,172,25,False
26,0.9811866426509458,67.2,0.16,3.3988095238095237,168,25,False
27,0.9849899837718514,67.2,0.16,3.4345238095238093,168,25,False
28,0.9805153538425254,66.4,0.17,3.2951807228915664,166,25,False
29,0.9815131215034198,65.60000000000001,0.18,3.2621951219512195,164,25,False
30,0.9815765643581581,65.2,0.185,3.196319018404908,163,25,False
31,0.9823934295122788,64.8,0.19,3.302469135802469,162,25,False
32,0.9848752030203937,64.8,0.19,3.376543209876543,162,25,False
33,0.9855290948456843,64.0,0.2,3.325,160,25,False
34,0.9774235884550518,63.6,0.205,3.2641509433962264,159,25,False
35,0.9770389066203327,62.800000000000004,0.215,3.1464968152866244,157,25,False
36,0.9720071186798872,62.400000000000006,0.22,3.08974358974359,156,25,False
37,0.9753358989549658,62.0,0.225,3.0387096774193547,155,25,False
38,0.9760865513563193,62.0,0.225,3.07741935483871,155,25,False
39,0.9790018944656259,62.0,0.225,3.193548387096774,155,25,False
40,0.9773300467428885,62.0,0.225,3.270967741935484,155,25,False
41,0.9794443360362881,61.6,0.23,3.279220779220779,154,25,False
42,0.9762666265246656,60.800000000000004,0.24,3.2302631578947367,152,25,False
43,0.9734216495628867,60.400000000000006,0.245,3.357615894039735,151,25,False
44,0.9678627687853681,57.2,0.285,2.797202797202797,143,25,False
45,0.9658019805433177,57.2,0.285,2.839160839160839,143,25,False
46,0.9651706064850898,56.800000000000004,0.29,2.8098591549295775,142,25,False
47,0.9649127804153628,56.800000000000004,0.29,2.795774647887324,142,25,False
48,0.9674750277112542,56.400000000000006,0.295,2.801418439716312,141,25,False
49,0.9698079705178821,56.0,0.3,2.692857142857143,140,25,False
50,0.9678197461259259,56.0,0.3,2.757142857142857,140,25,False
51,0.9678204781394147,56.0,0.3,2.857142857142857,140,25,False
52,0.9672550354354709,55.6,0.305,2.7338129496402876,139,25,False
53,0.967743524194768,55.6,0.305,2.741007194244604,139,25,False
54,0.9656733036600714,55.6,0.305,2.820143884892086,139,25,False
55,0.962326314372031,54.800000000000004,0.315,2.678832116788321,137,25,False
56,0.9597040348173131,54.0,0.325,2.4592592592592593,135,25,False
57,0.9504015969261562,54.0,0.325,2.5037037037037035,135,25,False
58,0.9545013923983012,53.6,0.33,2.4328358208955225,134,25,False
59,0.9406481279539602,52.800000000000004,0.34,2.196969696969697,132,25,False
60,0.9408491409705441,52.400000000000006,0.345,2.16793893129771,131,25,False
61,0.9357731313515587,52.400000000000006,0.345,2.3282442748091605,131,25,False
62,0.9307743835296433,51.6,0.355,2.0930232558139537,129,25,False
63,0.9356128062284653,51.6,0.355,2.116279069767442,129,25,False
64,0.9289848335861793,50.800000000000004,0.365,1.8818897637795275,127,25,False
65,0.9302484230447291,50.800000000000004,0.365,1.9291338582677164,127,25,False
66,0.9306152984287926,50.0,0.375,1.72,125,25,False
67,0.9280981157767584,50.0,0.375,1.72,125,25,False
68,0.9262385993282493,49.6,0.38,1.5806451612903225,124,25,False
69,0.9257023440745737,49.6,0.38,1.653225806451613,124,25,False
70,0.9230889830141848,49.2,0.385,1.6260162601626016,123,25,False
71,0.9240440565952416,49.2,0.385,1.6747967479674797,123,25,False
72,0.9133939265526347,48.800000000000004,0.39,1.5819672131147542,122,25,False
73,0.9086298315815614,48.800000000000004,0.39,1.5819672131147542,122,25,False
74,0.907120496533703,48.800000000000004,0.39,1.6721311475409837,122,25,False
75,0.9043242873277643,48.400000000000006,0.395,1.537190082644628,121,25,False
76,0.9055791954330281,48.400000000000006,0.395,1.5537190082644627,121,25,False
77,0.9039790143994996,48.400000000000006,0.395,1.5454545454545454,121,25,False
78,0.9023877746150953,48.400000000000006,0.395,1.5454545454545454,121,25,False
79,0.8931105245495556,48.400000000000006,0.395,1.4710743801652892,121,25,False
80,0.8963074963973277,48.0,0.4,1.3333333333333333,120,25,False
81,0.8984591093944773,48.0,0.4,1.2333333333333334,120,25,False
82,0.8855886394924324,48.0,0.4,1.2833333333333334,120,25,False
83,0.9035004785858267,48.0,0.4,1.2916666666666667,120,25,False
84,0.9052639971525712,48.0,0.4,1.3166666666666667,120,25,False
85,0.9118105951801919,48.0,0.4,1.2583333333333333,120,25,False
86,0.9152762587413784,48.0,0.4,1.25,120,25,False
87,0.9157066521166269,48.0,0.4,1.2,120,25,False
88,0.9003593621057896,47.6,0.405,1.1428571428571428,119,25,False
89,0.8985348246053818,47.6,0.405,1.1428571428571428,119,25,False
90,0.9007868165205268,47.6,0.405,1.2436974789915967,119,25,False
91,0.901390728551593,47.6,0.405,1.2016806722689075,119,25,False
92,0.9026313377365802,47.6,0.405,1.184873949579832,119,25,False
93,0.9016439714086981,47.6,0.405,1.1932773109243697,119,25,False
94,0.8987669663269491,47.6,0.405,1.2100840336134453,119,25,False
95,0.901792442968621,47.6,0.405,1.2436974789915967,119,25,False
96,0.9034274296464173,47.6,0.405,1.26890756302521,119,25,False
97,0.9017719870833667,47.6,0.405,1.2773109243697478,119,25,False
98,0.904241181735213,47.6,0.405,1.2773109243697478,119,25,False
99,0.9104137714481896,47.6,0.405,1.2605042016806722,119,25,False
100,0.9039085321905291,47.6,0.405,1.2521008403361344,119,25,False
101,0.8981513962166926,47.6,0.405,1.319327731092437,119,25,False
102,0.892857645138648,46.800000000000004,0.415,1.0341880341880343,117,25,False
103,0.8980107779472758,46.800000000000004,0.415,1.0683760683760684,117,25,False
104,0.8898737670146836,46.800000000000004,0.415,1.0427350427350428,117,25,False
105,0.8791115652426562,46.800000000000004,0.415,0.9658119658119658,117,25,False
106,0.8869170892222232,46.800000000000004,0.415,0.9572649572649573,117,25,False
107,0.8919974809351613,46.800000000000004,0.415,0.9743589743589743,117,25,False
108,0.889558206021172,46.800000000000004,0.415,1.017094017094017,117,25,False
109,0.8897755525289054,46.800000000000004,0.415,0.9914529914529915,117,25,False
110,0.8896052171913545,46.800000000000004,0.415,1.0341880341880343,117,25,False
111,0.8842563550094354,46.800000000000004,0.415,0.9743589743589743,117,25,False
112,0.8906656138424953,46.800000000000004,0.415,0.9316239316239316,117,25,False
113,0.8915108069321537,46.800000000000004,0.415,0.905982905982906,117,25,False
114,0.8915139875354063,46.800000000000004,0.415,0.8717948717948718,117,25,False
115,0.8915139856630516,46.800000000000004,0.415,0.8974358974358975,117,25,False
116,0.8850371776947668,46.400000000000006,0.42,0.8275862068965517,116,25,False
117,0.8850367945859072,46.400000000000006,0.42,0.8879310344827587,116,25,False
118,0.8825217132351825,46.400000000000006,0.42,0.853448275862069,116,25,False
119,0.885849561202994,46.400000000000006,0.42,0.9137931034482759,116,25,False
120,0.8834638085973101,46.400000000000006,0.42,0.896551724137931,116,25,False
121,0.8897715586961399,46.400000000000006,0.42,0.9137931034482759,116,25,False
122,0.8845048501864993,46.400000000000006,0.42,0.9827586206896551,116,25,False
123,0.890893399783223,46.400000000000006,0.42,1.0,116,25,False
124,0.8935649960370975,46.400000000000006,0.42,1.0086206896551724,116,25,False
125,0.8864615297879662,46.400000000000006,0.42,1.0603448275862069,116,25,False
126,0.8899585680804748,46.400000000000006,0.42,1.0172413793103448,116,25,False
127,0.893776879242169,46.400000000000006,0.42,1.0258620689655173,116,25,False
128,0.8765179255716842,46.400000000000006,0.42,1.0258620689655173,116,25,False
129,0.883050144113957,46.400000000000006,0.42,1.0862068965517242,116,25,False
130,0.886636390511162,46.400000000000006,0.42,1.0344827586206897,116,25,False
131,0.8836446561423434,46.400000000000006,0.42,1.0172413793103448,116,25,False
132,0.8771911986392539,46.0,0.425,0.9130434782608695,115,25,False
133,0.8781049767915351,46.0,0.425,0.9043478260869565,115,25,False
134,0.870682263280806,45.6,0.43,0.8157894736842105,114,25,False
135,0.8709419778518257,45.6,0.43,0.9035087719298246,114,25,False
136,0.8710301333888335,45.6,0.43,0.8508771929824561,114,25,False
137,0.8687538505179366,45.6,0.43,0.7982456140350878,114,25,False
138,0.8697228410428995,45.6,0.43,0.8859649122807017,114,25,False
139,0.8690385343738825,45.6,0.43,0.9122807017543859,114,25,False
140,0.8664683919663065,45.6,0.43,0.8859649122807017,114,25,False
141,0.8660182494170992,45.6,0.43,0.868421052631579,114,25,False
142,0.8582354397495817,45.2,0.435,0.7522123893805309,113,25,False
143,0.8571175638012678,45.2,0.435,0.7345132743362832,113,25,False
144,0.8571919673691879,45.2,0.435,0.6814159292035398,113,25,False
145,0.8549407299336879,45.2,0.435,0.6548672566371682,113,25,False
146,0.8544830300125105,45.2,0.435,0.6637168141592921,113,25,False
147,0.8596862369793572,45.2,0.435,0.7256637168141593,113,25,False
148,0.8615131432996758,45.2,0.435,0.7522123893805309,113,25,False
149,0.8603315077612541,45.2,0.435,0.8230088495575221,113,25,False
150,0.8486881718256307,44.800000000000004,0.44,0.6517857142857143,112,25,False
151,0.8491508431109792,44.800000000000004,0.44,0.7053571428571429,112,25,False
152,0.8478685603139663,44.800000000000004,0.44,0.6071428571428571,112,25,False
153,0.8394390305520248,44.400000000000006,0.445,0.4774774774774775,111,25,False
154,0.8433568251103591,44.400000000000006,0.445,0.6036036036036037,111,25,False
155,0.8361290902143598,44.400000000000006,0.445,0.6486486486486487,111,25,False
156,0.8360415671968916,44.400000000000006,0.445,0.6666666666666666,111,25,False
157,0.8402609978922718,44.400000000000006,0.445,0.7747747747747747,111,25,False
158,0.8381693476106414,44.400000000000006,0.445,0.6936936936936937,111,25,False
159,0.8419395716334329,44.400000000000006,0.445,0.7387387387387387,111,25,False
160,0.8428080482102904,44.400000000000006,0.445,0.7297297297297297,111,25,False
161,0.8438558152296679,44.400000000000006,0.445,0.7477477477477478,111,25,False
162,0.842960246910721,44.400000000000006,0.445,0.7747747747747747,111,25,False
163,0.8433177649440707,44.400000000000006,0.445,0.8558558558558559,111,25,False
164,0.8441020114952964,44.400000000000006,0.445,0.7567567567567568,111,25,False
165,0.8460177363276705,44.400000000000006,0.445,0.7567567567567568,111,25,False
166,0.8461668005910277,44.400000000000006,0.445,0.6576576576576577,111,25,False
167,0.8364581829119467,44.0,0.45,0.6,110,25,False
168,0.8365460010023168,44.0,0.45,0.6818181818181818,110,25,False
169,0.837222204729164,44.0,0.45,0.7272727272727273,110,25,False
170,0.8369701234844854,44.0,0.45,0.7181818181818181,110,25,False
171,0.8372267020309834,44.0,0.45,0.6909090909090909,110,25,False
172,0.8374866098270879,44.0,0.45,0.6727272727272727,110,25,False
173,0.8375263157185164,44.0,0.45,0.7363636363636363,110,25,False
174,0.837898102181928,44.0,0.45,0.7363636363636363,110,25,False
175,0.8371626709327151,44.0,0.45,0.8,110,25,False
176,0.8364292279658117,44.0,0.45,0.8454545454545455,110,25,False
177,0.8376946708760528,44.0,0.45,0.8181818181818182,110,25,False
178,0.837781603292887,44.0,0.45,0.8909090909090909,110,25,False
179,0.8368350626182469,44.0,0.45,0.8090909090909091,110,25,False
180,0.8373445751826074,44.0,0.45,0.8090909090909091,110,25,False
181,0.8379183534222218,44.0,0.45,0.8,110,25,False
182,0.828528739947739,43.6,0.455,0.7155963302752294,109,25,False
183,0.8285636325281739,43.6,0.455,0.7064220183486238,109,25,False
184,0.8186972769032689,43.2,0.46,0.5833333333333334,108,25,False
185,0.8180449026935498,43.2,0.46,0.5925925925925926,108,25,False
186,0.8176727965699907,43.2,0.46,0.6574074074074074,108,25,False
187,0.817540634987895,43.2,0.46,0.6851851851851852,108,25,False
188,0.8175601415306532,43.2,0.46,0.7037037037037037,108,25,False
189,0.8187030386367402,43.2,0.46,0.6574074074074074,108,25,False
190,0.8187935208723857,43.2,0.46,0.7314814814814815,108,25,False
191,0.8187975377548363,43.2,0.46,0.8518518518518519,108,25,False
192,0.8187960760000176,43.2,0.46,0.8148148148148148,108,25,False
193,0.8187937474843571,43.2,0.46,0.7870370370370371,108,25,False
194,0.8187932785887818,43.2,0.46,0.8148148148148148,108,25,False
195,0.8067003222108863,42.800000000000004,0.465,0.6915887850467289,107,25,False
196,0.8119474787065952,42.800000000000004,0.465,0.6542056074766355,107,25,False
197,0.8073777654036791,42.800000000000004,0.465,0.6822429906542056,107,25,False
198,0.794815051452791,42.400000000000006,0.47,0.5188679245283019,106,25,False
199,0.7969713043449513,42.400000000000006,0.47,0.5094339622641509,106,25,False
200,0.7962289741519255,42.400000000000006,0.47,0.5377358490566038,106,25,False
0,0.7234524222173874,80.0,0.0,0.0,200,26,False
1,0.8155859722686362,80.0,0.0,0.455,200,26,False
2,0.8944359953661348,80.0,0.0,0.785,200,26,False
3,0.9241347012759796,80.0,0.0,0.995,200,26,False
4,0.9480947145551588,80.0,0.0,1.215,200,26,False
5,0.9717218697330963,80.0,0.0,1.495,200,26,False
6,0.9830183459549329,80.0,0.0,1.745,200,26,False
7,0.9915574758956984,80.0,0.0,1.925,200,26,False
8,0.9925689011066985,80.0,0.0,2.17,200,26,False
9,0.9945516712150148,80.0,0.0,2.305,200,26,False
10,0.9968988360674435,80.0,0.0,2.515,200,26,False
11,0.9944435888170623,80.0,0.0,2.765,200,26,False
12,0.9940442484338065,80.0,0.0,2.9,200,26,False
13,0.9962270794045641,80.0,0.0,3.09,200,26,False
14,0.9971896380382758,80.0,0.0,3.345,200,26,False
15,0.9940310364974093,80.0,0.0,3.57,200,26,False
16,0.9942599410970351,74.4,0.07,2.9193548387096775,186,26,False
17,0.9938305353731712,74.4,0.07,3.032258064516129,186,26,False
18,0.9942684227907161,74.0,0.075,3.0486486486486486,185,26,False
19,0.9936437130424074,74.0,0.075,3.264864864864865,185,26,False
20,0.9945815055017652,73.60000000000001,0.08,3.3043478260869565,184,26,False
21,0.9865325621229217,73.60000000000001,0.08,3.467391304347826,184,26,False
22,0.9910442886367176,72.4,0.095,3.3977900552486187,181,26,False
23,0.9938861625330113,72.0,0.1,3.477777777777778,180,26,False
24,0.9904759308765066,72.0,0.1,3.6277777777777778,180,26,False
25,0.9887121963404866,71.60000000000001,0.105,3.6145251396648046,179,26,False
26,0.9914690409057291,71.2,0.11,3.561797752808989,178,26,False
27,0.9963394176431671,70.4,0.12,3.5681818181818183,176,26,False
28,0.9944710295601472,70.0,0.125,3.5428571428571427,175,26,False
29,0.9945389964863394,70.0,0.125,3.6742857142857144,175,26,False
30,0.9976757008926889,68.8,0.14,3.633720930232558,172,26,False
31,0.9955262480480214,68.8,0.14,3.7093023255813953,172,26,False
32,0.9963676571869531,68.0,0.15,3.7294117647058824,170,26,False
33,0.9954229948413209,67.60000000000001,0.155,3.7041420118343193,169,26,False
34,0.9971941682327912,66.4,0.17,3.6144578313253013,166,26,False
35,0.9962559778474352,66.4,0.17,3.6686746987951806,166,26,False
36,0.9949942618660994,65.2,0.185,3.558282208588957,163,26,False
37,0.9940542447795707,65.2,0.185,3.588957055214724,163,26,False
38,0.9955929072785501,64.4,0.195,3.6459627329192545,161,26,False
39,0.9963226172490959,63.6,0.205,3.4654088050314464,159,26,False
40,0.9955087217476959,63.2,0.21,3.5,158,26,False
41,0.9935364567111776,62.400000000000006,0.22,3.4935897435897436,156,26,False
42,0.9968990103302808,62.0,0.225,3.554838709677419,155,26,False
43,0.9940391201835465,62.0,0.225,3.6838709677419357,155,26,False
44,0.9930770522812865,61.6,0.23,3.5584415584415585,154,26,False
45,0.9924294895409459,60.0,0.25,3.2133333333333334,150,26,False
46,0.995962613973241,60.0,0.25,3.2533333333333334,150,26,False
47,0.9934134639339444,60.0,0.25,3.2866666666666666,150,26,False
48,0.9915487318634636,58.800000000000004,0.265,3.0884353741496597,147,26,False
49,0.9935161792415261,58.800000000000004,0.265,3.197278911564626,147,26,False
50,0.9926163689160927,57.6,0.28,2.9583333333333335,144,26,False
51,0.9922982891304339,56.400000000000006,0.295,2.723404255319149,141,26,False
52,0.9931502488616756,56.0,0.3,2.657142857142857,140,26,False
53,0.9912458649244652,56.0,0.3,2.6785714285714284,140,26,False
54,0.9897782057512642,55.6,0.305,2.5251798561151078,139,26,False
55,0.9935021143536532,55.6,0.305,2.568345323741007,139,26,False
56,0.9902419355778742,55.6,0.305,2.597122302158273,139,26,False
57,0.9915531163937701,55.6,0.305,2.5323741007194243,139,26,False
58,0.9937016659481758,55.2,0.31,2.4565217391304346,138,26,False
59,0.9976761267890746,55.2,0.31,2.463768115942029,138,26,False
60,0.9957513750628482,54.800000000000004,0.315,2.408759124087591,137,26,False
61,0.9964178176960229,54.800000000000004,0.315,2.4671532846715327,137,26,False
62,0.9897601890275238,54.400000000000006,0.32,2.3088235294117645,136,26,False
63,0.994052542157538,54.400000000000006,0.32,2.4411764705882355,136,26,False
64,0.996922340269689,54.0,0.325,2.3851851851851853,135,26,False
65,0.9930818308391017,54.0,0.325,2.325925925925926,135,26,False
66,0.991547258337931,54.0,0.325,2.325925925925926,135,26,False
67,0.9900785909600891,54.0,0.325,2.2666666666666666,135,26,False
68,0.9914004432455357,53.6,0.33,2.1940298507462686,134,26,False
69,0.9959080145024966,53.2,0.335,2.1578947368421053,133,26,False
70,0.9969870332031566,53.2,0.335,2.082706766917293,133,26,False
71,0.9952491998058841,53.2,0.335,2.0977443609022557,133,26,False
72,0.9958648988783876,53.2,0.335,2.18796992481203,133,26,False
73,0.9966279243481863,52.400000000000006,0.345,2.0229007633587788,131,26,False
74,0.998873176423183,52.400000000000006,0.345,2.053435114503817,131,26,False
75,0.9992599237020561,52.400000000000006,0.345,2.0916030534351147,131,26,False
76,0.9992664155761823,52.400000000000006,0.345,2.0839694656488548,131,26,False
77,0.9992712147205606,52.400000000000006,0.345,2.1526717557251906,131,26,False
78,0.9989342951474346,52.0,0.35,2.076923076923077,130,26,False
79,0.9953385965260693,51.6,0.355,1.937984496124031,129,26,False
80,0.9954051482324191,51.2,0.36,1.953125,128,26,False
81,0.9927521816978656,51.2,0.36,2.015625,128,26,False
82,0.9941774058507725,51.2,0.36,1.890625,128,26,False
83,0.9893033873562507,50.800000000000004,0.365,1.8031496062992125,127,26,False
84,0.9836138901119373,50.800000000000004,0.365,1.8188976377952757,127,26,False
85,0.9845941309994197,50.400000000000006,0.37,1.7857142857142858,126,26,False
86,0.9864379944240409,50.400000000000006,0.37,1.8333333333333333,126,26,False
87,0.9806022962415581,50.400000000000006,0.37,1.8571428571428572,126,26,False
88,0.9865775572178097,50.400000000000006,0.37,1.8492063492063493,126,26,False
89,0.9946609686510743,50.0,0.375,1.76,125,26,False
90,0.9930605749625193,50.0,0.375,1.784,125,26,False
91,0.9941518939378381,50.0,0.375,1.784,125,26,False
92,0.9957905018981792,50.0,0.375,1.736,125,26,False
93,0.9923237721096141,50.0,0.375,1.76,125,26,False
94,0.9964725017593002,50.0,0.375,1.64,125,26,False
95,0.9908342529411029,50.0,0.375,1.64,125,26,False
96,0.9916711851144165,50.0,0.375,1.664,125,26,False
97,0.9936586978654528,50.0,0.375,1.8,125,26,False
98,0.9922359054163484,50.0,0.375,1.736,125,26,False
99,0.9931844741369508,50.0,0.375,1.728,125,26,False
100,0.9905907944033643,50.0,0.375,1.744,125,26,False
101,0.9880619651396724,49.6,0.38,1.6451612903225807,124,26,False
102,0.9874872101657658,49.6,0.38,1.653225806451613,124,26,False
103,0.9932784191899856,49.6,0.38,1.6129032258064515,124,26,False
104,0.9929359457443031,49.6,0.38,1.6370967741935485,124,26,False
105,0.995358264689012,49.2,0.385,1.5691056910569106,123,26,False
106,0.9972963587939297,48.800000000000004,0.39,1.5,122,26,False
107,0.9982529871709817,48.800000000000004,0.39,1.459016393442623,122,26,False
108,0.9930673394135217,48.800000000000004,0.39,1.4836065573770492,122,26,False
109,0.9974742930876888,48.800000000000004,0.39,1.5573770491803278,122,26,False
110,0.9993939804210886,48.400000000000006,0.395,1.4545454545454546,121,26,False
111,0.9994535673666832,48.400000000000006,0.395,1.4545454545454546,121,26,False
112,0.9995092477396404,48.400000000000006,0.395,1.43801652892562,121,26,False
113,0.9960968330531125,48.400000000000006,0.395,1.421487603305785,121,26,False
114,0.9964797067625266,48.400000000000006,0.395,1.4710743801652892,121,26,False
115,0.9961175428656942,48.400000000000006,0.395,1.3636363636363635,121,26,False
116,0.9985744062629471,48.400000000000006,0.395,1.396694214876033,121,26,False
117,0.9958659259094074,48.400000000000006,0.395,1.4545454545454546,121,26,False
118,0.9950681238427299,48.400000000000006,0.395,1.3388429752066116,121,26,False
119,0.9977944549678788,48.400000000000006,0.395,1.3305785123966942,121,26,False
120,0.9974329444010049,48.400000000000006,0.395,1.3636363636363635,121,26,False
121,0.9934066755050838,48.400000000000006,0.395,1.3884297520661157,121,26,False
122,0.9946336716375364,48.400000000000006,0.395,1.3636363636363635,121,26,False
123,0.9939748738337655,48.400000000000006,0.395,1.3553719008264462,121,26,False
124,0.9915143128274433,48.400000000000006,0.395,1.2975206611570247,121,26,False
125,0.9937654273572373,48.400000000000006,0.395,1.2396694214876034,121,26,False
126,0.9963423052829292,48.400000000000006,0.395,1.256198347107438,121,26,False
127,0.993880990774825,48.400000000000006,0.395,1.2231404958677685,121,26,False
128,0.9962706008680057,48.400000000000006,0.395,1.2892561983471074,121,26,False
129,0.9987701366530014,48.400000000000006,0.395,1.2148760330578512,121,26,False
130,0.9957841312663194,48.400000000000006,0.395,1.2231404958677685,121,26,False
131,0.9942447134939697,48.400000000000006,0.395,1.28099173553719,121,26,False
132,0.9933653106317607,48.400000000000006,0.395,1.3388429752066116,121,26,False
133,0.9940206351149405,48.0,0.4,1.175,120,26,False
134,0.9943252249900175,48.0,0.4,1.1416666666666666,120,26,False
135,0.9931329753024924,48.0,0.4,1.1916666666666667,120,26,False
136,0.9965615510541399,48.0,0.4,1.1416666666666666,120,26,False
137,0.9923408599758952,48.0,0.4,1.1,120,26,False
138,0.9954633551669808,48.0,0.4,1.0583333333333333,120,26,False
139,0.9937140614050974,48.0,0.4,1.0333333333333334,120,26,False
140,0.9972833913459535,48.0,0.4,1.0583333333333333,120,26,False
141,0.9950548040253778,48.0,0.4,0.9583333333333334,120,26,False
142,0.9950252113857072,48.0,0.4,1.0083333333333333,120,26,False
143,0.9988248711265114,48.0,0.4,1.025,120,26,False
144,0.9993831042831857,48.0,0.4,0.9583333333333334,120,26,False
145,0.999417435168385,48.0,0.4,0.9166666666666666,120,26,False
146,0.9994170785625542,48.0,0.4,0.8666666666666667,120,26,False
147,0.9994302587427345,48.0,0.4,0.8916666666666667,120,26,False
148,0.999444054111396,48.0,0.4,0.8333333333333334,120,26,False
149,0.9994440834375564,48.0,0.4,0.95,120,26,False
150,0.9994441816633342,48.0,0.4,1.025,120,26,False
151,0.9994441703667836,48.0,0.4,1.075,120,26,False
152,0.9994441703672139,48.0,0.4,1.2083333333333333,120,26,False
153,0.999444170367482,48.0,0.4,1.2666666666666666,120,26,False
154,0.999444170367482,48.0,0.4,1.2416666666666667,120,26,False
155,0.9994442433839534,48.0,0.4,1.2833333333333334,120,26,False
156,0.9959020508568457,48.0,0.4,1.2166666666666666,120,26,False
157,0.9983402923152966,48.0,0.4,1.225,120,26,False
158,0.9964741760273923,48.0,0.4,1.1416666666666666,120,26,False
159,0.9931379997502378,48.0,0.4,1.1666666666666667,120,26,False
160,0.9948710799398991,48.0,0.4,1.2166666666666666,120,26,False
161,0.9941876410027214,48.0,0.4,1.0916666666666666,120,26,False
162,0.9937333498788083,48.0,0.4,1.0833333333333333,120,26,False
163,0.9974376768609835,48.0,0.4,1.1916666666666667,120,26,False
164,0.9994289369490519,48.0,0.4,1.1916666666666667,120,26,False
165,0.9994405014034888,48.0,0.4,1.1583333333333334,120,26,False
166,0.999116852846622,47.6,0.405,1.0336134453781514,119,26,False
167,0.9932317931044241,47.6,0.405,1.0672268907563025,119,26,False
168,0.9973333070849908,47.6,0.405,1.1680672268907564,119,26,False
169,0.9878867800163079,47.6,0.405,1.218487394957983,119,26,False
170,0.9855449416356212,47.6,0.405,1.2521008403361344,119,26,False
171,0.9811495073648638,47.6,0.405,1.3109243697478992,119,26,False
172,0.9814966317167252,47.6,0.405,1.2436974789915967,119,26,False
173,0.9876467128762465,47.2,0.41,1.152542372881356,118,26,False
174,0.9898684332086563,47.2,0.41,1.2118644067796611,118,26,False
175,0.9912021770546475,47.2,0.41,1.271186440677966,118,26,False
176,0.9961232833566617,47.2,0.41,1.194915254237288,118,26,False
177,0.9936878999556518,47.2,0.41,1.1779661016949152,118,26,False
178,0.9968118304850306,47.2,0.41,1.1864406779661016,118,26,False
179,0.9918249427941421,47.2,0.41,1.305084745762712,118,26,False
180,0.9936533770793081,47.2,0.41,1.2627118644067796,118,26,False
181,0.9947285833116837,47.2,0.41,1.2203389830508475,118,26,False
182,0.9922760575911332,46.800000000000004,0.415,1.1794871794871795,117,26,False
183,0.9958718954511515,46.800000000000004,0.415,1.2307692307692308,117,26,False
184,0.9937521554076842,46.800000000000004,0.415,1.2564102564102564,117,26,False
185,0.994919120783199,46.800000000000004,0.415,1.2222222222222223,117,26,False
186,0.997208459739256,46.800000000000004,0.415,1.264957264957265,117,26,False
187,0.9981189416868734,46.800000000000004,0.415,1.1794871794871795,117,26,False
188,0.9981199860807943,46.800000000000004,0.415,1.1282051282051282,117,26,False
189,0.9982007112046651,46.800000000000004,0.415,1.1025641025641026,117,26,False
190,0.9947169902456786,46.800000000000004,0.415,1.0683760683760684,117,26,False
191,0.9952765190046993,46.800000000000004,0.415,1.0512820512820513,117,26,False
192,0.9980967448116632,46.800000000000004,0.415,1.0683760683760684,117,26,False
193,0.9946163473612191,46.800000000000004,0.415,1.0769230769230769,117,26,False
194,0.9912741726048011,46.800000000000004,0.415,0.9743589743589743,117,26,False
195,0.9905860288190907,46.800000000000004,0.415,0.9743589743589743,117,26,False
196,0.977977169651782,46.800000000000004,0.415,0.9658119658119658,117,26,False
197,0.9889550762472066,46.800000000000004,0.415,0.9829059829059829,117,26,False
198,0.9896200908173649,46.800000000000004,0.415,1.0341880341880343,117,26,False
199,0.9886260306120558,46.800000000000004,0.415,0.9658119658119658,117,26,False
200,0.9936766842003625,46.800000000000004,0.415,0.8888888888888888,117,26,False
0,0.7245669210362696,80.0,0.0,0.0,200,27,False
1,0.822496741012791,80.0,0.0,0.475,200,27,False
2,0.8904505258063911,80.0,0.0,0.745,200,27,False
3,0.9347993048936841,80.0,0.0,1.135,200,27,False
4,0.9631769762707391,80.0,0.0,1.38,200,27,False
5,0.9744823590828422,80.0,0.0,1.58,200,27,False
6,0.9858943875420524,80.0,0.0,1.87,200,27,False
7,0.9897249289684175,80.0,0.0,2.155,200,27,False
8,0.9931367082292402,80.0,0.0,2.39,200,27,False
9,0.9908863177792165,80.0,0.0,2.585,200,27,False
10,0.9930904559935955,80.0,0.0,2.805,200,27,False
11,0.9968044728721995,80.0,0.0,3.075,200,27,False
12,0.9982601551486473,80.0,0.0,3.345,200,27,False
13,0.9970837261485297,80.0,0.0,3.575,200,27,False
14,0.9987600515199788,80.0,0.0,3.8,200,27,False
15,0.9959822186066669,80.0,0.0,4.045,200,27,False
16,0.9960108831406513,74.8,0.065,3.5294117647058822,187,27,False
17,0.99444269626457,74.8,0.065,3.6844919786096257,187,27,False
18,0.9976951955338227,73.60000000000001,0.08,3.619565217391304,184,27,False
19,0.9971291582800793,73.2,0.085,3.6830601092896176,183,27,False
20,0.9967174678452588,72.4,0.095,3.6298342541436464,181,27,False
21,0.9966342025502561,72.0,0.1,3.7111111111111112,180,27,False
22,0.9968018719247942,71.2,0.11,3.764044943820225,178,27,False
23,0.9964609379232898,71.2,0.11,3.893258426966292,178,27,False
24,0.9992619022350171,69.60000000000001,0.13,3.764367816091954,174,27,False
25,0.9998392700640659,69.2,0.135,3.838150289017341,173,27,False
26,0.9995724203197631,68.4,0.145,3.8128654970760234,171,27,False
27,0.9995724266302422,68.4,0.145,3.8128654970760234,171,27,False
28,0.9995622444392256,67.60000000000001,0.155,3.8224852071005917,169,27,False
29,0.9966138022126099,66.8,0.165,3.7784431137724552,167,27,False
30,0.9921999493596912,66.8,0.165,3.940119760479042,167,27,False
31,0.994725598024205,66.4,0.17,3.8674698795180724,166,27,False
32,0.9943643203662528,65.2,0.185,3.7116564417177913,163,27,False
33,0.9919837016300819,64.8,0.19,3.685185185185185,162,27,False
34,0.9925882630180974,64.8,0.19,3.685185185185185,162,27,False
35,0.993244266256601,64.8,0.19,3.746913580246914,162,27,False
36,0.9963056259569246,63.6,0.205,3.641509433962264,159,27,False
37,0.993345453290058,63.2,0.21,3.5759493670886076,158,27,False
38,0.9942317743806633,62.0,0.225,3.3225806451612905,155,27,False
39,0.994270315043036,61.6,0.23,3.188311688311688,154,27,False
40,0.9977391467037806,61.2,0.235,3.1633986928104574,153,27,False
41,0.999634636513288,60.800000000000004,0.24,3.0328947368421053,152,27,False
42,0.9996514020100733,60.800000000000004,0.24,3.0789473684210527,152,27,False
43,0.9994515724855444,60.400000000000006,0.245,3.0860927152317883,151,27,False
44,0.9994516001825654,60.400000000000006,0.245,3.1324503311258276,151,27,False
45,0.9965883858828642,59.6,0.255,2.838926174496644,149,27,False
46,0.9982899975046748,59.2,0.26,2.8513513513513513,148,27,False
47,0.9987712595708017,58.800000000000004,0.265,2.741496598639456,147,27,False
48,0.9988654539670162,58.800000000000004,0.265,2.7755102040816326,147,27,False
49,0.9988655696836971,58.800000000000004,0.265,2.870748299319728,147,27,False
50,0.9962817384589312,58.400000000000006,0.27,2.8835616438356166,146,27,False
51,0.9946826207525238,58.0,0.275,2.8551724137931034,145,27,False
52,0.9965477202390423,56.800000000000004,0.29,2.647887323943662,142,27,False
53,0.997150388708346,56.400000000000006,0.295,2.5673758865248226,141,27,False
54,0.9959488791352059,56.0,0.3,2.4785714285714286,140,27,False
55,0.9921860390951873,55.2,0.31,2.3115942028985508,138,27,False
56,0.9958036151529105,55.2,0.31,2.4130434782608696,138,27,False
57,0.9926419885791314,54.800000000000004,0.315,2.343065693430657,137,27,False
58,0.9955313665874802,54.400000000000006,0.32,2.3529411764705883,136,27,False
59,0.9979278459927784,54.400000000000006,0.32,2.448529411764706,136,27,False
60,0.99492870704528,54.0,0.325,2.4444444444444446,135,27,False
61,0.9950965251713734,54.0,0.325,2.437037037037037,135,27,False
62,0.9956043845406155,53.6,0.33,2.373134328358209,134,27,False
63,0.9947516557921251,53.2,0.335,2.263157894736842,133,27,False
64,0.9972781166961026,53.2,0.335,2.308270676691729,133,27,False
65,0.9985096202594206,53.2,0.335,2.43609022556391,133,27,False
66,0.9950376938994097,52.800000000000004,0.34,2.5,132,27,False
67,0.997134803194502,52.800000000000004,0.34,2.4393939393939394,132,27,False
68,0.9981034485031842,52.800000000000004,0.34,2.477272727272727,132,27,False
69,0.9981616027872213,52.800000000000004,0.34,2.5303030303030303,132,27,False
70,0.9919050058455275,52.0,0.35,2.3076923076923075,130,27,False
71,0.9946367501320101,52.0,0.35,2.2846153846153845,130,27,False
72,0.9941771840663848,51.6,0.355,2.147286821705426,129,27,False
73,0.9961612566224656,51.6,0.355,2.116279069767442,129,27,False
74,0.9905042401620267,51.6,0.355,2.1705426356589146,129,27,False
75,0.9870062898213505,51.6,0.355,2.1550387596899223,129,27,False
76,0.99094144544512,51.2,0.36,2.046875,128,27,False
77,0.9957150189785154,51.2,0.36,2.09375,128,27,False
78,0.9938819977478404,51.2,0.36,2.1796875,128,27,False
79,0.9941261862740225,51.2,0.36,2.125,128,27,False
80,0.9944351592997936,50.0,0.375,1.728,125,27,False
81,0.9971486517779156,50.0,0.375,1.76,125,27,False
82,0.9983554828793934,50.0,0.375,1.752,125,27,False
83,0.9945115181164291,50.0,0.375,1.672,125,27,False
84,0.9951898697717181,50.0,0.375,1.568,125,27,False
85,0.993093188179237,50.0,0.375,1.592,125,27,False
86,0.9947567126563772,50.0,0.375,1.656,125,27,False
87,0.9939800477145201,50.0,0.375,1.664,125,27,False
88,0.9946319080624635,50.0,0.375,1.68,125,27,False
89,0.9968922468197673,50.0,0.375,1.616,125,27,False
90,0.9940393983121627,50.0,0.375,1.552,125,27,False
91,0.995133973253371,50.0,0.375,1.576,125,27,False
92,0.9940729495966112,50.0,0.375,1.656,125,27,False
93,0.9950525628325156,50.0,0.375,1.712,125,27,False
94,0.9941035636578948,50.0,0.375,1.776,125,27,False
95,0.9962386052661376,50.0,0.375,1.824,125,27,False
96,0.9939264840330225,50.0,0.375,1.848,125,27,False
97,0.993541193522863,50.0,0.375,1.84,125,27,False
98,0.9970147525633083,50.0,0.375,1.736,125,27,False
99,0.9941421276609002,50.0,0.375,1.736,125,27,False
100,0.9908270679446259,50.0,0.375,1.728,125,27,False
101,0.9891655432637677,50.0,0.375,1.72,125,27,False
102,0.9946823598750616,49.6,0.38,1.5806451612903225,124,27,False
103,0.9972801163535134,49.6,0.38,1.6048387096774193,124,27,False
104,0.9943964611680687,49.6,0.38,1.564516129032258,124,27,False
105,0.9970819639606738,49.2,0.385,1.4715447154471544,123,27,False
106,0.9992363473990579,48.800000000000004,0.39,1.4344262295081966,122,27,False
107,0.9955137477533713,48.800000000000004,0.39,1.4754098360655739,122,27,False
108,0.9981810603173514,48.800000000000004,0.39,1.3770491803278688,122,27,False
109,0.9951535479964487,48.800000000000004,0.39,1.3934426229508197,122,27,False
110,0.9975582112048726,48.800000000000004,0.39,1.3770491803278688,122,27,False
111,0.9950549703166073,48.800000000000004,0.39,1.2295081967213115,122,27,False
112,0.9973739697094449,48.400000000000006,0.395,1.0413223140495869,121,27,False
113,0.9953096422329882,48.400000000000006,0.395,1.1239669421487604,121,27,False
114,0.9970761596807322,48.400000000000006,0.395,1.1322314049586777,121,27,False
115,0.9929021815893687,48.400000000000006,0.395,1.1239669421487604,121,27,False
116,0.9904607060822567,48.400000000000006,0.395,1.1487603305785123,121,27,False
117,0.9927357993851407,48.400000000000006,0.395,1.1818181818181819,121,27,False
118,0.9957978038732955,48.400000000000006,0.395,1.1900826446280992,121,27,False
119,0.9921602954357793,48.400000000000006,0.395,1.1983471074380165,121,27,False
120,0.9966043682491348,48.400000000000006,0.395,1.2231404958677685,121,27,False
121,0.9950029084791333,48.400000000000006,0.395,1.2396694214876034,121,27,False
122,0.9915108246651712,48.400000000000006,0.395,1.2727272727272727,121,27,False
123,0.9961917630721411,48.0,0.4,1.2333333333333334,120,27,False
124,0.9979113604997433,48.0,0.4,1.275,120,27,False
125,0.9982358106709444,48.0,0.4,1.2583333333333333,120,27,False
126,0.9952899956601746,48.0,0.4,1.3,120,27,False
127,0.9957860826262135,48.0,0.4,1.3333333333333333,120,27,False
128,0.9953117140242075,48.0,0.4,1.3,120,27,False
129,0.9957645591965152,48.0,0.4,1.2916666666666667,120,27,False
130,0.9929646755866338,48.0,0.4,1.1916666666666667,120,27,False
131,0.9895859925433591,47.6,0.405,1.084033613445378,119,27,False
132,0.9970151067945022,47.6,0.405,1.1428571428571428,119,27,False
133,0.9917832373942574,47.6,0.405,1.1260504201680672,119,27,False
134,0.992021998962571,47.6,0.405,1.1932773109243697,119,27,False
135,0.9949091409445536,47.6,0.405,1.134453781512605,119,27,False
136,0.9982712009877334,47.6,0.405,1.1512605042016806,119,27,False
137,0.9986660417225545,47.6,0.405,0.9915966386554622,119,27,False
138,0.9943701502431004,47.6,0.405,1.0252100840336134,119,27,False
139,0.9975241468475687,47.6,0.405,1.0588235294117647,119,27,False
140,0.9990008694071401,47.6,0.405,1.0672268907563025,119,27,False
141,0.995082186318043,47.6,0.405,1.0924369747899159,119,27,False
142,0.9978696315907816,47.6,0.405,1.0924369747899159,119,27,False
143,0.9968868322311658,47.6,0.405,1.1260504201680672,119,27,False
144,0.9981510107105434,47.2,0.41,0.9661016949152542,118,27,False
145,0.9944086066800127,47.2,0.41,1.0169491525423728,118,27,False
146,0.9944210256739073,47.2,0.41,1.0423728813559323,118,27,False
147,0.9945593420418376,47.2,0.41,1.0593220338983051,118,27,False
148,0.9974058735068618,47.2,0.41,1.0,118,27,False
149,0.9986163817069769,47.2,0.41,1.0508474576271187,118,27,False
150,0.9986962481293247,47.2,0.41,1.0677966101694916,118,27,False
151,0.9987021504646282,47.2,0.41,1.0677966101694916,118,27,False
152,0.9987064297296051,47.2,0.41,1.0423728813559323,118,27,False
153,0.9946231001268439,47.2,0.41,1.0847457627118644,118,27,False
154,0.9938350123943429,46.800000000000004,0.415,1.017094017094017,117,27,False
155,0.9961686214142027,46.800000000000004,0.415,1.0769230769230769,117,27,False
156,0.9934008954836728,46.800000000000004,0.415,1.0512820512820513,117,27,False
157,0.9954817302009973,46.800000000000004,0.415,1.0427350427350428,117,27,False
158,0.993347734465569,46.800000000000004,0.415,1.0512820512820513,117,27,False
159,0.9916261023034001,46.800000000000004,0.415,1.1111111111111112,117,27,False
160,0.9921127813831903,46.800000000000004,0.415,1.0598290598290598,117,27,False
161,0.995197062376743,46.800000000000004,0.415,1.0854700854700854,117,27,False
162,0.992586971281846,46.800000000000004,0.415,1.0341880341880343,117,27,False
163,0.9953351024657521,46.800000000000004,0.415,1.0854700854700854,117,27,False
164,0.9933217401139552,46.800000000000004,0.415,1.1196581196581197,117,27,False
165,0.9954938528707854,46.800000000000004,0.415,1.1111111111111112,117,27,False
166,0.9876712517807651,46.800000000000004,0.415,1.017094017094017,117,27,False
167,0.985856549494156,46.800000000000004,0.415,1.0512820512820513,117,27,False
168,0.9833533551295132,46.800000000000004,0.415,1.0854700854700854,117,27,False
169,0.9876381937690901,46.800000000000004,0.415,0.9914529914529915,117,27,False
170,0.9945595293823218,46.800000000000004,0.415,0.9829059829059829,117,27,False
171,0.990162287133898,46.800000000000004,0.415,0.9914529914529915,117,27,False
172,0.9951625636412293,46.400000000000006,0.42,0.9827586206896551,116,27,False
173,0.9935138896225761,46.400000000000006,0.42,0.9568965517241379,116,27,False
174,0.9945380966064942,46.400000000000006,0.42,1.0603448275862069,116,27,False
175,0.9969888218332942,46.400000000000006,0.42,1.0689655172413792,116,27,False
176,0.9939659283625036,46.400000000000006,0.42,1.0172413793103448,116,27,False
177,0.9950607268128647,46.400000000000006,0.42,1.043103448275862,116,27,False
178,0.9978628124155743,46.400000000000006,0.42,1.0689655172413792,116,27,False
179,0.9986313516618777,46.400000000000006,0.42,1.0775862068965518,116,27,False
180,0.9981424388388859,46.0,0.425,0.9217391304347826,115,27,False
181,0.9981441098697688,46.0,0.425,0.8695652173913043,115,27,False
182,0.9981456852112267,46.0,0.425,0.8434782608695652,115,27,False
183,0.9938943759993868,46.0,0.425,0.9391304347826087,115,27,False
184,0.9936814577692289,46.0,0.425,1.0260869565217392,115,27,False
185,0.9939169703522845,46.0,0.425,1.0347826086956522,115,27,False
186,0.995771298600175,46.0,0.425,1.1130434782608696,115,27,False
187,0.997015290560579,46.0,0.425,1.0869565217391304,115,27,False
188,0.9980418420360256,46.0,0.425,1.1043478260869566,115,27,False
189,0.9913250631363321,46.0,0.425,1.1652173913043478,115,27,False
190,0.9903942393851302,46.0,0.425,1.182608695652174,115,27,False
191,0.9916233449508199,45.6,0.43,1.043859649122807,114,27,False
192,0.9944924809818084,45.6,0.43,1.043859649122807,114,27,False
193,0.9924493241608927,45.6,0.43,1.105263157894737,114,27,False
194,0.9840473727155217,44.800000000000004,0.44,0.875,112,27,False
195,0.9741439899356862,44.800000000000004,0.44,0.8035714285714286,112,27,False
196,0.9749786860600864,44.800000000000004,0.44,0.8928571428571429,112,27,False
197,0.9757337883719185,44.800000000000004,0.44,0.8571428571428571,112,27,False
198,0.9912214450598505,44.800000000000004,0.44,0.8839285714285714,112,27,False
199,0.9906204450335421,44.800000000000004,0.44,1.0357142857142858,112,27,False
200,0.992248034728936,44.800000000000004,0.44,0.8928571428571429,112,27,False
0,0.722511209698645,80.0,0.0,0.0,200,28,False
1,0.8006020490622812,80.0,0.0,0.425,200,28,False
2,0.8805100342342698,80.0,0.0,0.805,200,28,False
3,0.9198907581549185,80.0,0.0,1.035,200,28,False
4,0.9381890359853834,80.0,0.0,1.15,200,28,False
5,0.9629780802271934,80.0,0.0,1.43,200,28,False
6,0.9693312521926887,80.0,0.0,1.49,200,28,False
7,0.9805779583527949,80.0,0.0,1.7,200,28,False
8,0.9785540806895291,80.0,0.0,1.905,200,28,False
9,0.9847418305784378,80.0,0.0,2.145,200,28,False
10,0.9897502053063999,80.0,0.0,2.315,200,28,False
11,0.9873522387676655,80.0,0.0,2.525,200,28,False
12,0.9909232497168639,80.0,0.0,2.75,200,28,False
13,0.9907500167043573,80.0,0.0,2.96,200,28,False
14,0.9915927975845656,80.0,0.0,3.065,200,28,False
15,0.9921598021472392,80.0,0.0,3.175,200,28,False
16,0.9961831790776076,75.60000000000001,0.055,2.693121693121693,189,28,False
17,0.9987195059212731,75.60000000000001,0.055,2.888888888888889,189,28,False
18,0.9972139631889526,74.8,0.065,2.8877005347593583,187,28,False
19,0.9974487268970481,74.8,0.065,2.9732620320855614,187,28,False
20,0.993539413887514,74.0,0.075,2.908108108108108,185,28,False
21,0.9956693074873799,74.0,0.075,3.016216216216216,185,28,False
22,0.9968610434292954,73.60000000000001,0.08,3.1467391304347827,184,28,False
23,0.9978856190305677,73.60000000000001,0.08,3.3206521739130435,184,28,False
24,0.9994365355281741,72.8,0.09,3.2967032967032965,182,28,False
25,0.9997517913038918,72.8,0.09,3.340659340659341,182,28,False
26,0.9997583704477135,72.8,0.09,3.3846153846153846,182,28,False
27,0.9973575275229466,72.4,0.095,3.3977900552486187,181,28,False
28,0.9975162194079107,70.8,0.115,3.1920903954802258,177,28,False
29,0.9974707997518424,70.8,0.115,3.2429378531073447,177,28,False
30,0.998492096157173,70.4,0.12,3.3068181818181817,176,28,False
31,0.9985286438365977,69.60000000000001,0.13,3.3275862068965516,174,28,False
32,0.9934113829729573,69.60000000000001,0.13,3.2701149425287355,174,28,False
33,0.9943991179432395,68.8,0.14,3.302325581395349,172,28,False
34,0.9963353784145105,67.60000000000001,0.155,3.171597633136095,169,28,False
35,0.99863528135446,67.2,0.16,3.130952380952381,168,28,False
36,0.9968581447053614,67.2,0.16,3.136904761904762,168,28,False
37,0.9983931682345447,65.60000000000001,0.18,2.8841463414634148,164,28,False
38,0.9997246836912417,64.8,0.19,2.765432098765432,162,28,False
39,0.9999215888677959,64.8,0.19,2.7839506172839505,162,28,False
40,0.9970768240936393,64.0,0.2,2.6125,160,28,False
41,0.9990476201827619,64.0,0.2,2.68125,160,28,False
42,0.9999251765287359,63.6,0.205,2.69811320754717,159,28,False
43,0.999975542746756,63.6,0.205,2.79874213836478,159,28,False
44,0.9971853951831088,62.800000000000004,0.215,2.7579617834394905,157,28,False
45,0.9991297836869536,62.800000000000004,0.215,2.745222929936306,157,28,False
46,0.9998734353615936,62.400000000000006,0.22,2.717948717948718,156,28,False
47,0.9999177085236471,62.400000000000006,0.22,2.6538461538461537,156,28,False
48,0.9967108333395877,61.2,0.235,2.392156862745098,153,28,False
49,0.9986192432603982,61.2,0.235,2.4705882352941178,153,28,False
50,0.9991763884107997,60.800000000000004,0.24,2.388157894736842,152,28,False
51,0.9949116899611419,60.800000000000004,0.24,2.2960526315789473,152,28,False
52,0.994848345927862,60.800000000000004,0.24,2.276315789473684,152,28,False
53,0.9975476767174107,60.800000000000004,0.24,2.3092105263157894,152,28,False
54,0.9960190172372191,60.400000000000006,0.245,2.205298013245033,151,28,False
55,0.9967865910919089,60.400000000000006,0.245,2.225165562913907,151,28,False
56,0.9941881017856011,60.400000000000006,0.245,2.119205298013245,151,28,False
57,0.995991218821661,60.0,0.25,2.0533333333333332,150,28,False
58,0.987708024679719,60.0,0.25,2.04,150,28,False
59,0.9893962864959317,59.6,0.255,1.9530201342281879,149,28,False
60,0.9914628106097864,59.6,0.255,1.9865771812080537,149,28,False
61,0.9961969755163536,59.6,0.255,1.8791946308724832,149,28,False
62,0.9928334172436599,59.6,0.255,1.8993288590604027,149,28,False
63,0.994788231839137,59.6,0.255,1.9798657718120805,149,28,False
64,0.9978681776306274,59.6,0.255,2.0134228187919465,149,28,False
65,0.9950016562161085,59.2,0.26,2.02027027027027,148,28,False
66,0.9961876928633144,59.2,0.26,2.02027027027027,148,28,False
67,0.9921087929131017,58.400000000000006,0.27,1.773972602739726,146,28,False
68,0.9951216242481608,58.0,0.275,1.6896551724137931,145,28,False
69,0.9942216867176998,57.6,0.28,1.5138888888888888,144,28,False
70,0.9973835020514679,57.6,0.28,1.5833333333333333,144,28,False
71,0.9969579763937596,57.2,0.285,1.5594405594405594,143,28,False
72,0.997347596088607,56.800000000000004,0.29,1.5070422535211268,142,28,False
73,0.9940724452888352,56.400000000000006,0.295,1.4539007092198581,141,28,False
74,0.9958001989100878,56.400000000000006,0.295,1.3475177304964538,141,28,False
75,0.9930191086485978,56.400000000000006,0.295,1.3900709219858156,141,28,False
76,0.9938836399167876,56.400000000000006,0.295,1.3687943262411348,141,28,False
77,0.9968277872766181,56.400000000000006,0.295,1.4113475177304964,141,28,False
78,0.9941188208438015,56.400000000000006,0.295,1.4042553191489362,141,28,False
79,0.9947423531239354,56.400000000000006,0.295,1.3687943262411348,141,28,False
80,0.9925458653414938,56.400000000000006,0.295,1.3333333333333333,141,28,False
81,0.9948788457631592,56.400000000000006,0.295,1.425531914893617,141,28,False
82,0.9921195523382744,56.400000000000006,0.295,1.4042553191489362,141,28,False
83,0.9919693669983851,56.400000000000006,0.295,1.4680851063829787,141,28,False
84,0.9930109398679026,56.400000000000006,0.295,1.4893617021276595,141,28,False
85,0.9948576314576918,56.400000000000006,0.295,1.4326241134751774,141,28,False
86,0.9957590218597001,56.0,0.3,1.4285714285714286,140,28,False
87,0.995579473762327,55.6,0.305,1.3669064748201438,139,28,False
88,0.9912497741820425,55.6,0.305,1.4172661870503598,139,28,False
89,0.9872807701945463,55.6,0.305,1.3453237410071943,139,28,False
90,0.9877870120168878,55.6,0.305,1.3453237410071943,139,28,False
91,0.9932782280245056,55.6,0.305,1.3237410071942446,139,28,False
92,0.9951112865024652,55.6,0.305,1.3021582733812949,139,28,False
93,0.9928105970836599,55.6,0.305,1.3237410071942446,139,28,False
94,0.9931918671826766,55.2,0.31,1.3043478260869565,138,28,False
95,0.993274533344219,55.2,0.31,1.2028985507246377,138,28,False
96,0.993274834347849,55.2,0.31,1.2536231884057971,138,28,False
97,0.9932779162578395,55.2,0.31,1.2463768115942029,138,28,False
98,0.991804047017446,55.2,0.31,1.2826086956521738,138,28,False
99,0.9935361830482248,55.2,0.31,1.3043478260869565,138,28,False
100,0.9908170732220313,55.2,0.31,1.289855072463768,138,28,False
101,0.9930239155008864,55.2,0.31,1.2608695652173914,138,28,False
102,0.9910601790388266,55.2,0.31,1.2536231884057971,138,28,False
103,0.9891575570478855,55.2,0.31,1.2971014492753623,138,28,False
104,0.9878500757043417,55.2,0.31,1.326086956521739,138,28,False
105,0.9836504497273392,55.2,0.31,1.289855072463768,138,28,False
106,0.9886010240173264,54.800000000000004,0.315,1.2554744525547445,137,28,False
107,0.9917415168499989,54.400000000000006,0.32,1.1029411764705883,136,28,False
108,0.9916558149107696,54.400000000000006,0.32,1.1029411764705883,136,28,False
109,0.9930631036898364,54.400000000000006,0.32,1.036764705882353,136,28,False
110,0.9941119982757983,54.400000000000006,0.32,0.9705882352941176,136,28,False
111,0.9954357572678673,54.400000000000006,0.32,1.036764705882353,136,28,False
112,0.9923845956813513,54.400000000000006,0.32,1.1029411764705883,136,28,False
113,0.9950129514261264,54.400000000000006,0.32,1.0441176470588236,136,28,False
114,0.9919216300775956,54.400000000000006,0.32,1.0073529411764706,136,28,False
115,0.9924439466269473,54.400000000000006,0.32,1.0147058823529411,136,28,False
116,0.9942532859973107,54.400000000000006,0.32,1.0073529411764706,136,28,False
117,0.9946771263284436,54.400000000000006,0.32,1.0294117647058822,136,28,False
118,0.9903015239811797,54.400000000000006,0.32,1.1176470588235294,136,28,False
119,0.9921205241166582,54.400000000000006,0.32,1.0808823529411764,136,28,False
120,0.9951652346568088,54.400000000000006,0.32,1.1102941176470589,136,28,False
121,0.9919752250358123,54.400000000000006,0.32,1.1838235294117647,136,28,False
122,0.9907950920715103,54.400000000000006,0.32,1.2794117647058822,136,28,False
123,0.9900624811651235,54.400000000000006,0.32,1.3676470588235294,136,28,False
124,0.9909283408818237,54.0,0.325,1.237037037037037,135,28,False
125,0.9904724044757885,54.0,0.325,1.2518518518518518,135,28,False
126,0.9906647987009861,54.0,0.325,1.2,135,28,False
127,0.987913746602254,54.0,0.325,1.1555555555555554,135,28,False
128,0.9887045760979345,54.0,0.325,1.162962962962963,135,28,False
129,0.986168754334463,54.0,0.325,1.1185185185185185,135,28,False
130,0.9886027085275454,54.0,0.325,1.0444444444444445,135,28,False
131,0.9887555820304874,54.0,0.325,1.0518518518518518,135,28,False
132,0.9897828450108478,54.0,0.325,1.0222222222222221,135,28,False
133,0.9904692955497898,54.0,0.325,1.037037037037037,135,28,False
134,0.9931951539366486,54.0,0.325,1.0740740740740742,135,28,False
135,0.9946426093957147,54.0,0.325,1.1111111111111112,135,28,False
136,0.9941821358914621,53.6,0.33,0.9029850746268657,134,28,False
137,0.9940336421761562,53.6,0.33,0.8731343283582089,134,28,False
138,0.994204650050215,53.6,0.33,0.9029850746268657,134,28,False
139,0.9886230835013272,53.6,0.33,0.8283582089552238,134,28,False
140,0.987929173921644,53.6,0.33,0.8656716417910447,134,28,False
141,0.9927167328044595,53.6,0.33,0.9552238805970149,134,28,False
142,0.9935542572398346,53.6,0.33,0.9253731343283582,134,28,False
143,0.9939990822429522,53.6,0.33,0.9552238805970149,134,28,False
144,0.9944140718536919,53.6,0.33,0.9328358208955224,134,28,False
145,0.9944974836672886,53.6,0.33,1.007462686567164,134,28,False
146,0.9917179795322324,53.6,0.33,0.9701492537313433,134,28,False
147,0.9908885980469329,53.6,0.33,0.9402985074626866,134,28,False
148,0.9912048207768949,53.6,0.33,1.0,134,28,False
149,0.9905596727530475,53.6,0.33,1.037313432835821,134,28,False
150,0.9922455397734842,53.6,0.33,1.0895522388059702,134,28,False
151,0.9920972106068885,53.2,0.335,0.9624060150375939,133,28,False
152,0.9930933383183211,53.2,0.335,0.9323308270676691,133,28,False
153,0.9922080530611794,53.2,0.335,0.9022556390977443,133,28,False
154,0.9930050459756726,53.2,0.335,0.924812030075188,133,28,False
155,0.9948193938267383,53.2,0.335,0.8796992481203008,133,28,False
156,0.9952034690678218,53.2,0.335,0.849624060150376,133,28,False
157,0.9951953991771294,53.2,0.335,0.9398496240601504,133,28,False
158,0.9906814800860501,53.2,0.335,0.924812030075188,133,28,False
159,0.9912714168688177,53.2,0.335,0.9624060150375939,133,28,False
160,0.9917851424588096,53.2,0.335,0.9699248120300752,133,28,False
161,0.9944265021679662,53.2,0.335,0.9398496240601504,133,28,False
162,0.9942513769458866,53.2,0.335,1.0150375939849625,133,28,False
163,0.995177203748614,53.2,0.335,1.0601503759398496,133,28,False
164,0.9952114945564465,53.2,0.335,1.0751879699248121,133,28,False
165,0.9952115371599752,53.2,0.335,1.0902255639097744,133,28,False
166,0.9952114825759306,53.2,0.335,1.1203007518796992,133,28,False
167,0.9952115007705089,53.2,0.335,1.0827067669172932,133,28,False
168,0.9952115553544665,53.2,0.335,1.0676691729323309,133,28,False
169,0.9952115553546534,53.2,0.335,1.1353383458646618,133,28,False
170,0.995211555354807,53.2,0.335,1.1804511278195489,133,28,False
171,0.9923497242065208,53.2,0.335,1.1654135338345866,133,28,False
172,0.9943044608348571,53.2,0.335,1.2706766917293233,133,28,False
173,0.99511654283367,53.2,0.335,1.255639097744361,133,28,False
174,0.9952110440601833,53.2,0.335,1.2481203007518797,133,28,False
175,0.9929428546549977,52.800000000000004,0.34,1.0454545454545454,132,28,False
176,0.9935463486537084,52.800000000000004,0.34,1.0303030303030303,132,28,False
177,0.992950910918289,52.800000000000004,0.34,1.0151515151515151,132,28,False
178,0.9894422887935643,52.800000000000004,0.34,1.0227272727272727,132,28,False
179,0.9910333282532726,52.800000000000004,0.34,1.0378787878787878,132,28,False
180,0.9899120559939332,52.0,0.35,0.7692307692307693,130,28,False
181,0.9926796647196288,52.0,0.35,0.7384615384615385,130,28,False
182,0.9940951487376286,52.0,0.35,0.8538461538461538,130,28,False
183,0.9941835246779297,52.0,0.35,0.8692307692307693,130,28,False
184,0.9941835250627985,52.0,0.35,0.7923076923076923,130,28,False
185,0.9913034590857559,52.0,0.35,0.8615384615384616,130,28,False
186,0.9932662073012813,52.0,0.35,0.8153846153846154,130,28,False
187,0.990266101201104,52.0,0.35,0.8153846153846154,130,28,False
188,0.9902946886403453,52.0,0.35,0.8307692307692308,130,28,False
189,0.9896967959963487,52.0,0.35,0.8846153846153846,130,28,False
190,0.9904648018703999,52.0,0.35,0.9307692307692308,130,28,False
191,0.9904865851494703,52.0,0.35,1.0076923076923077,130,28,False
192,0.9869272930695298,52.0,0.35,1.023076923076923,130,28,False
193,0.9868499315863065,52.0,0.35,1.0538461538461539,130,28,False
194,0.980189833773322,52.0,0.35,1.0,130,28,False
195,0.9840151041718614,52.0,0.35,1.0,130,28,False
196,0.9836933289980888,52.0,0.35,1.0615384615384615,130,28,False
197,0.9867786946953953,52.0,0.35,1.0307692307692307,130,28,False
198,0.9866829461287875,52.0,0.35,1.0,130,28,False
199,0.9872472837549611,52.0,0.35,1.1153846153846154,130,28,False
200,0.9886401722895796,52.0,0.35,1.0923076923076922,130,28,False
0,0.7162195112273562,80.0,0.0,0.0,200,29,False
1,0.7960350405547267,80.0,0.0,0.45,200,29,False
2,0.849873823368237,80.0,0.0,0.725,200,29,False
3,0.8931402325177304,80.0,0.0,0.985,200,29,False
4,0.9220718814933395,80.0,0.0,1.215,200,29,False
5,0.945277675721518,80.0,0.0,1.47,200,29,False
6,0.9628189468430227,80.0,0.0,1.72,200,29,False
7,0.9741212307130102,80.0,0.0,1.96,200,29,False
8,0.987507995116954,80.0,0.0,2.195,200,29,False
9,0.9916420885451465,80.0,0.0,2.415,200,29,False
10,0.9914995531796581,80.0,0.0,2.565,200,29,False
11,0.9934607268933543,80.0,0.0,2.87,200,29,False
12,0.9953929634305062,80.0,0.0,2.955,200,29,False
13,0.9972623623459016,80.0,0.0,3.04,200,29,False
14,0.9954384263292101,80.0,0.0,3.3,200,29,False
15,0.993277092258228,80.0,0.0,3.42,200,29,False
16,0.9940568723221522,75.2,0.06,2.75,188,29,False
17,0.9974254850966455,75.2,0.06,2.9148936170212765,188,29,False
18,0.9976916738614634,73.2,0.085,2.7158469945355193,183,29,False
19,0.9983342649170707,73.2,0.085,2.879781420765027,183,29,False
20,0.9989964572916873,72.8,0.09,2.8736263736263736,182,29,False
21,0.9989622143138827,72.8,0.09,3.0164835164835164,182,29,False
22,0.99872719390621,72.4,0.095,3.0386740331491713,181,29,False
23,0.9964642529659541,72.4,0.095,3.110497237569061,181,29,False
24,0.9980264050853181,72.4,0.095,3.1933701657458564,181,29,False
25,0.9987225838612743,72.4,0.095,3.314917127071823,181,29,False
26,0.9966790349549196,72.0,0.1,3.2333333333333334,180,29,False
27,0.9970308307303588,72.0,0.1,3.4277777777777776,180,29,False
28,0.9956278247471789,71.60000000000001,0.105,3.346368715083799,179,29,False
29,0.9984955365252548,71.60000000000001,0.105,3.357541899441341,179,29,False
30,0.9993781923629268,70.4,0.12,3.3806818181818183,176,29,False
31,0.9991995792239953,70.0,0.125,3.3142857142857145,175,29,False
32,0.9994049878722197,69.60000000000001,0.13,3.281609195402299,174,29,False
33,0.9991808573714419,69.2,0.135,3.300578034682081,173,29,False
34,0.9997230398698757,68.0,0.15,3.0764705882352943,170,29,False
35,0.9971893923516265,68.0,0.15,3.135294117647059,170,29,False
36,0.9985757700179074,67.2,0.16,3.0595238095238093,168,29,False
37,0.9979343126450464,67.2,0.16,3.119047619047619,168,29,False
38,0.9981681533842203,66.4,0.17,2.963855421686747,166,29,False
39,0.999330461246333,65.60000000000001,0.18,2.951219512195122,164,29,False
40,0.9970006792894407,64.0,0.2,2.69375,160,29,False
41,0.9974299201098484,64.0,0.2,2.8,160,29,False
42,0.9967407378827905,64.0,0.2,2.85625,160,29,False
43,0.9983807524799783,64.0,0.2,2.76875,160,29,False
44,0.9983328542109302,63.6,0.205,2.7169811320754715,159,29,False
45,0.9990814404253417,63.2,0.21,2.7531645569620253,158,29,False
46,0.9998126774898936,62.0,0.225,2.574193548387097,155,29,False
47,0.9998126774898936,62.0,0.225,2.6774193548387095,155,29,False
48,0.999812677564414,62.0,0.225,2.670967741935484,155,29,False
49,0.999812677564414,62.0,0.225,2.6774193548387095,155,29,False
50,0.996830542057341,60.800000000000004,0.24,2.3157894736842106,152,29,False
51,0.9927600829036689,60.800000000000004,0.24,2.2302631578947367,152,29,False
52,0.9927601917157867,60.0,0.25,2.026666666666667,150,29,False
53,0.9953435689411858,60.0,0.25,1.94,150,29,False
54,0.9980138120410523,60.0,0.25,1.9533333333333334,150,29,False
55,0.9972061329644976,60.0,0.25,1.9666666666666666,150,29,False
56,0.9982078946775907,60.0,0.25,1.9733333333333334,150,29,False
57,0.998191250320847,60.0,0.25,1.9333333333333333,150,29,False
58,0.9984271661258562,60.0,0.25,1.9133333333333333,150,29,False
59,0.9991986923250857,60.0,0.25,1.92,150,29,False
60,0.9991996794896253,60.0,0.25,1.9,150,29,False
61,0.9988958362634905,59.6,0.255,1.8523489932885906,149,29,False
62,0.9988958363905126,59.6,0.255,1.9060402684563758,149,29,False
63,0.9988958365175336,59.6,0.255,1.8456375838926173,149,29,False
64,0.9988958365175336,59.6,0.255,1.9261744966442953,149,29,False
65,0.999177894357496,59.2,0.26,1.75,148,29,False
66,0.999177894357496,59.2,0.26,1.75,148,29,False
67,0.999177894357496,59.2,0.26,1.777027027027027,148,29,False
68,0.999177894357496,59.2,0.26,1.8918918918918919,148,29,False
69,0.999177894357496,59.2,0.26,1.9256756756756757,148,29,False
70,0.999177894357496,59.2,0.26,1.9256756756756757,148,29,False
71,0.999177894357496,59.2,0.26,1.912162162162162,148,29,False
72,0.999177894357496,59.2,0.26,1.9594594594594594,148,29,False
73,0.999177894357496,59.2,0.26,1.9324324324324325,148,29,False
74,0.9994213699160248,58.800000000000004,0.265,1.7755102040816326,147,29,False
75,0.9994213699160248,58.800000000000004,0.265,1.7346938775510203,147,29,False
76,0.9994213699160248,58.800000000000004,0.265,1.6666666666666667,147,29,False
77,0.9996246246113996,58.400000000000006,0.27,1.6027397260273972,146,29,False
78,0.9996141230803655,57.6,0.28,1.2847222222222223,144,29,False
79,0.9996141230803655,57.6,0.28,1.3333333333333333,144,29,False
80,0.9996141230803655,57.6,0.28,1.3611111111111112,144,29,False
81,0.9996141230803655,57.6,0.28,1.3333333333333333,144,29,False
82,0.99938853622097,57.2,0.285,1.2307692307692308,143,29,False
83,0.99938853622097,57.2,0.285,1.2167832167832169,143,29,False
84,0.9996031745875495,56.800000000000004,0.29,1.1338028169014085,142,29,False
85,0.9996031745875495,56.800000000000004,0.29,1.0633802816901408,142,29,False
86,0.9996031745875495,56.800000000000004,0.29,1.0140845070422535,142,29,False
87,0.9996031745875495,56.800000000000004,0.29,1.147887323943662,142,29,False
88,0.9996031745875495,56.800000000000004,0.29,1.2253521126760563,142,29,False
89,0.9996031745875495,56.800000000000004,0.29,1.2394366197183098,142,29,False
90,0.9997736276145306,56.400000000000006,0.295,1.1418439716312057,141,29,False
91,0.9997736276145306,56.400000000000006,0.295,1.1702127659574468,141,29,False
92,0.9997736276145306,56.400000000000006,0.295,1.177304964539007,141,29,False
93,0.9997736276145306,56.400000000000006,0.295,1.2056737588652482,141,29,False
94,0.9997736276145306,56.400000000000006,0.295,1.177304964539007,141,29,False
95,0.9997736276145306,56.400000000000006,0.295,1.2127659574468086,141,29,False
96,0.9997736276145306,56.400000000000006,0.295,1.070921985815603,141,29,False
97,0.9997736276145306,56.400000000000006,0.295,1.177304964539007,141,29,False
98,0.9997736276145306,56.400000000000006,0.295,1.2836879432624113,141,29,False
99,0.9997736276145306,56.400000000000006,0.295,1.2269503546099292,141,29,False
100,0.9997736276145306,56.400000000000006,0.295,1.2765957446808511,141,29,False
101,0.9997736276145306,56.400000000000006,0.295,1.2624113475177305,141,29,False
102,0.9997736276145306,56.400000000000006,0.295,1.2553191489361701,141,29,False
103,0.9997736276145306,56.400000000000006,0.295,1.3120567375886525,141,29,False
104,0.9997736276145306,56.400000000000006,0.295,1.2907801418439717,141,29,False
105,0.9997736276145306,56.400000000000006,0.295,1.375886524822695,141,29,False
106,0.9997736276145306,56.400000000000006,0.295,1.3475177304964538,141,29,False
107,0.9997736276145306,56.400000000000006,0.295,1.375886524822695,141,29,False
108,0.9997736276145306,56.400000000000006,0.295,1.4042553191489362,141,29,False
109,0.9997736276145306,56.400000000000006,0.295,1.3333333333333333,141,29,False
110,0.9997736276145306,56.400000000000006,0.295,1.4042553191489362,141,29,False
111,0.9997736276145306,56.400000000000006,0.295,1.3829787234042554,141,29,False
112,0.9997736276145306,56.400000000000006,0.295,1.50354609929078,141,29,False
113,0.9997736276145306,56.400000000000006,0.295,1.4326241134751774,141,29,False
114,0.999897953976978,56.0,0.3,1.2857142857142858,140,29,False
115,0.999897953976978,56.0,0.3,1.2714285714285714,140,29,False
116,0.999897953976978,56.0,0.3,1.3142857142857143,140,29,False
117,0.999897953976978,56.0,0.3,1.2285714285714286,140,29,False
118,0.999897953976978,56.0,0.3,1.1857142857142857,140,29,False
119,0.999897953976978,56.0,0.3,1.1214285714285714,140,29,False
120,0.999897953976978,56.0,0.3,1.1,140,29,False
121,0.999897953976978,56.0,0.3,1.1571428571428573,140,29,False
122,0.999897953976978,56.0,0.3,1.1428571428571428,140,29,False
123,0.999897953976978,56.0,0.3,1.1571428571428573,140,29,False
124,0.999897953976978,56.0,0.3,1.1428571428571428,140,29,False
125,0.999897953976978,56.0,0.3,1.1071428571428572,140,29,False
126,0.999897953976978,56.0,0.3,1.1571428571428573,140,29,False
127,0.999897953976978,56.0,0.3,1.1714285714285715,140,29,False
128,0.999897953976978,56.0,0.3,1.1571428571428573,140,29,False
129,0.999897953976978,56.0,0.3,1.1571428571428573,140,29,False
130,0.999897953976978,56.0,0.3,1.1714285714285715,140,29,False
131,0.999897953976978,56.0,0.3,1.2428571428571429,140,29,False
132,0.999897953976978,56.0,0.3,1.2142857142857142,140,29,False
133,0.999897953976978,56.0,0.3,1.292857142857143,140,29,False
134,0.999897953976978,56.0,0.3,1.2571428571428571,140,29,False
135,0.999897953976978,56.0,0.3,1.25,140,29,False
136,0.999897953976978,56.0,0.3,1.35,140,29,False
137,0.999897953976978,56.0,0.3,1.3428571428571427,140,29,False
138,0.999897953976978,56.0,0.3,1.2285714285714286,140,29,False
139,0.999897953976978,56.0,0.3,1.207142857142857,140,29,False
140,0.999897953976978,56.0,0.3,1.1785714285714286,140,29,False
141,0.999897953976978,56.0,0.3,1.2785714285714285,140,29,False
142,0.999897953976978,56.0,0.3,1.1928571428571428,140,29,False
143,0.999897953976978,56.0,0.3,1.2428571428571429,140,29,False
144,0.999897953976978,56.0,0.3,1.25,140,29,False
145,0.999897953976978,56.0,0.3,1.292857142857143,140,29,False
146,0.999897953976978,56.0,0.3,1.3357142857142856,140,29,False
147,0.999897953976978,56.0,0.3,1.3571428571428572,140,29,False
148,0.999897953976978,56.0,0.3,1.3285714285714285,140,29,False
149,0.999897953976978,56.0,0.3,1.2714285714285714,140,29,False
150,0.999897953976978,56.0,0.3,1.3357142857142856,140,29,False
151,0.999897953976978,56.0,0.3,1.4142857142857144,140,29,False
152,0.999897953976978,56.0,0.3,1.3928571428571428,140,29,False
153,0.999897953976978,56.0,0.3,1.3857142857142857,140,29,False
154,0.999897953976978,56.0,0.3,1.3714285714285714,140,29,False
155,0.999897953976978,56.0,0.3,1.4,140,29,False
156,0.999897953976978,56.0,0.3,1.3928571428571428,140,29,False
157,0.999897953976978,56.0,0.3,1.4928571428571429,140,29,False
158,0.999897953976978,56.0,0.3,1.4357142857142857,140,29,False
159,0.999767065671378,55.6,0.305,1.3597122302158273,139,29,False
160,0.999767065671378,55.6,0.305,1.3381294964028776,139,29,False
161,0.999767065671378,55.6,0.305,1.3525179856115108,139,29,False
162,0.999767065671378,55.6,0.305,1.4460431654676258,139,29,False
163,0.9995798319142251,55.2,0.31,1.2536231884057971,138,29,False
164,0.9995798319142251,55.2,0.31,1.2681159420289856,138,29,False
165,0.9995798319142251,55.2,0.31,1.2028985507246377,138,29,False
166,0.9995798319142251,55.2,0.31,1.2391304347826086,138,29,False
167,0.9997602142051926,54.800000000000004,0.315,1.167883211678832,137,29,False
168,0.999567380468613,54.400000000000006,0.32,1.088235294117647,136,29,False
169,0.999567380468613,54.400000000000006,0.32,1.1691176470588236,136,29,False
170,0.999567380468613,54.400000000000006,0.32,1.1691176470588236,136,29,False
171,0.999567380468613,54.400000000000006,0.32,1.2352941176470589,136,29,False
172,0.999567380468613,54.400000000000006,0.32,1.1838235294117647,136,29,False
173,0.999567380468613,54.400000000000006,0.32,1.2058823529411764,136,29,False
174,0.999567380468613,54.400000000000006,0.32,1.1838235294117647,136,29,False
175,0.999567380468613,54.400000000000006,0.32,1.2279411764705883,136,29,False
176,0.999567380468613,54.400000000000006,0.32,1.125,136,29,False
177,0.999567380468613,54.400000000000006,0.32,1.1911764705882353,136,29,False
178,0.999567380468613,54.400000000000006,0.32,1.1764705882352942,136,29,False
179,0.999567380468613,54.400000000000006,0.32,1.1985294117647058,136,29,False
180,0.9997530559290655,54.0,0.325,1.0814814814814815,135,29,False
181,0.9997530559290655,54.0,0.325,1.0814814814814815,135,29,False
182,0.9997530559290655,54.0,0.325,1.0666666666666667,135,29,False
183,0.9997530559290655,54.0,0.325,1.0888888888888888,135,29,False
184,0.9997530559290655,54.0,0.325,1.1407407407407408,135,29,False
185,0.9997530559290655,54.0,0.325,1.1407407407407408,135,29,False
186,0.9997530559290655,54.0,0.325,1.0962962962962963,135,29,False
187,0.9997530559290655,54.0,0.325,1.125925925925926,135,29,False
188,0.9997530559290655,54.0,0.325,1.0296296296296297,135,29,False
189,0.9997530559290655,54.0,0.325,1.0222222222222221,135,29,False
190,0.9997530559290655,54.0,0.325,1.0592592592592593,135,29,False
191,0.9997530559290655,54.0,0.325,1.0592592592592593,135,29,False
192,0.9997530559290655,54.0,0.325,1.125925925925926,135,29,False
193,0.9997530559290655,54.0,0.325,1.162962962962963,135,29,False
194,0.9997530559290655,54.0,0.325,1.2,135,29,False
195,0.9997530559290655,54.0,0.325,1.3185185185185184,135,29,False
196,0.9997530559290655,54.0,0.325,1.2518518518518518,135,29,False
197,0.9997530559290655,54.0,0.325,1.288888888888889,135,29,False
198,0.9997530559290655,54.0,0.325,1.288888888888889,135,29,False
199,0.9997530559290655,54.0,0.325,1.3185185185185184,135,29,False
200,0.9997530559290655,54.0,0.325,1.3037037037037038,135,29,False
